[0m10:26:03.373371 [debug] [MainThread]: Sending event: {'category': 'dbt', 'action': 'invocation', 'label': 'start', 'context': [<snowplow_tracker.self_describing_json.SelfDescribingJson object at 0x10b13dd30>, <snowplow_tracker.self_describing_json.SelfDescribingJson object at 0x10c6639d0>, <snowplow_tracker.self_describing_json.SelfDescribingJson object at 0x10c663890>]}


============================== 10:26:03.398357 | 90d54eb4-97bb-4806-beac-d3dce5115f21 ==============================
[0m10:26:03.398357 [info ] [MainThread]: Running with dbt=1.12.3
[0m10:26:03.398775 [debug] [MainThread]: running dbt with arguments {'warn_error_options': 'WarnErrorOptionsV2(error=[], warn=[], silence=[])', 'profiles_dir': 'projects/bodega', 'maximum_seed_size_mib': '1', 'no_print': 'None', 'write_json': 'True', 'empty': 'None', 'fail_fast': 'False', 'target_path': 'None', 'partial_parse': 'True', 'use_colors': 'True', 'invocation_command': 'dbt ', 'hints_enabled': 'True', 'send_anonymous_usage_stats': 'True', 'debug': 'False', 'log_path': 'projects/bodega/logs', 'warn_error': 'None', 'quiet': 'False', 'cache_selected_only': 'False', 'log_cache_events': 'False', 'indirect_selection': 'eager', 'version_check': 'True', 'introspect': 'True', 'printer_width': '80', 'log_format': 'default', 'static_parser': 'True', 'use_experimental_parser': 'False'}
[0m10:26:04.167137 [debug] [MainThread]: Sending event: {'category': 'dbt', 'action': 'project_id', 'label': '90d54eb4-97bb-4806-beac-d3dce5115f21', 'context': [<snowplow_tracker.self_describing_json.SelfDescribingJson object at 0x10b45de00>]}
[0m10:26:04.210393 [debug] [MainThread]: Sending event: {'category': 'dbt', 'action': 'adapter_info', 'label': '90d54eb4-97bb-4806-beac-d3dce5115f21', 'context': [<snowplow_tracker.self_describing_json.SelfDescribingJson object at 0x10c561d00>]}
[0m10:26:04.212819 [info ] [MainThread]: Registered adapter: duckdb=1.11.0
[0m10:26:04.276988 [debug] [MainThread]: checksum: 59a249011856ecdb0c0125045551a53b65cd388a4d7d6d24b99b9f67da16e401, vars: {}, profile: bodega, target: local, version: 1.12.3
[0m10:26:04.277776 [info ] [MainThread]: Unable to do partial parsing because saved manifest not found. Starting full parse.
[0m10:26:04.278018 [debug] [MainThread]: Sending event: {'category': 'dbt', 'action': 'partial_parser', 'label': '90d54eb4-97bb-4806-beac-d3dce5115f21', 'context': [<snowplow_tracker.self_describing_json.SelfDescribingJson object at 0x10cbe4950>]}
[0m10:26:05.269325 [debug] [MainThread]: Sending event: {'category': 'dbt', 'action': 'load_project', 'label': '90d54eb4-97bb-4806-beac-d3dce5115f21', 'context': [<snowplow_tracker.self_describing_json.SelfDescribingJson object at 0x10c8e35c0>]}
[0m10:26:05.271452 [info ] [MainThread]: Performance info: projects/bodega/target/perf_info.json
[0m10:26:05.332244 [debug] [MainThread]: Wrote artifact WritableManifest to projects/bodega/target/manifest.json
[0m10:26:05.334686 [debug] [MainThread]: Wrote artifact SemanticManifest to projects/bodega/target/semantic_manifest.json
[0m10:26:05.373911 [debug] [MainThread]: Wrote artifact OsiDocument to projects/bodega/target/osi_document.json
[0m10:26:05.374357 [debug] [MainThread]: Resource report: {"command_name": "parse", "command_success": true, "command_wall_clock_time": 2.1869464, "process_in_blocks": "0", "process_kernel_time": 0.801056, "process_mem_max_rss": "202211328", "process_out_blocks": "0", "process_user_time": 3.421189}
[0m10:26:05.374668 [debug] [MainThread]: Command `cli parse` succeeded at 10:26:05.374610 after 2.19 seconds
[0m10:26:05.374906 [debug] [MainThread]: Sending event: {'category': 'dbt', 'action': 'invocation', 'label': 'end', 'context': [<snowplow_tracker.self_describing_json.SelfDescribingJson object at 0x10c313e70>, <snowplow_tracker.self_describing_json.SelfDescribingJson object at 0x10ca4ea50>, <snowplow_tracker.self_describing_json.SelfDescribingJson object at 0x10d32f520>]}
[0m10:26:05.375123 [debug] [MainThread]: Flushing usage events
[0m10:26:05.938239 [debug] [MainThread]: An error was encountered while trying to flush usage events
[0m10:26:25.288972 [debug] [MainThread]: Sending event: {'category': 'dbt', 'action': 'invocation', 'label': 'start', 'context': [<snowplow_tracker.self_describing_json.SelfDescribingJson object at 0x10ca11e80>, <snowplow_tracker.self_describing_json.SelfDescribingJson object at 0x10de97750>, <snowplow_tracker.self_describing_json.SelfDescribingJson object at 0x10de97890>]}


============================== 10:26:25.292594 | 5660678c-deec-4b8a-9c19-cfbb9a862d56 ==============================
[0m10:26:25.292594 [info ] [MainThread]: Running with dbt=1.12.3
[0m10:26:25.292949 [debug] [MainThread]: running dbt with arguments {'log_path': 'projects/bodega/logs', 'use_experimental_parser': 'False', 'profiles_dir': 'projects/bodega', 'quiet': 'False', 'log_format': 'default', 'static_parser': 'True', 'warn_error': 'None', 'write_json': 'True', 'introspect': 'True', 'invocation_command': 'dbt ', 'send_anonymous_usage_stats': 'True', 'cache_selected_only': 'False', 'version_check': 'True', 'fail_fast': 'False', 'printer_width': '80', 'warn_error_options': 'WarnErrorOptionsV2(error=[], warn=[], silence=[])', 'hints_enabled': 'True', 'log_cache_events': 'False', 'debug': 'False', 'no_print': 'None', 'use_colors': 'True', 'empty': 'False', 'target_path': 'None', 'partial_parse': 'True', 'maximum_seed_size_mib': '1', 'indirect_selection': 'eager'}
[0m10:26:25.512410 [debug] [MainThread]: Sending event: {'category': 'dbt', 'action': 'project_id', 'label': '5660678c-deec-4b8a-9c19-cfbb9a862d56', 'context': [<snowplow_tracker.self_describing_json.SelfDescribingJson object at 0x10cd3e060>]}
[0m10:26:25.558161 [debug] [MainThread]: Sending event: {'category': 'dbt', 'action': 'adapter_info', 'label': '5660678c-deec-4b8a-9c19-cfbb9a862d56', 'context': [<snowplow_tracker.self_describing_json.SelfDescribingJson object at 0x10dff2be0>]}
[0m10:26:25.560345 [info ] [MainThread]: Registered adapter: duckdb=1.11.0
[0m10:26:25.626646 [debug] [MainThread]: checksum: 59a249011856ecdb0c0125045551a53b65cd388a4d7d6d24b99b9f67da16e401, vars: {}, profile: bodega, target: local, version: 1.12.3
[0m10:26:25.771898 [debug] [MainThread]: Partial parsing enabled: 0 files deleted, 0 files added, 0 files changed.
[0m10:26:25.772195 [debug] [MainThread]: Nothing changed, skipping partial parsing.
[0m10:26:25.772594 [debug] [MainThread]: Partial parsing enabled, no changes found, skipping parsing
[0m10:26:25.791057 [debug] [MainThread]: Sending event: {'category': 'dbt', 'action': 'load_project', 'label': '5660678c-deec-4b8a-9c19-cfbb9a862d56', 'context': [<snowplow_tracker.self_describing_json.SelfDescribingJson object at 0x10e477750>]}
[0m10:26:25.913041 [debug] [MainThread]: Wrote artifact WritableManifest to projects/bodega/target/manifest.json
[0m10:26:25.916340 [debug] [MainThread]: Wrote artifact SemanticManifest to projects/bodega/target/semantic_manifest.json
[0m10:26:25.930811 [debug] [MainThread]: Wrote artifact OsiDocument to projects/bodega/target/osi_document.json
[0m10:26:25.954228 [debug] [MainThread]: Sending event: {'category': 'dbt', 'action': 'resource_counts', 'label': '5660678c-deec-4b8a-9c19-cfbb9a862d56', 'context': [<snowplow_tracker.self_describing_json.SelfDescribingJson object at 0x10e64d310>]}
[0m10:26:25.954551 [info ] [MainThread]: Found 10 models, 14 data tests, 2 sources, 516 macros
[0m10:26:25.954735 [debug] [MainThread]: Sending event: {'category': 'dbt', 'action': 'runnable_timing', 'label': '5660678c-deec-4b8a-9c19-cfbb9a862d56', 'context': [<snowplow_tracker.self_describing_json.SelfDescribingJson object at 0x10e63ec10>]}
[0m10:26:25.955999 [info ] [MainThread]: 
[0m10:26:25.956638 [info ] [MainThread]: Concurrency: 4 threads (target='local')
[0m10:26:25.956841 [info ] [MainThread]: 
[0m10:26:25.957169 [debug] [MainThread]: Acquiring new duckdb connection 'master'
[0m10:26:25.960146 [debug] [ThreadPool]: Acquiring new duckdb connection 'list_gold_bodega'
[0m10:26:25.960558 [debug] [ThreadPool]: Acquiring new duckdb connection 'list_silver_bodega'
[0m10:26:26.019335 [debug] [ThreadPool]: Using duckdb connection "list_gold_bodega"
[0m10:26:26.019648 [debug] [ThreadPool]: Using duckdb connection "list_silver_bodega"
[0m10:26:26.019858 [debug] [ThreadPool]: On list_gold_bodega: BEGIN
[0m10:26:26.020062 [debug] [ThreadPool]: On list_silver_bodega: BEGIN
[0m10:26:26.020258 [debug] [ThreadPool]: Opening a new connection, currently in state init
[0m10:26:26.020518 [debug] [ThreadPool]: Opening a new connection, currently in state init
[0m10:26:26.028530 [debug] [ThreadPool]: DuckDB adapter: duckdb error: IO Error: Cannot open file "/private/tmp/duckdb/bronze.duckdb": No such file or directory
[0m10:26:26.028852 [debug] [ThreadPool]: DuckDB adapter: Error running SQL: BEGIN
[0m10:26:26.029012 [debug] [ThreadPool]: DuckDB adapter: Rolling back transaction.
[0m10:26:26.029165 [debug] [ThreadPool]: Opening a new connection, currently in state init
[0m10:26:26.031044 [debug] [ThreadPool]: DuckDB adapter: duckdb error: IO Error: Cannot open file "/private/tmp/duckdb/bronze.duckdb": No such file or directory
[0m10:26:26.031335 [debug] [ThreadPool]: DuckDB adapter: Error running SQL: BEGIN
[0m10:26:26.031501 [debug] [ThreadPool]: DuckDB adapter: Rolling back transaction.
[0m10:26:26.031656 [debug] [ThreadPool]: Opening a new connection, currently in state init
[0m10:26:26.033482 [debug] [ThreadPool]: DuckDB adapter: duckdb error: IO Error: Cannot open file "/private/tmp/duckdb/bronze.duckdb": No such file or directory
[0m10:26:26.033773 [debug] [ThreadPool]: DuckDB adapter: Error running SQL: macro list_relations_without_caching
[0m10:26:26.033950 [debug] [ThreadPool]: DuckDB adapter: Rolling back transaction.
[0m10:26:26.034088 [debug] [ThreadPool]: Opening a new connection, currently in state init
[0m10:26:26.036026 [debug] [ThreadPool]: DuckDB adapter: duckdb error: IO Error: Cannot open file "/private/tmp/duckdb/bronze.duckdb": No such file or directory
[0m10:26:26.036258 [debug] [ThreadPool]: DuckDB adapter: Error running SQL: macro list_relations_without_caching
[0m10:26:26.036499 [debug] [ThreadPool]: DuckDB adapter: Rolling back transaction.
[0m10:26:26.036705 [debug] [ThreadPool]: Opening a new connection, currently in state init
[0m10:26:26.040941 [debug] [MainThread]: Connection 'master' was properly closed.
[0m10:26:26.041158 [debug] [MainThread]: Connection 'list_gold_bodega' was properly closed.
[0m10:26:26.041297 [debug] [MainThread]: Connection 'list_silver_bodega' was properly closed.
[0m10:26:26.041548 [error] [MainThread]: [[31mERROR[0m]: Encountered an error:
IO Error: Cannot open file "/private/tmp/duckdb/bronze.duckdb": No such file or directory
[0m10:26:26.051506 [error] [MainThread]: Traceback (most recent call last):
  File "/Users/alvarosantosandres/personal/datahub-local-ai/workflows/dbt/.venv/lib/python3.13/site-packages/dbt/adapters/duckdb/connections.py", line 110, in exception_handler
    yield
  File "/Users/alvarosantosandres/personal/datahub-local-ai/workflows/dbt/.venv/lib/python3.13/site-packages/dbt/adapters/sql/connections.py", line 147, in add_query
    cursor = connection.handle.cursor()
             ^^^^^^^^^^^^^^^^^
  File "/Users/alvarosantosandres/personal/datahub-local-ai/workflows/dbt/.venv/lib/python3.13/site-packages/dbt/adapters/contracts/connection.py", line 96, in handle
    self._handle.resolve(self)
    ~~~~~~~~~~~~~~~~~~~~^^^^^^
  File "/Users/alvarosantosandres/personal/datahub-local-ai/workflows/dbt/.venv/lib/python3.13/site-packages/dbt/adapters/contracts/connection.py", line 120, in resolve
    return self.opener(connection)
           ~~~~~~~~~~~^^^^^^^^^^^^
  File "/Users/alvarosantosandres/personal/datahub-local-ai/workflows/dbt/.venv/lib/python3.13/site-packages/dbt/adapters/duckdb/connections.py", line 68, in open
    connection.handle = cls._ENV.handle()
                        ~~~~~~~~~~~~~~~^^
  File "/Users/alvarosantosandres/personal/datahub-local-ai/workflows/dbt/.venv/lib/python3.13/site-packages/dbt/adapters/duckdb/environments/local.py", line 79, in handle
    self.conn = self.initialize_db(self.creds, self._plugins)
                ~~~~~~~~~~~~~~~~~~^^^^^^^^^^^^^^^^^^^^^^^^^^^
  File "/Users/alvarosantosandres/personal/datahub-local-ai/workflows/dbt/.venv/lib/python3.13/site-packages/dbt/adapters/duckdb/environments/__init__.py", line 164, in initialize_db
    conn = duckdb.connect(creds.path, read_only=False, config=config)
_duckdb.IOException: IO Error: Cannot open file "/private/tmp/duckdb/bronze.duckdb": No such file or directory

During handling of the above exception, another exception occurred:

Traceback (most recent call last):
  File "/Users/alvarosantosandres/personal/datahub-local-ai/workflows/dbt/.venv/lib/python3.13/site-packages/dbt/adapters/duckdb/connections.py", line 110, in exception_handler
    yield
  File "/Users/alvarosantosandres/personal/datahub-local-ai/workflows/dbt/.venv/lib/python3.13/site-packages/dbt/adapters/base/impl.py", line 1372, in execute_macro
    result = macro_function(**kwargs)
  File "/Users/alvarosantosandres/personal/datahub-local-ai/workflows/dbt/.venv/lib/python3.13/site-packages/dbt_common/clients/jinja.py", line 427, in __call__
    return self.call_macro(*args, **kwargs)
           ~~~~~~~~~~~~~~~^^^^^^^^^^^^^^^^^
  File "/Users/alvarosantosandres/personal/datahub-local-ai/workflows/dbt/.venv/lib/python3.13/site-packages/dbt_common/clients/jinja.py", line 395, in call_macro
    return macro(*args, **kwargs)
  File "/Users/alvarosantosandres/personal/datahub-local-ai/workflows/dbt/.venv/lib/python3.13/site-packages/jinja2/runtime.py", line 770, in __call__
    return self._invoke(arguments, autoescape)
           ~~~~~~~~~~~~^^^^^^^^^^^^^^^^^^^^^^^
  File "/Users/alvarosantosandres/personal/datahub-local-ai/workflows/dbt/.venv/lib/python3.13/site-packages/jinja2/runtime.py", line 784, in _invoke
    rv = self._func(*arguments)
  File "<template>", line 21, in macro
  File "/Users/alvarosantosandres/personal/datahub-local-ai/workflows/dbt/.venv/lib/python3.13/site-packages/jinja2/sandbox.py", line 401, in call
    return __context.call(__obj, *args, **kwargs)
           ~~~~~~~~~~~~~~^^^^^^^^^^^^^^^^^^^^^^^^
  File "/Users/alvarosantosandres/personal/datahub-local-ai/workflows/dbt/.venv/lib/python3.13/site-packages/jinja2/runtime.py", line 303, in call
    return __obj(*args, **kwargs)
  File "/Users/alvarosantosandres/personal/datahub-local-ai/workflows/dbt/.venv/lib/python3.13/site-packages/dbt/clients/jinja.py", line 151, in __call__
    return self.call_macro(*args, **kwargs)
           ~~~~~~~~~~~~~~~^^^^^^^^^^^^^^^^^
  File "/Users/alvarosantosandres/personal/datahub-local-ai/workflows/dbt/.venv/lib/python3.13/site-packages/dbt_common/clients/jinja.py", line 395, in call_macro
    return macro(*args, **kwargs)
  File "/Users/alvarosantosandres/personal/datahub-local-ai/workflows/dbt/.venv/lib/python3.13/site-packages/jinja2/runtime.py", line 770, in __call__
    return self._invoke(arguments, autoescape)
           ~~~~~~~~~~~~^^^^^^^^^^^^^^^^^^^^^^^
  File "/Users/alvarosantosandres/personal/datahub-local-ai/workflows/dbt/.venv/lib/python3.13/site-packages/jinja2/runtime.py", line 784, in _invoke
    rv = self._func(*arguments)
  File "<template>", line 43, in macro
  File "/Users/alvarosantosandres/personal/datahub-local-ai/workflows/dbt/.venv/lib/python3.13/site-packages/jinja2/sandbox.py", line 401, in call
    return __context.call(__obj, *args, **kwargs)
           ~~~~~~~~~~~~~~^^^^^^^^^^^^^^^^^^^^^^^^
  File "/Users/alvarosantosandres/personal/datahub-local-ai/workflows/dbt/.venv/lib/python3.13/site-packages/jinja2/runtime.py", line 303, in call
    return __obj(*args, **kwargs)
  File "/Users/alvarosantosandres/personal/datahub-local-ai/workflows/dbt/.venv/lib/python3.13/site-packages/dbt/clients/jinja.py", line 151, in __call__
    return self.call_macro(*args, **kwargs)
           ~~~~~~~~~~~~~~~^^^^^^^^^^^^^^^^^
  File "/Users/alvarosantosandres/personal/datahub-local-ai/workflows/dbt/.venv/lib/python3.13/site-packages/dbt_common/clients/jinja.py", line 395, in call_macro
    return macro(*args, **kwargs)
  File "/Users/alvarosantosandres/personal/datahub-local-ai/workflows/dbt/.venv/lib/python3.13/site-packages/jinja2/runtime.py", line 770, in __call__
    return self._invoke(arguments, autoescape)
           ~~~~~~~~~~~~^^^^^^^^^^^^^^^^^^^^^^^
  File "/Users/alvarosantosandres/personal/datahub-local-ai/workflows/dbt/.venv/lib/python3.13/site-packages/jinja2/runtime.py", line 784, in _invoke
    rv = self._func(*arguments)
  File "<template>", line 52, in macro
  File "/Users/alvarosantosandres/personal/datahub-local-ai/workflows/dbt/.venv/lib/python3.13/site-packages/jinja2/sandbox.py", line 401, in call
    return __context.call(__obj, *args, **kwargs)
           ~~~~~~~~~~~~~~^^^^^^^^^^^^^^^^^^^^^^^^
  File "/Users/alvarosantosandres/personal/datahub-local-ai/workflows/dbt/.venv/lib/python3.13/site-packages/jinja2/runtime.py", line 303, in call
    return __obj(*args, **kwargs)
  File "/Users/alvarosantosandres/personal/datahub-local-ai/workflows/dbt/.venv/lib/python3.13/site-packages/dbt_common/record.py", line 538, in record_replay_wrapper
    return func_to_record(*call_args, **kwargs)
  File "/Users/alvarosantosandres/personal/datahub-local-ai/workflows/dbt/.venv/lib/python3.13/site-packages/dbt/adapters/base/impl.py", line 523, in execute
    return self.connections.execute(sql=sql, auto_begin=auto_begin, fetch=fetch, limit=limit)
           ~~~~~~~~~~~~~~~~~~~~~~~~^^^^^^^^^^^^^^^^^^^^^^^^^^^^^^^^^^^^^^^^^^^^^^^^^^^^^^^^^^
  File "/Users/alvarosantosandres/personal/datahub-local-ai/workflows/dbt/.venv/lib/python3.13/site-packages/dbt/adapters/duckdb/connections.py", line 145, in execute
    return super().execute(sql, auto_begin, fetch, limit)
           ~~~~~~~~~~~~~~~^^^^^^^^^^^^^^^^^^^^^^^^^^^^^^^
  File "/Users/alvarosantosandres/personal/datahub-local-ai/workflows/dbt/.venv/lib/python3.13/site-packages/dbt/adapters/sql/connections.py", line 219, in execute
    _, cursor = self.add_query(sql, auto_begin)
                ~~~~~~~~~~~~~~^^^^^^^^^^^^^^^^^
  File "/Users/alvarosantosandres/personal/datahub-local-ai/workflows/dbt/.venv/lib/python3.13/site-packages/dbt/adapters/sql/connections.py", line 122, in add_query
    self.begin()
    ~~~~~~~~~~^^
  File "/Users/alvarosantosandres/personal/datahub-local-ai/workflows/dbt/.venv/lib/python3.13/site-packages/dbt/adapters/sql/connections.py", line 245, in begin
    self.add_begin_query()
    ~~~~~~~~~~~~~~~~~~~~^^
  File "/Users/alvarosantosandres/personal/datahub-local-ai/workflows/dbt/.venv/lib/python3.13/site-packages/dbt/adapters/sql/connections.py", line 228, in add_begin_query
    return self.add_query("BEGIN", auto_begin=False)
           ~~~~~~~~~~~~~~^^^^^^^^^^^^^^^^^^^^^^^^^^^
  File "/Users/alvarosantosandres/personal/datahub-local-ai/workflows/dbt/.venv/lib/python3.13/site-packages/dbt/adapters/sql/connections.py", line 131, in add_query
    with self.exception_handler(sql):
         ~~~~~~~~~~~~~~~~~~~~~~^^^^^
  File "/Users/alvarosantosandres/.local/share/uv/python/cpython-3.13.11-macos-aarch64-none/lib/python3.13/contextlib.py", line 162, in __exit__
    self.gen.throw(value)
    ~~~~~~~~~~~~~~^^^^^^^
  File "/Users/alvarosantosandres/personal/datahub-local-ai/workflows/dbt/.venv/lib/python3.13/site-packages/dbt/adapters/duckdb/connections.py", line 117, in exception_handler
    self.rollback_if_open()
    ~~~~~~~~~~~~~~~~~~~~~^^
  File "/Users/alvarosantosandres/personal/datahub-local-ai/workflows/dbt/.venv/lib/python3.13/site-packages/dbt/adapters/base/connections.py", line 125, in rollback_if_open
    if conn is not None and conn.handle and conn.transaction_open:
                            ^^^^^^^^^^^
  File "/Users/alvarosantosandres/personal/datahub-local-ai/workflows/dbt/.venv/lib/python3.13/site-packages/dbt/adapters/contracts/connection.py", line 96, in handle
    self._handle.resolve(self)
    ~~~~~~~~~~~~~~~~~~~~^^^^^^
  File "/Users/alvarosantosandres/personal/datahub-local-ai/workflows/dbt/.venv/lib/python3.13/site-packages/dbt/adapters/contracts/connection.py", line 120, in resolve
    return self.opener(connection)
           ~~~~~~~~~~~^^^^^^^^^^^^
  File "/Users/alvarosantosandres/personal/datahub-local-ai/workflows/dbt/.venv/lib/python3.13/site-packages/dbt/adapters/duckdb/connections.py", line 68, in open
    connection.handle = cls._ENV.handle()
                        ~~~~~~~~~~~~~~~^^
  File "/Users/alvarosantosandres/personal/datahub-local-ai/workflows/dbt/.venv/lib/python3.13/site-packages/dbt/adapters/duckdb/environments/local.py", line 79, in handle
    self.conn = self.initialize_db(self.creds, self._plugins)
                ~~~~~~~~~~~~~~~~~~^^^^^^^^^^^^^^^^^^^^^^^^^^^
  File "/Users/alvarosantosandres/personal/datahub-local-ai/workflows/dbt/.venv/lib/python3.13/site-packages/dbt/adapters/duckdb/environments/__init__.py", line 164, in initialize_db
    conn = duckdb.connect(creds.path, read_only=False, config=config)
_duckdb.IOException: IO Error: Cannot open file "/private/tmp/duckdb/bronze.duckdb": No such file or directory

During handling of the above exception, another exception occurred:

Traceback (most recent call last):
  File "/Users/alvarosantosandres/personal/datahub-local-ai/workflows/dbt/.venv/lib/python3.13/site-packages/dbt/cli/requires.py", line 198, in wrapper
    result, success = func(*args, **kwargs)
                      ~~~~^^^^^^^^^^^^^^^^^
  File "/Users/alvarosantosandres/personal/datahub-local-ai/workflows/dbt/.venv/lib/python3.13/site-packages/dbt/cli/requires.py", line 144, in wrapper
    return func(*args, **kwargs)
  File "/Users/alvarosantosandres/personal/datahub-local-ai/workflows/dbt/.venv/lib/python3.13/site-packages/dbt/cli/requires.py", line 295, in wrapper
    return func(*args, **kwargs)
  File "/Users/alvarosantosandres/personal/datahub-local-ai/workflows/dbt/.venv/lib/python3.13/site-packages/dbt/cli/requires.py", line 340, in wrapper
    return func(*args, **kwargs)
  File "/Users/alvarosantosandres/personal/datahub-local-ai/workflows/dbt/.venv/lib/python3.13/site-packages/dbt/cli/requires.py", line 387, in wrapper
    return func(*args, **kwargs)
  File "/Users/alvarosantosandres/personal/datahub-local-ai/workflows/dbt/.venv/lib/python3.13/site-packages/dbt/cli/requires.py", line 404, in wrapper
    return func(*args, **kwargs)
  File "/Users/alvarosantosandres/personal/datahub-local-ai/workflows/dbt/.venv/lib/python3.13/site-packages/dbt/cli/main.py", line 365, in compile
    results = task.run()
  File "/Users/alvarosantosandres/personal/datahub-local-ai/workflows/dbt/.venv/lib/python3.13/site-packages/dbt/task/runnable.py", line 775, in run
    result = self.execute_with_hooks(selected_uids)
  File "/Users/alvarosantosandres/personal/datahub-local-ai/workflows/dbt/.venv/lib/python3.13/site-packages/dbt/task/runnable.py", line 701, in execute_with_hooks
    before_run_status = self.before_run(adapter, selected_uids)
  File "/Users/alvarosantosandres/personal/datahub-local-ai/workflows/dbt/.venv/lib/python3.13/site-packages/dbt/task/runnable.py", line 677, in before_run
    self.populate_adapter_cache(adapter)
    ~~~~~~~~~~~~~~~~~~~~~~~~~~~^^^^^^^^^
  File "/Users/alvarosantosandres/personal/datahub-local-ai/workflows/dbt/.venv/lib/python3.13/site-packages/dbt/task/runnable.py", line 666, in populate_adapter_cache
    adapter.set_relations_cache(cachable_nodes)
    ~~~~~~~~~~~~~~~~~~~~~~~~~~~^^^^^^^^^^^^^^^^
  File "/Users/alvarosantosandres/personal/datahub-local-ai/workflows/dbt/.venv/lib/python3.13/site-packages/dbt/adapters/base/impl.py", line 703, in set_relations_cache
    self._relations_cache_for_schemas(relation_configs, required_schemas)
    ~~~~~~~~~~~~~~~~~~~~~~~~~~~~~~~~~^^^^^^^^^^^^^^^^^^^^^^^^^^^^^^^^^^^^
  File "/Users/alvarosantosandres/personal/datahub-local-ai/workflows/dbt/.venv/lib/python3.13/site-packages/dbt/adapters/base/impl.py", line 679, in _relations_cache_for_schemas
    for relation in future.result():
                    ~~~~~~~~~~~~~^^
  File "/Users/alvarosantosandres/.local/share/uv/python/cpython-3.13.11-macos-aarch64-none/lib/python3.13/concurrent/futures/_base.py", line 449, in result
    return self.__get_result()
           ~~~~~~~~~~~~~~~~~^^
  File "/Users/alvarosantosandres/.local/share/uv/python/cpython-3.13.11-macos-aarch64-none/lib/python3.13/concurrent/futures/_base.py", line 401, in __get_result
    raise self._exception
  File "/Users/alvarosantosandres/.local/share/uv/python/cpython-3.13.11-macos-aarch64-none/lib/python3.13/concurrent/futures/thread.py", line 59, in run
    result = self.fn(*self.args, **self.kwargs)
  File "/Users/alvarosantosandres/personal/datahub-local-ai/workflows/dbt/.venv/lib/python3.13/site-packages/dbt_common/utils/executor.py", line 20, in connected
    return func(*args, **kwargs)
  File "/Users/alvarosantosandres/personal/datahub-local-ai/workflows/dbt/.venv/lib/python3.13/site-packages/dbt/adapters/sql/impl.py", line 194, in list_relations_without_caching
    results = self.execute_macro(LIST_RELATIONS_MACRO_NAME, kwargs=kwargs)
  File "/Users/alvarosantosandres/personal/datahub-local-ai/workflows/dbt/.venv/lib/python3.13/site-packages/dbt/adapters/base/impl.py", line 1371, in execute_macro
    with self.connections.exception_handler(f"macro {macro_name}"):
         ~~~~~~~~~~~~~~~~~~~~~~~~~~~~~~~~~~^^^^^^^^^^^^^^^^^^^^^^^
  File "/Users/alvarosantosandres/.local/share/uv/python/cpython-3.13.11-macos-aarch64-none/lib/python3.13/contextlib.py", line 162, in __exit__
    self.gen.throw(value)
    ~~~~~~~~~~~~~~^^^^^^^
  File "/Users/alvarosantosandres/personal/datahub-local-ai/workflows/dbt/.venv/lib/python3.13/site-packages/dbt/adapters/duckdb/connections.py", line 117, in exception_handler
    self.rollback_if_open()
    ~~~~~~~~~~~~~~~~~~~~~^^
  File "/Users/alvarosantosandres/personal/datahub-local-ai/workflows/dbt/.venv/lib/python3.13/site-packages/dbt/adapters/base/connections.py", line 125, in rollback_if_open
    if conn is not None and conn.handle and conn.transaction_open:
                            ^^^^^^^^^^^
  File "/Users/alvarosantosandres/personal/datahub-local-ai/workflows/dbt/.venv/lib/python3.13/site-packages/dbt/adapters/contracts/connection.py", line 96, in handle
    self._handle.resolve(self)
    ~~~~~~~~~~~~~~~~~~~~^^^^^^
  File "/Users/alvarosantosandres/personal/datahub-local-ai/workflows/dbt/.venv/lib/python3.13/site-packages/dbt/adapters/contracts/connection.py", line 120, in resolve
    return self.opener(connection)
           ~~~~~~~~~~~^^^^^^^^^^^^
  File "/Users/alvarosantosandres/personal/datahub-local-ai/workflows/dbt/.venv/lib/python3.13/site-packages/dbt/adapters/duckdb/connections.py", line 68, in open
    connection.handle = cls._ENV.handle()
                        ~~~~~~~~~~~~~~~^^
  File "/Users/alvarosantosandres/personal/datahub-local-ai/workflows/dbt/.venv/lib/python3.13/site-packages/dbt/adapters/duckdb/environments/local.py", line 79, in handle
    self.conn = self.initialize_db(self.creds, self._plugins)
                ~~~~~~~~~~~~~~~~~~^^^^^^^^^^^^^^^^^^^^^^^^^^^
  File "/Users/alvarosantosandres/personal/datahub-local-ai/workflows/dbt/.venv/lib/python3.13/site-packages/dbt/adapters/duckdb/environments/__init__.py", line 164, in initialize_db
    conn = duckdb.connect(creds.path, read_only=False, config=config)
_duckdb.IOException: IO Error: Cannot open file "/private/tmp/duckdb/bronze.duckdb": No such file or directory

[0m10:26:26.052461 [debug] [MainThread]: Resource report: {"command_name": "compile", "command_success": false, "command_wall_clock_time": 0.86203444, "process_in_blocks": "0", "process_kernel_time": 0.370833, "process_mem_max_rss": "160382976", "process_out_blocks": "0", "process_user_time": 1.396942}
[0m10:26:26.052739 [debug] [MainThread]: Command `cli compile` failed at 10:26:26.052689 after 0.86 seconds
[0m10:26:26.052956 [debug] [MainThread]: Sending event: {'category': 'dbt', 'action': 'invocation', 'label': 'end', 'context': [<snowplow_tracker.self_describing_json.SelfDescribingJson object at 0x10e8a1a50>, <snowplow_tracker.self_describing_json.SelfDescribingJson object at 0x10de37590>, <snowplow_tracker.self_describing_json.SelfDescribingJson object at 0x10e8a9190>]}
[0m10:26:26.053153 [debug] [MainThread]: Flushing usage events
[0m10:26:26.570222 [debug] [MainThread]: An error was encountered while trying to flush usage events
[0m10:29:05.286661 [debug] [MainThread]: Sending event: {'category': 'dbt', 'action': 'invocation', 'label': 'start', 'context': [<snowplow_tracker.self_describing_json.SelfDescribingJson object at 0x108a7dd30>, <snowplow_tracker.self_describing_json.SelfDescribingJson object at 0x109f8b610>, <snowplow_tracker.self_describing_json.SelfDescribingJson object at 0x109f8b890>]}


============================== 10:29:05.310675 | 6e2f5391-3d73-4e19-b7ab-0a883168e671 ==============================
[0m10:29:05.310675 [info ] [MainThread]: Running with dbt=1.12.3
[0m10:29:05.311131 [debug] [MainThread]: running dbt with arguments {'warn_error_options': 'WarnErrorOptionsV2(error=[], warn=[], silence=[])', 'printer_width': '80', 'log_cache_events': 'False', 'invocation_command': 'dbt ', 'maximum_seed_size_mib': '1', 'fail_fast': 'False', 'warn_error': 'None', 'target_path': 'None', 'debug': 'False', 'introspect': 'True', 'use_experimental_parser': 'False', 'hints_enabled': 'True', 'static_parser': 'True', 'use_colors': 'True', 'profiles_dir': 'projects/bodega', 'log_format': 'default', 'partial_parse': 'True', 'no_print': 'None', 'log_path': 'projects/bodega/logs', 'empty': 'None', 'cache_selected_only': 'False', 'quiet': 'False', 'send_anonymous_usage_stats': 'True', 'indirect_selection': 'eager', 'version_check': 'True', 'write_json': 'True'}
[0m10:29:06.215290 [debug] [MainThread]: Sending event: {'category': 'dbt', 'action': 'project_id', 'label': '6e2f5391-3d73-4e19-b7ab-0a883168e671', 'context': [<snowplow_tracker.self_describing_json.SelfDescribingJson object at 0x108dc1cd0>]}
[0m10:29:06.260511 [debug] [MainThread]: Sending event: {'category': 'dbt', 'action': 'adapter_info', 'label': '6e2f5391-3d73-4e19-b7ab-0a883168e671', 'context': [<snowplow_tracker.self_describing_json.SelfDescribingJson object at 0x109e91bf0>]}
[0m10:29:06.262976 [info ] [MainThread]: Registered adapter: duckdb=1.11.0
[0m10:29:06.325597 [debug] [MainThread]: checksum: 59a249011856ecdb0c0125045551a53b65cd388a4d7d6d24b99b9f67da16e401, vars: {}, profile: bodega, target: local, version: 1.12.3
[0m10:29:06.467663 [debug] [MainThread]: Partial parsing enabled: 0 files deleted, 0 files added, 1 files changed.
[0m10:29:06.468336 [debug] [MainThread]: Partial parsing: updated file: bodega://models/schema.yml
[0m10:29:06.992831 [debug] [MainThread]: Sending event: {'category': 'dbt', 'action': 'load_project', 'label': '6e2f5391-3d73-4e19-b7ab-0a883168e671', 'context': [<snowplow_tracker.self_describing_json.SelfDescribingJson object at 0x10a84a750>]}
[0m10:29:06.995824 [info ] [MainThread]: Performance info: projects/bodega/target/perf_info.json
[0m10:29:07.067800 [debug] [MainThread]: Wrote artifact WritableManifest to projects/bodega/target/manifest.json
[0m10:29:07.071020 [debug] [MainThread]: Wrote artifact SemanticManifest to projects/bodega/target/semantic_manifest.json
[0m10:29:07.148519 [debug] [MainThread]: Wrote artifact OsiDocument to projects/bodega/target/osi_document.json
[0m10:29:07.148990 [debug] [MainThread]: Resource report: {"command_name": "parse", "command_success": true, "command_wall_clock_time": 1.9808502, "process_in_blocks": "0", "process_kernel_time": 0.737445, "process_mem_max_rss": "201736192", "process_out_blocks": "0", "process_user_time": 2.93857}
[0m10:29:07.149270 [debug] [MainThread]: Command `cli parse` succeeded at 10:29:07.149220 after 1.98 seconds
[0m10:29:07.149487 [debug] [MainThread]: Sending event: {'category': 'dbt', 'action': 'invocation', 'label': 'end', 'context': [<snowplow_tracker.self_describing_json.SelfDescribingJson object at 0x10a55a990>, <snowplow_tracker.self_describing_json.SelfDescribingJson object at 0x10a237110>, <snowplow_tracker.self_describing_json.SelfDescribingJson object at 0x10a17be70>]}
[0m10:29:07.149697 [debug] [MainThread]: Flushing usage events
[0m10:29:07.745618 [debug] [MainThread]: An error was encountered while trying to flush usage events
[0m10:33:51.325144 [debug] [MainThread]: Sending event: {'category': 'dbt', 'action': 'invocation', 'label': 'start', 'context': [<snowplow_tracker.self_describing_json.SelfDescribingJson object at 0x10cc5a660>, <snowplow_tracker.self_describing_json.SelfDescribingJson object at 0x10e0ab9d0>, <snowplow_tracker.self_describing_json.SelfDescribingJson object at 0x10e0ab890>]}


============================== 10:33:51.329614 | 8447c616-a42b-419e-bc9e-17fcf975bbd0 ==============================
[0m10:33:51.329614 [info ] [MainThread]: Running with dbt=1.12.3
[0m10:33:51.330050 [debug] [MainThread]: running dbt with arguments {'profiles_dir': '/Users/alvarosantosandres/personal/datahub-local-ai/workflows/dbt/projects/bodega', 'version_check': 'True', 'cache_selected_only': 'False', 'warn_error_options': 'WarnErrorOptionsV2(error=[], warn=[], silence=[])', 'target_path': 'None', 'no_print': 'None', 'write_json': 'True', 'warn_error': 'None', 'quiet': 'False', 'debug': 'False', 'hints_enabled': 'True', 'introspect': 'True', 'log_cache_events': 'False', 'empty': 'None', 'invocation_command': 'dbt ', 'static_parser': 'True', 'fail_fast': 'False', 'printer_width': '80', 'send_anonymous_usage_stats': 'True', 'partial_parse': 'True', 'indirect_selection': 'eager', 'log_format': 'default', 'use_experimental_parser': 'False', 'maximum_seed_size_mib': '1', 'log_path': '/Users/alvarosantosandres/personal/datahub-local-ai/workflows/dbt/projects/bodega/logs', 'use_colors': 'True'}
[0m10:33:51.556690 [debug] [MainThread]: Sending event: {'category': 'dbt', 'action': 'project_id', 'label': '8447c616-a42b-419e-bc9e-17fcf975bbd0', 'context': [<snowplow_tracker.self_describing_json.SelfDescribingJson object at 0x10cf675c0>]}
[0m10:33:51.606250 [debug] [MainThread]: Sending event: {'category': 'dbt', 'action': 'adapter_info', 'label': '8447c616-a42b-419e-bc9e-17fcf975bbd0', 'context': [<snowplow_tracker.self_describing_json.SelfDescribingJson object at 0x10e317130>]}
[0m10:33:51.608516 [info ] [MainThread]: Registered adapter: duckdb=1.11.0
[0m10:33:51.671935 [debug] [MainThread]: checksum: 59a249011856ecdb0c0125045551a53b65cd388a4d7d6d24b99b9f67da16e401, vars: {}, profile: bodega, target: local, version: 1.12.3
[0m10:33:51.816888 [debug] [MainThread]: Partial parsing enabled: 0 files deleted, 0 files added, 0 files changed.
[0m10:33:51.817215 [debug] [MainThread]: Nothing changed, skipping partial parsing.
[0m10:33:51.817389 [debug] [MainThread]: Partial parsing enabled, no changes found, skipping parsing
[0m10:33:51.825828 [debug] [MainThread]: Sending event: {'category': 'dbt', 'action': 'load_project', 'label': '8447c616-a42b-419e-bc9e-17fcf975bbd0', 'context': [<snowplow_tracker.self_describing_json.SelfDescribingJson object at 0x10e76a350>]}
[0m10:33:51.830728 [info ] [MainThread]: Performance info: /Users/alvarosantosandres/personal/datahub-local-ai/workflows/dbt/projects/bodega/target/perf_info.json
[0m10:33:51.907942 [debug] [MainThread]: Wrote artifact WritableManifest to /Users/alvarosantosandres/personal/datahub-local-ai/workflows/dbt/projects/bodega/target/manifest.json
[0m10:33:51.910207 [debug] [MainThread]: Wrote artifact SemanticManifest to /Users/alvarosantosandres/personal/datahub-local-ai/workflows/dbt/projects/bodega/target/semantic_manifest.json
[0m10:33:51.925040 [debug] [MainThread]: Wrote artifact OsiDocument to /Users/alvarosantosandres/personal/datahub-local-ai/workflows/dbt/projects/bodega/target/osi_document.json
[0m10:33:51.925523 [debug] [MainThread]: Resource report: {"command_name": "parse", "command_success": true, "command_wall_clock_time": 0.7401586, "process_in_blocks": "0", "process_kernel_time": 0.338048, "process_mem_max_rss": "154648576", "process_out_blocks": "0", "process_user_time": 1.312382}
[0m10:33:51.925912 [debug] [MainThread]: Command `cli parse` succeeded at 10:33:51.925816 after 0.74 seconds
[0m10:33:51.926155 [debug] [MainThread]: Sending event: {'category': 'dbt', 'action': 'invocation', 'label': 'end', 'context': [<snowplow_tracker.self_describing_json.SelfDescribingJson object at 0x10e4d4410>, <snowplow_tracker.self_describing_json.SelfDescribingJson object at 0x10e666a80>, <snowplow_tracker.self_describing_json.SelfDescribingJson object at 0x10e053e70>]}
[0m10:33:51.926377 [debug] [MainThread]: Flushing usage events
[0m10:33:52.539747 [debug] [MainThread]: An error was encountered while trying to flush usage events
[0m10:34:02.137939 [debug] [MainThread]: Sending event: {'category': 'dbt', 'action': 'invocation', 'label': 'start', 'context': [<snowplow_tracker.self_describing_json.SelfDescribingJson object at 0x10d3ee660>, <snowplow_tracker.self_describing_json.SelfDescribingJson object at 0x10e83f9d0>, <snowplow_tracker.self_describing_json.SelfDescribingJson object at 0x10e83f890>]}


============================== 10:34:02.141915 | 8258465b-7cff-43c4-aae5-29a533b4c179 ==============================
[0m10:34:02.141915 [info ] [MainThread]: Running with dbt=1.12.3
[0m10:34:02.142288 [debug] [MainThread]: running dbt with arguments {'invocation_command': 'dbt ', 'hints_enabled': 'True', 'introspect': 'True', 'indirect_selection': 'eager', 'cache_selected_only': 'False', 'printer_width': '80', 'send_anonymous_usage_stats': 'True', 'write_json': 'True', 'empty': 'None', 'warn_error': 'None', 'no_print': 'None', 'static_parser': 'True', 'warn_error_options': 'WarnErrorOptionsV2(error=[], warn=[], silence=[])', 'profiles_dir': '/Users/alvarosantosandres/personal/datahub-local-ai/workflows/dbt/projects/bodega', 'log_cache_events': 'False', 'partial_parse': 'True', 'use_colors': 'True', 'maximum_seed_size_mib': '1', 'log_format': 'default', 'use_experimental_parser': 'False', 'log_path': '/Users/alvarosantosandres/personal/datahub-local-ai/workflows/dbt/projects/bodega/logs', 'version_check': 'True', 'quiet': 'False', 'debug': 'False', 'target_path': 'None', 'fail_fast': 'False'}
[0m10:34:02.290628 [debug] [MainThread]: Sending event: {'category': 'dbt', 'action': 'project_id', 'label': '8258465b-7cff-43c4-aae5-29a533b4c179', 'context': [<snowplow_tracker.self_describing_json.SelfDescribingJson object at 0x10d6fb5c0>]}
[0m10:34:02.335431 [debug] [MainThread]: Sending event: {'category': 'dbt', 'action': 'adapter_info', 'label': '8258465b-7cff-43c4-aae5-29a533b4c179', 'context': [<snowplow_tracker.self_describing_json.SelfDescribingJson object at 0x10eaa7130>]}
[0m10:34:02.337751 [info ] [MainThread]: Registered adapter: duckdb=1.11.0
[0m10:34:02.396020 [debug] [MainThread]: checksum: 59a249011856ecdb0c0125045551a53b65cd388a4d7d6d24b99b9f67da16e401, vars: {}, profile: bodega, target: local, version: 1.12.3
[0m10:34:02.526146 [debug] [MainThread]: Partial parsing enabled: 0 files deleted, 0 files added, 1 files changed.
[0m10:34:02.526690 [debug] [MainThread]: Partial parsing: updated file: bodega://models/schema.yml
[0m10:34:02.899046 [debug] [MainThread]: Sending event: {'category': 'dbt', 'action': 'load_project', 'label': '8258465b-7cff-43c4-aae5-29a533b4c179', 'context': [<snowplow_tracker.self_describing_json.SelfDescribingJson object at 0x10eefde50>]}
[0m10:34:02.901152 [info ] [MainThread]: Performance info: /Users/alvarosantosandres/personal/datahub-local-ai/workflows/dbt/projects/bodega/target/perf_info.json
[0m10:34:02.958472 [debug] [MainThread]: Wrote artifact WritableManifest to /Users/alvarosantosandres/personal/datahub-local-ai/workflows/dbt/projects/bodega/target/manifest.json
[0m10:34:02.960771 [debug] [MainThread]: Wrote artifact SemanticManifest to /Users/alvarosantosandres/personal/datahub-local-ai/workflows/dbt/projects/bodega/target/semantic_manifest.json
[0m10:34:02.973434 [debug] [MainThread]: Wrote artifact OsiDocument to /Users/alvarosantosandres/personal/datahub-local-ai/workflows/dbt/projects/bodega/target/osi_document.json
[0m10:34:02.973880 [debug] [MainThread]: Resource report: {"command_name": "parse", "command_success": true, "command_wall_clock_time": 0.947838, "process_in_blocks": "0", "process_kernel_time": 0.260347, "process_mem_max_rss": "166871040", "process_out_blocks": "0", "process_user_time": 1.549993}
[0m10:34:02.974159 [debug] [MainThread]: Command `cli parse` succeeded at 10:34:02.974103 after 0.95 seconds
[0m10:34:02.974387 [debug] [MainThread]: Sending event: {'category': 'dbt', 'action': 'invocation', 'label': 'end', 'context': [<snowplow_tracker.self_describing_json.SelfDescribingJson object at 0x10ec68410>, <snowplow_tracker.self_describing_json.SelfDescribingJson object at 0x10f4a8aa0>, <snowplow_tracker.self_describing_json.SelfDescribingJson object at 0x10e7e7e70>]}
[0m10:34:02.974592 [debug] [MainThread]: Flushing usage events
[0m10:34:03.571229 [debug] [MainThread]: An error was encountered while trying to flush usage events
[0m10:34:17.872955 [debug] [MainThread]: Sending event: {'category': 'dbt', 'action': 'invocation', 'label': 'start', 'context': [<snowplow_tracker.self_describing_json.SelfDescribingJson object at 0x10ccf6660>, <snowplow_tracker.self_describing_json.SelfDescribingJson object at 0x10e12b9d0>, <snowplow_tracker.self_describing_json.SelfDescribingJson object at 0x10e12b890>]}


============================== 10:34:17.876939 | 6e98e7b3-ed8e-4bb6-aa01-e33b64f27fc2 ==============================
[0m10:34:17.876939 [info ] [MainThread]: Running with dbt=1.12.3
[0m10:34:17.877341 [debug] [MainThread]: running dbt with arguments {'warn_error_options': 'WarnErrorOptionsV2(error=[], warn=[], silence=[])', 'log_format': 'default', 'use_colors': 'True', 'cache_selected_only': 'False', 'warn_error': 'None', 'empty': 'None', 'static_parser': 'True', 'send_anonymous_usage_stats': 'True', 'profiles_dir': '/Users/alvarosantosandres/personal/datahub-local-ai/workflows/dbt/projects/bodega', 'no_print': 'None', 'partial_parse': 'True', 'version_check': 'True', 'hints_enabled': 'True', 'log_path': '/Users/alvarosantosandres/personal/datahub-local-ai/workflows/dbt/projects/bodega/logs', 'use_experimental_parser': 'False', 'log_cache_events': 'False', 'invocation_command': 'dbt ', 'write_json': 'True', 'printer_width': '80', 'target_path': 'None', 'indirect_selection': 'eager', 'debug': 'False', 'quiet': 'False', 'introspect': 'True', 'fail_fast': 'False', 'maximum_seed_size_mib': '1'}
[0m10:34:18.110486 [debug] [MainThread]: Sending event: {'category': 'dbt', 'action': 'project_id', 'label': '6e98e7b3-ed8e-4bb6-aa01-e33b64f27fc2', 'context': [<snowplow_tracker.self_describing_json.SelfDescribingJson object at 0x10cfe75c0>]}
[0m10:34:18.157842 [debug] [MainThread]: Sending event: {'category': 'dbt', 'action': 'adapter_info', 'label': '6e98e7b3-ed8e-4bb6-aa01-e33b64f27fc2', 'context': [<snowplow_tracker.self_describing_json.SelfDescribingJson object at 0x10e397130>]}
[0m10:34:18.159666 [info ] [MainThread]: Registered adapter: duckdb=1.11.0
[0m10:34:18.217777 [debug] [MainThread]: checksum: 59a249011856ecdb0c0125045551a53b65cd388a4d7d6d24b99b9f67da16e401, vars: {}, profile: bodega, target: local, version: 1.12.3
[0m10:34:18.364725 [debug] [MainThread]: Partial parsing enabled: 0 files deleted, 0 files added, 1 files changed.
[0m10:34:18.365330 [debug] [MainThread]: Partial parsing: updated file: bodega://models/schema.yml
[0m10:34:18.736132 [debug] [MainThread]: Sending event: {'category': 'dbt', 'action': 'load_project', 'label': '6e98e7b3-ed8e-4bb6-aa01-e33b64f27fc2', 'context': [<snowplow_tracker.self_describing_json.SelfDescribingJson object at 0x10e7e9e50>]}
[0m10:34:18.738271 [info ] [MainThread]: Performance info: /Users/alvarosantosandres/personal/datahub-local-ai/workflows/dbt/projects/bodega/target/perf_info.json
[0m10:34:18.795747 [debug] [MainThread]: Wrote artifact WritableManifest to /Users/alvarosantosandres/personal/datahub-local-ai/workflows/dbt/projects/bodega/target/manifest.json
[0m10:34:18.797864 [debug] [MainThread]: Wrote artifact SemanticManifest to /Users/alvarosantosandres/personal/datahub-local-ai/workflows/dbt/projects/bodega/target/semantic_manifest.json
[0m10:34:18.808319 [debug] [MainThread]: Wrote artifact OsiDocument to /Users/alvarosantosandres/personal/datahub-local-ai/workflows/dbt/projects/bodega/target/osi_document.json
[0m10:34:18.808730 [debug] [MainThread]: Resource report: {"command_name": "parse", "command_success": true, "command_wall_clock_time": 1.0489254, "process_in_blocks": "0", "process_kernel_time": 0.274263, "process_mem_max_rss": "166576128", "process_out_blocks": "0", "process_user_time": 1.527904}
[0m10:34:18.809015 [debug] [MainThread]: Command `cli parse` succeeded at 10:34:18.808965 after 1.05 seconds
[0m10:34:18.809238 [debug] [MainThread]: Sending event: {'category': 'dbt', 'action': 'invocation', 'label': 'end', 'context': [<snowplow_tracker.self_describing_json.SelfDescribingJson object at 0x10e554410>, <snowplow_tracker.self_describing_json.SelfDescribingJson object at 0x10ee18d70>, <snowplow_tracker.self_describing_json.SelfDescribingJson object at 0x10e0d3e70>]}
[0m10:34:18.809446 [debug] [MainThread]: Flushing usage events
[0m10:34:19.406796 [debug] [MainThread]: An error was encountered while trying to flush usage events
[0m10:34:33.551519 [debug] [MainThread]: Sending event: {'category': 'dbt', 'action': 'invocation', 'label': 'start', 'context': [<snowplow_tracker.self_describing_json.SelfDescribingJson object at 0x10acc6660>, <snowplow_tracker.self_describing_json.SelfDescribingJson object at 0x10c1139d0>, <snowplow_tracker.self_describing_json.SelfDescribingJson object at 0x10c113890>]}


============================== 10:34:33.556100 | 98bf2ea0-12f5-4038-be74-a055af148f8e ==============================
[0m10:34:33.556100 [info ] [MainThread]: Running with dbt=1.12.3
[0m10:34:33.556567 [debug] [MainThread]: running dbt with arguments {'cache_selected_only': 'False', 'quiet': 'False', 'no_print': 'None', 'send_anonymous_usage_stats': 'True', 'profiles_dir': '/Users/alvarosantosandres/personal/datahub-local-ai/workflows/dbt/projects/bodega', 'version_check': 'True', 'static_parser': 'True', 'partial_parse': 'True', 'use_experimental_parser': 'False', 'fail_fast': 'False', 'write_json': 'True', 'log_format': 'default', 'use_colors': 'True', 'invocation_command': 'dbt --registry /tmp/bad.yaml', 'printer_width': '80', 'empty': 'None', 'hints_enabled': 'True', 'warn_error_options': 'WarnErrorOptionsV2(error=[], warn=[], silence=[])', 'warn_error': 'None', 'debug': 'False', 'introspect': 'True', 'indirect_selection': 'eager', 'maximum_seed_size_mib': '1', 'log_path': '/Users/alvarosantosandres/personal/datahub-local-ai/workflows/dbt/projects/bodega/logs', 'log_cache_events': 'False', 'target_path': 'None'}
[0m10:34:33.768061 [debug] [MainThread]: Sending event: {'category': 'dbt', 'action': 'project_id', 'label': '98bf2ea0-12f5-4038-be74-a055af148f8e', 'context': [<snowplow_tracker.self_describing_json.SelfDescribingJson object at 0x10afd35c0>]}
[0m10:34:33.813027 [debug] [MainThread]: Sending event: {'category': 'dbt', 'action': 'adapter_info', 'label': '98bf2ea0-12f5-4038-be74-a055af148f8e', 'context': [<snowplow_tracker.self_describing_json.SelfDescribingJson object at 0x10c383130>]}
[0m10:34:33.815068 [info ] [MainThread]: Registered adapter: duckdb=1.11.0
[0m10:34:33.874533 [debug] [MainThread]: checksum: 59a249011856ecdb0c0125045551a53b65cd388a4d7d6d24b99b9f67da16e401, vars: {}, profile: bodega, target: local, version: 1.12.3
[0m10:34:34.002452 [debug] [MainThread]: Partial parsing enabled: 0 files deleted, 0 files added, 0 files changed.
[0m10:34:34.002790 [debug] [MainThread]: Nothing changed, skipping partial parsing.
[0m10:34:34.003030 [debug] [MainThread]: Partial parsing enabled, no changes found, skipping parsing
[0m10:34:34.008658 [debug] [MainThread]: Sending event: {'category': 'dbt', 'action': 'load_project', 'label': '98bf2ea0-12f5-4038-be74-a055af148f8e', 'context': [<snowplow_tracker.self_describing_json.SelfDescribingJson object at 0x10c7d6350>]}
[0m10:34:34.010536 [info ] [MainThread]: Performance info: /Users/alvarosantosandres/personal/datahub-local-ai/workflows/dbt/projects/bodega/target/perf_info.json
[0m10:34:34.083148 [debug] [MainThread]: Wrote artifact WritableManifest to /Users/alvarosantosandres/personal/datahub-local-ai/workflows/dbt/projects/bodega/target/manifest.json
[0m10:34:34.085252 [debug] [MainThread]: Wrote artifact SemanticManifest to /Users/alvarosantosandres/personal/datahub-local-ai/workflows/dbt/projects/bodega/target/semantic_manifest.json
[0m10:34:34.095403 [debug] [MainThread]: Wrote artifact OsiDocument to /Users/alvarosantosandres/personal/datahub-local-ai/workflows/dbt/projects/bodega/target/osi_document.json
[0m10:34:34.095799 [debug] [MainThread]: Resource report: {"command_name": "parse", "command_success": true, "command_wall_clock_time": 0.64907765, "process_in_blocks": "0", "process_kernel_time": 0.234396, "process_mem_max_rss": "154648576", "process_out_blocks": "0", "process_user_time": 1.175555}
[0m10:34:34.096067 [debug] [MainThread]: Command `cli parse` succeeded at 10:34:34.096017 after 0.65 seconds
[0m10:34:34.096268 [debug] [MainThread]: Sending event: {'category': 'dbt', 'action': 'invocation', 'label': 'end', 'context': [<snowplow_tracker.self_describing_json.SelfDescribingJson object at 0x10c540410>, <snowplow_tracker.self_describing_json.SelfDescribingJson object at 0x10c6d2a80>, <snowplow_tracker.self_describing_json.SelfDescribingJson object at 0x10c0bfe70>]}
[0m10:34:34.096457 [debug] [MainThread]: Flushing usage events
[0m10:34:34.648616 [debug] [MainThread]: An error was encountered while trying to flush usage events
[0m10:41:33.379859 [debug] [MainThread]: Sending event: {'category': 'dbt', 'action': 'invocation', 'label': 'start', 'context': [<snowplow_tracker.self_describing_json.SelfDescribingJson object at 0x108d22cf0>, <snowplow_tracker.self_describing_json.SelfDescribingJson object at 0x10a19f890>, <snowplow_tracker.self_describing_json.SelfDescribingJson object at 0x10a19f9d0>]}


============================== 10:41:33.386218 | a4bb2c64-e2b8-4466-a331-482af924f5f5 ==============================
[0m10:41:33.386218 [info ] [MainThread]: Running with dbt=1.12.3
[0m10:41:33.386662 [debug] [MainThread]: running dbt with arguments {'static_parser': 'True', 'empty': 'None', 'send_anonymous_usage_stats': 'True', 'partial_parse': 'True', 'warn_error': 'None', 'use_colors': 'True', 'quiet': 'False', 'printer_width': '80', 'target_path': 'None', 'log_path': '/Users/alvarosantosandres/personal/datahub-local-ai/workflows/dbt/projects/bodega/logs', 'fail_fast': 'False', 'hints_enabled': 'True', 'use_experimental_parser': 'False', 'log_format': 'default', 'no_print': 'None', 'log_cache_events': 'False', 'warn_error_options': 'WarnErrorOptionsV2(error=[], warn=[], silence=[])', 'write_json': 'True', 'introspect': 'True', 'invocation_command': 'dbt --out /private/tmp/claude-501/-Users-alvarosantosandres-personal-datahub-local-ai/cad0ff7e-07f8-427d-af18-ebea23f2347b/scratchpad/dimension_samples.json', 'indirect_selection': 'eager', 'debug': 'False', 'profiles_dir': '/Users/alvarosantosandres/personal/datahub-local-ai/workflows/dbt/projects/bodega', 'maximum_seed_size_mib': '1', 'version_check': 'True', 'cache_selected_only': 'False'}
[0m10:41:33.638300 [debug] [MainThread]: Sending event: {'category': 'dbt', 'action': 'project_id', 'label': 'a4bb2c64-e2b8-4466-a331-482af924f5f5', 'context': [<snowplow_tracker.self_describing_json.SelfDescribingJson object at 0x1090f49d0>]}
[0m10:41:33.745016 [debug] [MainThread]: Sending event: {'category': 'dbt', 'action': 'adapter_info', 'label': 'a4bb2c64-e2b8-4466-a331-482af924f5f5', 'context': [<snowplow_tracker.self_describing_json.SelfDescribingJson object at 0x10a417460>]}
[0m10:41:33.747449 [info ] [MainThread]: Registered adapter: duckdb=1.11.0
[0m10:41:33.827892 [debug] [MainThread]: checksum: 59a249011856ecdb0c0125045551a53b65cd388a4d7d6d24b99b9f67da16e401, vars: {}, profile: bodega, target: local, version: 1.12.3
[0m10:41:33.947204 [debug] [MainThread]: Partial parsing enabled: 0 files deleted, 0 files added, 0 files changed.
[0m10:41:33.947618 [debug] [MainThread]: Nothing changed, skipping partial parsing.
[0m10:41:33.947834 [debug] [MainThread]: Partial parsing enabled, no changes found, skipping parsing
[0m10:41:33.954310 [debug] [MainThread]: Sending event: {'category': 'dbt', 'action': 'load_project', 'label': 'a4bb2c64-e2b8-4466-a331-482af924f5f5', 'context': [<snowplow_tracker.self_describing_json.SelfDescribingJson object at 0x10a866c50>]}
[0m10:41:33.956689 [info ] [MainThread]: Performance info: /Users/alvarosantosandres/personal/datahub-local-ai/workflows/dbt/projects/bodega/target/perf_info.json
[0m10:41:34.059146 [debug] [MainThread]: Wrote artifact WritableManifest to /Users/alvarosantosandres/personal/datahub-local-ai/workflows/dbt/projects/bodega/target/manifest.json
[0m10:41:34.062124 [debug] [MainThread]: Wrote artifact SemanticManifest to /Users/alvarosantosandres/personal/datahub-local-ai/workflows/dbt/projects/bodega/target/semantic_manifest.json
[0m10:41:34.080921 [debug] [MainThread]: Wrote artifact OsiDocument to /Users/alvarosantosandres/personal/datahub-local-ai/workflows/dbt/projects/bodega/target/osi_document.json
[0m10:41:34.081557 [debug] [MainThread]: Resource report: {"command_name": "parse", "command_success": true, "command_wall_clock_time": 0.8360885, "process_in_blocks": "0", "process_kernel_time": 0.417656, "process_mem_max_rss": "153059328", "process_out_blocks": "0", "process_user_time": 1.403345}
[0m10:41:34.081897 [debug] [MainThread]: Command `cli parse` succeeded at 10:41:34.081830 after 0.84 seconds
[0m10:41:34.082408 [debug] [MainThread]: Sending event: {'category': 'dbt', 'action': 'invocation', 'label': 'end', 'context': [<snowplow_tracker.self_describing_json.SelfDescribingJson object at 0x10a5406e0>, <snowplow_tracker.self_describing_json.SelfDescribingJson object at 0x10a936d50>, <snowplow_tracker.self_describing_json.SelfDescribingJson object at 0x10a057e70>]}
[0m10:41:34.082838 [debug] [MainThread]: Flushing usage events
[0m10:41:34.773387 [debug] [MainThread]: An error was encountered while trying to flush usage events
[0m10:44:04.408581 [debug] [MainThread]: Sending event: {'category': 'dbt', 'action': 'invocation', 'label': 'start', 'context': [<snowplow_tracker.self_describing_json.SelfDescribingJson object at 0x10d3decf0>, <snowplow_tracker.self_describing_json.SelfDescribingJson object at 0x10e85b890>, <snowplow_tracker.self_describing_json.SelfDescribingJson object at 0x10e85b9d0>]}


============================== 10:44:04.413041 | 384c1e98-5746-4759-96ff-557479e8e300 ==============================
[0m10:44:04.413041 [info ] [MainThread]: Running with dbt=1.12.3
[0m10:44:04.413447 [debug] [MainThread]: running dbt with arguments {'no_print': 'None', 'indirect_selection': 'eager', 'hints_enabled': 'True', 'debug': 'False', 'partial_parse': 'True', 'quiet': 'False', 'invocation_command': 'dbt --out /private/tmp/claude-501/-Users-alvarosantosandres-personal-datahub-local-ai/cad0ff7e-07f8-427d-af18-ebea23f2347b/scratchpad/dimension_samples.json', 'send_anonymous_usage_stats': 'True', 'warn_error_options': 'WarnErrorOptionsV2(error=[], warn=[], silence=[])', 'log_cache_events': 'False', 'write_json': 'True', 'log_format': 'default', 'use_colors': 'True', 'use_experimental_parser': 'False', 'introspect': 'True', 'target_path': 'None', 'empty': 'None', 'warn_error': 'None', 'printer_width': '80', 'profiles_dir': '/Users/alvarosantosandres/personal/datahub-local-ai/workflows/dbt/projects/bodega', 'cache_selected_only': 'False', 'version_check': 'True', 'static_parser': 'True', 'fail_fast': 'False', 'maximum_seed_size_mib': '1', 'log_path': '/Users/alvarosantosandres/personal/datahub-local-ai/workflows/dbt/projects/bodega/logs'}
[0m10:44:04.654041 [debug] [MainThread]: Sending event: {'category': 'dbt', 'action': 'project_id', 'label': '384c1e98-5746-4759-96ff-557479e8e300', 'context': [<snowplow_tracker.self_describing_json.SelfDescribingJson object at 0x10d7ac8a0>]}
[0m10:44:04.747645 [debug] [MainThread]: Sending event: {'category': 'dbt', 'action': 'adapter_info', 'label': '384c1e98-5746-4759-96ff-557479e8e300', 'context': [<snowplow_tracker.self_describing_json.SelfDescribingJson object at 0x10ead3460>]}
[0m10:44:04.749780 [info ] [MainThread]: Registered adapter: duckdb=1.11.0
[0m10:44:04.815410 [debug] [MainThread]: checksum: 59a249011856ecdb0c0125045551a53b65cd388a4d7d6d24b99b9f67da16e401, vars: {}, profile: bodega, target: local, version: 1.12.3
[0m10:44:04.923518 [debug] [MainThread]: Partial parsing enabled: 0 files deleted, 0 files added, 0 files changed.
[0m10:44:04.923879 [debug] [MainThread]: Nothing changed, skipping partial parsing.
[0m10:44:04.924068 [debug] [MainThread]: Partial parsing enabled, no changes found, skipping parsing
[0m10:44:04.930356 [debug] [MainThread]: Sending event: {'category': 'dbt', 'action': 'load_project', 'label': '384c1e98-5746-4759-96ff-557479e8e300', 'context': [<snowplow_tracker.self_describing_json.SelfDescribingJson object at 0x10ef22d50>]}
[0m10:44:04.932867 [info ] [MainThread]: Performance info: /Users/alvarosantosandres/personal/datahub-local-ai/workflows/dbt/projects/bodega/target/perf_info.json
[0m10:44:05.016122 [debug] [MainThread]: Wrote artifact WritableManifest to /Users/alvarosantosandres/personal/datahub-local-ai/workflows/dbt/projects/bodega/target/manifest.json
[0m10:44:05.018600 [debug] [MainThread]: Wrote artifact SemanticManifest to /Users/alvarosantosandres/personal/datahub-local-ai/workflows/dbt/projects/bodega/target/semantic_manifest.json
[0m10:44:05.034278 [debug] [MainThread]: Wrote artifact OsiDocument to /Users/alvarosantosandres/personal/datahub-local-ai/workflows/dbt/projects/bodega/target/osi_document.json
[0m10:44:05.034718 [debug] [MainThread]: Resource report: {"command_name": "parse", "command_success": true, "command_wall_clock_time": 0.747316, "process_in_blocks": "0", "process_kernel_time": 0.390156, "process_mem_max_rss": "152862720", "process_out_blocks": "0", "process_user_time": 1.343292}
[0m10:44:05.035015 [debug] [MainThread]: Command `cli parse` succeeded at 10:44:05.034958 after 0.75 seconds
[0m10:44:05.035240 [debug] [MainThread]: Sending event: {'category': 'dbt', 'action': 'invocation', 'label': 'end', 'context': [<snowplow_tracker.self_describing_json.SelfDescribingJson object at 0x10ebfc6e0>, <snowplow_tracker.self_describing_json.SelfDescribingJson object at 0x10eff2d50>, <snowplow_tracker.self_describing_json.SelfDescribingJson object at 0x10e713e70>]}
[0m10:44:05.035438 [debug] [MainThread]: Flushing usage events
[0m10:44:05.669611 [debug] [MainThread]: An error was encountered while trying to flush usage events
[0m10:49:34.553289 [debug] [MainThread]: Sending event: {'category': 'dbt', 'action': 'invocation', 'label': 'start', 'context': [<snowplow_tracker.self_describing_json.SelfDescribingJson object at 0x10a552660>, <snowplow_tracker.self_describing_json.SelfDescribingJson object at 0x10b99f9d0>, <snowplow_tracker.self_describing_json.SelfDescribingJson object at 0x10b99f890>]}


============================== 10:49:34.559235 | 452ada89-bdc5-486d-9f33-1c03065705f8 ==============================
[0m10:49:34.559235 [info ] [MainThread]: Running with dbt=1.12.3
[0m10:49:34.559929 [debug] [MainThread]: running dbt with arguments {'fail_fast': 'False', 'hints_enabled': 'True', 'profiles_dir': '/Users/alvarosantosandres/personal/datahub-local-ai/workflows/dbt/projects/bodega', 'warn_error_options': 'WarnErrorOptionsV2(error=[], warn=[], silence=[])', 'static_parser': 'True', 'version_check': 'True', 'warn_error': 'None', 'use_experimental_parser': 'False', 'empty': 'None', 'indirect_selection': 'eager', 'debug': 'False', 'introspect': 'True', 'partial_parse': 'True', 'use_colors': 'True', 'cache_selected_only': 'False', 'write_json': 'True', 'send_anonymous_usage_stats': 'True', 'log_format': 'default', 'maximum_seed_size_mib': '1', 'log_path': '/Users/alvarosantosandres/personal/datahub-local-ai/workflows/dbt/projects/bodega/logs', 'quiet': 'False', 'printer_width': '80', 'log_cache_events': 'False', 'target_path': 'None', 'no_print': 'None', 'invocation_command': 'dbt --project bodega'}
[0m10:49:34.860438 [debug] [MainThread]: Sending event: {'category': 'dbt', 'action': 'project_id', 'label': '452ada89-bdc5-486d-9f33-1c03065705f8', 'context': [<snowplow_tracker.self_describing_json.SelfDescribingJson object at 0x10a85f5c0>]}
[0m10:49:34.920494 [debug] [MainThread]: Sending event: {'category': 'dbt', 'action': 'adapter_info', 'label': '452ada89-bdc5-486d-9f33-1c03065705f8', 'context': [<snowplow_tracker.self_describing_json.SelfDescribingJson object at 0x10bc0b130>]}
[0m10:49:34.923216 [info ] [MainThread]: Registered adapter: duckdb=1.11.0
[0m10:49:35.001414 [debug] [MainThread]: checksum: 59a249011856ecdb0c0125045551a53b65cd388a4d7d6d24b99b9f67da16e401, vars: {}, profile: bodega, target: local, version: 1.12.3
[0m10:49:35.188967 [debug] [MainThread]: Partial parsing enabled: 0 files deleted, 0 files added, 0 files changed.
[0m10:49:35.189264 [debug] [MainThread]: Nothing changed, skipping partial parsing.
[0m10:49:35.189421 [debug] [MainThread]: Partial parsing enabled, no changes found, skipping parsing
[0m10:49:35.195108 [debug] [MainThread]: Sending event: {'category': 'dbt', 'action': 'load_project', 'label': '452ada89-bdc5-486d-9f33-1c03065705f8', 'context': [<snowplow_tracker.self_describing_json.SelfDescribingJson object at 0x10c05e350>]}
[0m10:49:35.197564 [info ] [MainThread]: Performance info: /Users/alvarosantosandres/personal/datahub-local-ai/workflows/dbt/projects/bodega/target/perf_info.json
[0m10:49:35.308232 [debug] [MainThread]: Wrote artifact WritableManifest to /Users/alvarosantosandres/personal/datahub-local-ai/workflows/dbt/projects/bodega/target/manifest.json
[0m10:49:35.311548 [debug] [MainThread]: Wrote artifact SemanticManifest to /Users/alvarosantosandres/personal/datahub-local-ai/workflows/dbt/projects/bodega/target/semantic_manifest.json
[0m10:49:35.331937 [debug] [MainThread]: Wrote artifact OsiDocument to /Users/alvarosantosandres/personal/datahub-local-ai/workflows/dbt/projects/bodega/target/osi_document.json
[0m10:49:35.332399 [debug] [MainThread]: Resource report: {"command_name": "parse", "command_success": true, "command_wall_clock_time": 0.90956694, "process_in_blocks": "0", "process_kernel_time": 0.464613, "process_mem_max_rss": "153468928", "process_out_blocks": "0", "process_user_time": 1.517121}
[0m10:49:35.332677 [debug] [MainThread]: Command `cli parse` succeeded at 10:49:35.332623 after 0.91 seconds
[0m10:49:35.332888 [debug] [MainThread]: Sending event: {'category': 'dbt', 'action': 'invocation', 'label': 'end', 'context': [<snowplow_tracker.self_describing_json.SelfDescribingJson object at 0x10bdc8410>, <snowplow_tracker.self_describing_json.SelfDescribingJson object at 0x10bf56a80>, <snowplow_tracker.self_describing_json.SelfDescribingJson object at 0x10b947e70>]}
[0m10:49:35.333095 [debug] [MainThread]: Flushing usage events
[0m10:49:36.144177 [debug] [MainThread]: An error was encountered while trying to flush usage events
[0m10:51:46.772157 [debug] [MainThread]: Sending event: {'category': 'dbt', 'action': 'invocation', 'label': 'start', 'context': [<snowplow_tracker.self_describing_json.SelfDescribingJson object at 0x10b1b6270>, <snowplow_tracker.self_describing_json.SelfDescribingJson object at 0x10c65b890>, <snowplow_tracker.self_describing_json.SelfDescribingJson object at 0x10c65b9d0>]}


============================== 10:51:46.776028 | 944fc804-cfa0-4093-9984-428c75619a7d ==============================
[0m10:51:46.776028 [info ] [MainThread]: Running with dbt=1.12.3
[0m10:51:46.776425 [debug] [MainThread]: running dbt with arguments {'log_path': '/Users/alvarosantosandres/personal/datahub-local-ai/workflows/dbt/projects/bodega/logs', 'quiet': 'False', 'use_colors': 'True', 'write_json': 'True', 'maximum_seed_size_mib': '1', 'no_print': 'None', 'hints_enabled': 'True', 'log_cache_events': 'False', 'target_path': 'None', 'use_experimental_parser': 'False', 'partial_parse': 'True', 'static_parser': 'True', 'fail_fast': 'False', 'cache_selected_only': 'False', 'send_anonymous_usage_stats': 'True', 'empty': 'False', 'warn_error': 'None', 'profiles_dir': '/Users/alvarosantosandres/personal/datahub-local-ai/workflows/dbt/projects/bodega', 'version_check': 'True', 'indirect_selection': 'eager', 'debug': 'False', 'invocation_command': 'dbt --project bodega --target local --select silver.* --full-refresh', 'warn_error_options': 'WarnErrorOptionsV2(error=[], warn=[], silence=[])', 'log_format': 'default', 'printer_width': '80', 'introspect': 'True'}
[0m10:51:46.923677 [debug] [MainThread]: Sending event: {'category': 'dbt', 'action': 'project_id', 'label': '944fc804-cfa0-4093-9984-428c75619a7d', 'context': [<snowplow_tracker.self_describing_json.SelfDescribingJson object at 0x10b4fe2c0>]}
[0m10:51:47.009549 [debug] [MainThread]: Sending event: {'category': 'dbt', 'action': 'adapter_info', 'label': '944fc804-cfa0-4093-9984-428c75619a7d', 'context': [<snowplow_tracker.self_describing_json.SelfDescribingJson object at 0x10c5d9590>]}
[0m10:51:47.011633 [info ] [MainThread]: Registered adapter: duckdb=1.11.0
[0m10:51:47.081696 [debug] [MainThread]: checksum: 59a249011856ecdb0c0125045551a53b65cd388a4d7d6d24b99b9f67da16e401, vars: {}, profile: bodega, target: local, version: 1.12.3
[0m10:51:47.142694 [info ] [MainThread]: Unable to do partial parsing because profile has changed
[0m10:51:47.143055 [debug] [MainThread]: Sending event: {'category': 'dbt', 'action': 'partial_parser', 'label': '944fc804-cfa0-4093-9984-428c75619a7d', 'context': [<snowplow_tracker.self_describing_json.SelfDescribingJson object at 0x10cc3b250>]}
[0m10:51:47.994949 [debug] [MainThread]: Sending event: {'category': 'dbt', 'action': 'load_project', 'label': '944fc804-cfa0-4093-9984-428c75619a7d', 'context': [<snowplow_tracker.self_describing_json.SelfDescribingJson object at 0x10ce84b90>]}
[0m10:51:48.048985 [debug] [MainThread]: Wrote artifact WritableManifest to /Users/alvarosantosandres/personal/datahub-local-ai/workflows/dbt/projects/bodega/target/manifest.json
[0m10:51:48.051550 [debug] [MainThread]: Wrote artifact SemanticManifest to /Users/alvarosantosandres/personal/datahub-local-ai/workflows/dbt/projects/bodega/target/semantic_manifest.json
[0m10:51:48.064763 [debug] [MainThread]: Wrote artifact OsiDocument to /Users/alvarosantosandres/personal/datahub-local-ai/workflows/dbt/projects/bodega/target/osi_document.json
[0m10:51:48.189268 [debug] [MainThread]: Sending event: {'category': 'dbt', 'action': 'resource_counts', 'label': '944fc804-cfa0-4093-9984-428c75619a7d', 'context': [<snowplow_tracker.self_describing_json.SelfDescribingJson object at 0x10d800ad0>]}
[0m10:51:48.189663 [info ] [MainThread]: Found 10 models, 14 data tests, 2 sources, 516 macros
[0m10:51:48.191062 [info ] [MainThread]: 
[0m10:51:48.191277 [info ] [MainThread]: Concurrency: 4 threads (target='local')
[0m10:51:48.191433 [info ] [MainThread]: 
[0m10:51:48.191742 [debug] [MainThread]: Acquiring new duckdb connection 'master'
[0m10:51:48.194170 [debug] [ThreadPool]: Acquiring new duckdb connection 'list_silver'
[0m10:51:48.300267 [debug] [ThreadPool]: Using duckdb connection "list_silver"
[0m10:51:48.300558 [debug] [ThreadPool]: On list_silver: /* {"app": "dbt", "dbt_version": "1.12.3", "profile_name": "bodega", "target_name": "local", "connection_name": "list_silver"} */

    
    select schema_name
    from system.information_schema.schemata
    
    where lower(catalog_name) = '"silver"'
    
  
  
[0m10:51:48.300733 [debug] [ThreadPool]: Opening a new connection, currently in state init
[0m10:51:48.311809 [debug] [ThreadPool]: SQL status: OK in 0.011 seconds
[0m10:51:48.312963 [debug] [ThreadPool]: On list_silver: Close
[0m10:51:48.313514 [debug] [ThreadPool]: Re-using an available connection from the pool (formerly list_silver, now create_silver_bodega)
[0m10:51:48.313826 [debug] [ThreadPool]: Creating schema "database: "silver"
schema: "bodega"
"
[0m10:51:48.317216 [debug] [ThreadPool]: Using duckdb connection "create_silver_bodega"
[0m10:51:48.317417 [debug] [ThreadPool]: On create_silver_bodega: /* {"app": "dbt", "dbt_version": "1.12.3", "profile_name": "bodega", "target_name": "local", "connection_name": "create_silver_bodega"} */

    
        select type from duckdb_databases()
        where lower(database_name)='silver'
        and type != 'duckdb'
    
  
[0m10:51:48.317574 [debug] [ThreadPool]: Opening a new connection, currently in state closed
[0m10:51:48.318619 [debug] [ThreadPool]: SQL status: OK in 0.001 seconds
[0m10:51:48.319337 [debug] [ThreadPool]: Using duckdb connection "create_silver_bodega"
[0m10:51:48.319518 [debug] [ThreadPool]: On create_silver_bodega: BEGIN
[0m10:51:48.319758 [debug] [ThreadPool]: SQL status: OK in 0.000 seconds
[0m10:51:48.319905 [debug] [ThreadPool]: Using duckdb connection "create_silver_bodega"
[0m10:51:48.320041 [debug] [ThreadPool]: On create_silver_bodega: /* {"app": "dbt", "dbt_version": "1.12.3", "profile_name": "bodega", "target_name": "local", "connection_name": "create_silver_bodega"} */

    
    
        create schema if not exists "silver"."bodega"
    
[0m10:51:48.320276 [debug] [ThreadPool]: SQL status: OK in 0.000 seconds
[0m10:51:48.320655 [debug] [ThreadPool]: On create_silver_bodega: COMMIT
[0m10:51:48.320812 [debug] [ThreadPool]: Using duckdb connection "create_silver_bodega"
[0m10:51:48.320947 [debug] [ThreadPool]: On create_silver_bodega: COMMIT
[0m10:51:48.321470 [debug] [ThreadPool]: SQL status: OK in 0.000 seconds
[0m10:51:48.321633 [debug] [ThreadPool]: On create_silver_bodega: Close
[0m10:51:48.322594 [debug] [ThreadPool]: Re-using an available connection from the pool (formerly create_silver_bodega, now list_gold_bodega)
[0m10:51:48.325188 [debug] [ThreadPool]: Using duckdb connection "list_gold_bodega"
[0m10:51:48.325400 [debug] [ThreadPool]: On list_gold_bodega: BEGIN
[0m10:51:48.325636 [debug] [ThreadPool]: Acquiring new duckdb connection 'list_silver_bodega'
[0m10:51:48.325813 [debug] [ThreadPool]: Opening a new connection, currently in state closed
[0m10:51:48.326354 [debug] [ThreadPool]: Using duckdb connection "list_silver_bodega"
[0m10:51:48.326653 [debug] [ThreadPool]: On list_silver_bodega: BEGIN
[0m10:51:48.326812 [debug] [ThreadPool]: Opening a new connection, currently in state init
[0m10:51:48.326964 [debug] [ThreadPool]: SQL status: OK in 0.001 seconds
[0m10:51:48.327170 [debug] [ThreadPool]: Using duckdb connection "list_gold_bodega"
[0m10:51:48.327328 [debug] [ThreadPool]: On list_gold_bodega: /* {"app": "dbt", "dbt_version": "1.12.3", "profile_name": "bodega", "target_name": "local", "connection_name": "list_gold_bodega"} */
select
      'gold' as database,
      table_name as name,
      table_schema as schema,
      CASE table_type
        WHEN 'BASE TABLE' THEN 'table'
        WHEN 'VIEW' THEN 'view'
        WHEN 'LOCAL TEMPORARY' THEN 'table'
        END as type
    from system.information_schema.tables
    where lower(table_schema) = 'bodega'
    and lower(table_catalog) = 'gold'
  
[0m10:51:48.327484 [debug] [ThreadPool]: SQL status: OK in 0.001 seconds
[0m10:51:48.327697 [debug] [ThreadPool]: Using duckdb connection "list_silver_bodega"
[0m10:51:48.327853 [debug] [ThreadPool]: On list_silver_bodega: /* {"app": "dbt", "dbt_version": "1.12.3", "profile_name": "bodega", "target_name": "local", "connection_name": "list_silver_bodega"} */
select
      'silver' as database,
      table_name as name,
      table_schema as schema,
      CASE table_type
        WHEN 'BASE TABLE' THEN 'table'
        WHEN 'VIEW' THEN 'view'
        WHEN 'LOCAL TEMPORARY' THEN 'table'
        END as type
    from system.information_schema.tables
    where lower(table_schema) = 'bodega'
    and lower(table_catalog) = 'silver'
  
[0m10:51:48.330737 [debug] [ThreadPool]: SQL status: OK in 0.003 seconds
[0m10:51:48.331024 [debug] [ThreadPool]: SQL status: OK in 0.003 seconds
[0m10:51:48.331766 [debug] [ThreadPool]: On list_gold_bodega: ROLLBACK
[0m10:51:48.332510 [debug] [ThreadPool]: On list_silver_bodega: ROLLBACK
[0m10:51:48.332855 [debug] [ThreadPool]: On list_gold_bodega: Close
[0m10:51:48.333157 [debug] [ThreadPool]: On list_silver_bodega: Close
[0m10:51:48.333640 [debug] [MainThread]: Sending event: {'category': 'dbt', 'action': 'runnable_timing', 'label': '944fc804-cfa0-4093-9984-428c75619a7d', 'context': [<snowplow_tracker.self_describing_json.SelfDescribingJson object at 0x10d39d160>]}
[0m10:51:48.333933 [debug] [MainThread]: Using duckdb connection "master"
[0m10:51:48.334105 [debug] [MainThread]: On master: BEGIN
[0m10:51:48.334265 [debug] [MainThread]: Opening a new connection, currently in state init
[0m10:51:48.334593 [debug] [MainThread]: SQL status: OK in 0.000 seconds
[0m10:51:48.334774 [debug] [MainThread]: On master: COMMIT
[0m10:51:48.334931 [debug] [MainThread]: Using duckdb connection "master"
[0m10:51:48.335073 [debug] [MainThread]: On master: COMMIT
[0m10:51:48.335291 [debug] [MainThread]: SQL status: OK in 0.000 seconds
[0m10:51:48.335452 [debug] [MainThread]: On master: Close
[0m10:51:48.338880 [debug] [Thread-4 (]: Began running node model.bodega.stores
[0m10:51:48.339148 [debug] [Thread-2 (]: Began running node model.bodega.invoice_taxes
[0m10:51:48.339367 [debug] [Thread-3 (]: Began running node model.bodega.invoices
[0m10:51:48.339813 [debug] [Thread-1 (]: Began running node model.bodega.invoice_items
[0m10:51:48.339649 [info ] [Thread-4 (]: 4 of 12 START sql table model silver.bodega.stores ............................. [RUN]
[0m10:51:48.340090 [info ] [Thread-2 (]: 2 of 12 START sql table model silver.bodega.invoice_taxes ...................... [RUN]
[0m10:51:48.340344 [info ] [Thread-3 (]: 3 of 12 START sql table model silver.bodega.invoices ........................... [RUN]
[0m10:51:48.340577 [info ] [Thread-1 (]: 1 of 12 START sql table model silver.bodega.invoice_items ...................... [RUN]
[0m10:51:48.340871 [debug] [Thread-4 (]: Acquiring new duckdb connection 'model.bodega.stores'
[0m10:51:48.341101 [debug] [Thread-2 (]: Re-using an available connection from the pool (formerly list_silver_bodega, now model.bodega.invoice_taxes)
[0m10:51:48.341331 [debug] [Thread-3 (]: Acquiring new duckdb connection 'model.bodega.invoices'
[0m10:51:48.341528 [debug] [Thread-1 (]: Re-using an available connection from the pool (formerly list_gold_bodega, now model.bodega.invoice_items)
[0m10:51:48.341704 [debug] [Thread-4 (]: Began compiling node model.bodega.stores
[0m10:51:48.341875 [debug] [Thread-2 (]: Began compiling node model.bodega.invoice_taxes
[0m10:51:48.342040 [debug] [Thread-3 (]: Began compiling node model.bodega.invoices
[0m10:51:48.342200 [debug] [Thread-1 (]: Began compiling node model.bodega.invoice_items
[0m10:51:48.346005 [debug] [Thread-4 (]: Writing injected SQL for node "model.bodega.stores"
[0m10:51:48.347689 [debug] [Thread-2 (]: Writing injected SQL for node "model.bodega.invoice_taxes"
[0m10:51:48.349410 [debug] [Thread-3 (]: Writing injected SQL for node "model.bodega.invoices"
[0m10:51:48.351646 [debug] [Thread-1 (]: Writing injected SQL for node "model.bodega.invoice_items"
[0m10:51:48.352667 [debug] [Thread-3 (]: Began executing node model.bodega.invoices
[0m10:51:48.364850 [debug] [Thread-2 (]: Began executing node model.bodega.invoice_taxes
[0m10:51:48.365162 [debug] [Thread-1 (]: Began executing node model.bodega.invoice_items
[0m10:51:48.371665 [debug] [Thread-4 (]: Began executing node model.bodega.stores
[0m10:51:48.380932 [debug] [Thread-3 (]: Writing runtime sql for node "model.bodega.invoices"
[0m10:51:48.384377 [debug] [Thread-2 (]: Writing runtime sql for node "model.bodega.invoice_taxes"
[0m10:51:48.385880 [debug] [Thread-1 (]: Writing runtime sql for node "model.bodega.invoice_items"
[0m10:51:48.387211 [debug] [Thread-4 (]: Writing runtime sql for node "model.bodega.stores"
[0m10:51:48.388773 [debug] [Thread-2 (]: Using duckdb connection "model.bodega.invoice_taxes"
[0m10:51:48.389031 [debug] [Thread-2 (]: On model.bodega.invoice_taxes: BEGIN
[0m10:51:48.389261 [debug] [Thread-4 (]: Using duckdb connection "model.bodega.stores"
[0m10:51:48.389540 [debug] [Thread-2 (]: Opening a new connection, currently in state closed
[0m10:51:48.389960 [debug] [Thread-1 (]: Using duckdb connection "model.bodega.invoice_items"
[0m10:51:48.390141 [debug] [Thread-3 (]: Using duckdb connection "model.bodega.invoices"
[0m10:51:48.390303 [debug] [Thread-4 (]: On model.bodega.stores: BEGIN
[0m10:51:48.390641 [debug] [Thread-1 (]: On model.bodega.invoice_items: BEGIN
[0m10:51:48.390858 [debug] [Thread-3 (]: On model.bodega.invoices: BEGIN
[0m10:51:48.391041 [debug] [Thread-4 (]: Opening a new connection, currently in state init
[0m10:51:48.391853 [debug] [Thread-4 (]: SQL status: OK in 0.001 seconds
[0m10:51:48.392027 [debug] [Thread-4 (]: Using duckdb connection "model.bodega.stores"
[0m10:51:48.391243 [debug] [Thread-2 (]: SQL status: OK in 0.002 seconds
[0m10:51:48.392237 [debug] [Thread-4 (]: On model.bodega.stores: /* {"app": "dbt", "dbt_version": "1.12.3", "profile_name": "bodega", "target_name": "local", "node_id": "model.bodega.stores"} */

    

    create  table
      "silver"."bodega"."stores__dbt_tmp"
  
    
    as (
      
WITH ranked AS (
    SELECT
        store_vat_id,
        store_name,
        store_address,
        store_phone,
        supermarket,
        CAST(strptime(invoice_date, '%Y-%m-%dT%H:%M:%S') AS DATE)                     AS invoice_date,
        ROW_NUMBER() OVER (
            PARTITION BY store_vat_id
            ORDER BY strptime(invoice_date, '%Y-%m-%dT%H:%M:%S') DESC, invoice_number DESC
        )                                                                       AS rn
    FROM "bronze"."bodega"."raw_invoices"
)

SELECT
    ranked.store_vat_id                                                         AS store_id,
    trim(upper(ranked.store_name))                                              AS name,
    ranked.store_vat_id                                                         AS vat_id,
    ranked.store_address                                                        AS address,
    ranked.store_phone                                                          AS phone,
    ranked.supermarket,
    seen.first_seen_date,
    seen.last_seen_date
FROM ranked
JOIN (
    SELECT
        store_vat_id,
        MIN(invoice_date)                                                       AS first_seen_date,
        MAX(invoice_date)                                                       AS last_seen_date
    FROM ranked
    GROUP BY store_vat_id
) AS seen ON seen.store_vat_id = ranked.store_vat_id
WHERE ranked.rn = 1
    );
    
  
[0m10:51:48.392454 [debug] [Thread-2 (]: Using duckdb connection "model.bodega.invoice_taxes"
[0m10:51:48.391415 [debug] [Thread-1 (]: Opening a new connection, currently in state closed
[0m10:51:48.391590 [debug] [Thread-3 (]: Opening a new connection, currently in state init
[0m10:51:48.392906 [debug] [Thread-2 (]: On model.bodega.invoice_taxes: /* {"app": "dbt", "dbt_version": "1.12.3", "profile_name": "bodega", "target_name": "local", "node_id": "model.bodega.invoice_taxes"} */

    

    create  table
      "silver"."bodega"."invoice_taxes__dbt_tmp"
  
    
    as (
      SELECT
    b.invoice_number,
    b.supermarket,
    CAST(strptime(b.invoice_date, '%Y-%m-%dT%H:%M:%S') AS DATE)              AS invoice_date,
    json_extract_string(_it.elem, '$.rate')                     AS tax_rate,
    CAST(json_extract_string(_it.elem, '$.base') AS DOUBLE)     AS base_amount,
    CAST(json_extract_string(_it.elem, '$.tax') AS DOUBLE)     AS tax_amount
FROM "bronze"."bodega"."raw_invoices" AS b
CROSS JOIN (
        SELECT json_extract(b.taxes_json, '$[' || g.i || ']') AS elem, g.i + 1 AS pos
        FROM range(CAST(json_array_length(CAST(b.taxes_json AS JSON)) AS BIGINT)) AS g(i)
    ) AS _it
    );
    
  
[0m10:51:48.393611 [debug] [Thread-1 (]: SQL status: OK in 0.002 seconds
[0m10:51:48.393840 [debug] [Thread-3 (]: SQL status: OK in 0.002 seconds
[0m10:51:48.394103 [debug] [Thread-1 (]: Using duckdb connection "model.bodega.invoice_items"
[0m10:51:48.394329 [debug] [Thread-3 (]: Using duckdb connection "model.bodega.invoices"
[0m10:51:48.394556 [debug] [Thread-1 (]: On model.bodega.invoice_items: /* {"app": "dbt", "dbt_version": "1.12.3", "profile_name": "bodega", "target_name": "local", "node_id": "model.bodega.invoice_items"} */

    

    create  table
      "silver"."bodega"."invoice_items__dbt_tmp"
  
    
    as (
      SELECT
    b.invoice_number,
    CAST(_it.pos AS INTEGER)                                                       AS item_position,
    CAST(strptime(b.invoice_date, '%Y-%m-%dT%H:%M:%S') AS DATE)                          AS invoice_date,
    b.store_vat_id,
    b.supermarket,
    json_extract_string(_it.elem, '$.description')                          AS description_raw,
    trim(upper(json_extract_string(_it.elem, '$.description')))             AS description_clean,
    CAST(json_extract_string(_it.elem, '$.quantity') AS DOUBLE)             AS quantity,
    CASE
        WHEN CAST(json_extract_string(_it.elem, '$.quantity') AS DOUBLE)
             != FLOOR(CAST(json_extract_string(_it.elem, '$.quantity') AS DOUBLE))
        THEN 'KG' ELSE 'EA'
    END                                                                            AS unit,
    CAST(json_extract_string(_it.elem, '$.unit_price') AS DOUBLE)           AS unit_price,
    CAST(json_extract_string(_it.elem, '$.total') AS DOUBLE)                AS total_amount
FROM "bronze"."bodega"."raw_invoices" AS b
CROSS JOIN (
        SELECT json_extract(b.items_json, '$[' || g.i || ']') AS elem, g.i + 1 AS pos
        FROM range(CAST(json_array_length(CAST(b.items_json AS JSON)) AS BIGINT)) AS g(i)
    ) AS _it
    );
    
  
[0m10:51:48.394824 [debug] [Thread-3 (]: On model.bodega.invoices: /* {"app": "dbt", "dbt_version": "1.12.3", "profile_name": "bodega", "target_name": "local", "node_id": "model.bodega.invoices"} */

    

    create  table
      "silver"."bodega"."invoices__dbt_tmp"
  
    
    as (
      SELECT
    invoice_number,
    strptime(invoice_date, '%Y-%m-%dT%H:%M:%S')                               AS invoice_datetime,
    CAST(strptime(invoice_date, '%Y-%m-%dT%H:%M:%S') AS DATE)                 AS invoice_date,
    year(strptime(invoice_date, '%Y-%m-%dT%H:%M:%S'))                        AS invoice_year,
    month(strptime(invoice_date, '%Y-%m-%dT%H:%M:%S'))                       AS invoice_month,
    week(strptime(invoice_date, '%Y-%m-%dT%H:%M:%S'))                        AS invoice_week,
    operator_id,
    store_vat_id,
    trim(upper(store_name))                                             AS store_name,
    total_amount,
    (
        SELECT SUM(CAST(json_extract_string(e, '$.tax') AS DOUBLE))
        FROM UNNEST(json_extract(taxes_json, '$[*]')) AS u(e)
    )                          AS total_tax_amount,
    (
        SELECT SUM(CAST(json_extract_string(e, '$.base') AS DOUBLE))
        FROM UNNEST(json_extract(taxes_json, '$[*]')) AS u(e)
    )                         AS total_base_amount,
    payment_method,
    card_type,
    card_number_masked,
    supermarket,
    json_array_length(CAST(items_json AS JSON))                                 AS item_count,
    _ingested_at
FROM "bronze"."bodega"."raw_invoices"
    );
    
  
[0m10:51:48.402289 [debug] [Thread-2 (]: SQL status: OK in 0.009 seconds
[0m10:51:48.405471 [debug] [Thread-2 (]: Using duckdb connection "model.bodega.invoice_taxes"
[0m10:51:48.405713 [debug] [Thread-2 (]: On model.bodega.invoice_taxes: /* {"app": "dbt", "dbt_version": "1.12.3", "profile_name": "bodega", "target_name": "local", "node_id": "model.bodega.invoice_taxes"} */
alter table "silver"."bodega"."invoice_taxes__dbt_tmp" rename to "invoice_taxes"
[0m10:51:48.405972 [debug] [Thread-1 (]: SQL status: OK in 0.011 seconds
[0m10:51:48.406222 [debug] [Thread-4 (]: SQL status: OK in 0.014 seconds
[0m10:51:48.406809 [debug] [Thread-3 (]: SQL status: OK in 0.012 seconds
[0m10:51:48.408265 [debug] [Thread-1 (]: Using duckdb connection "model.bodega.invoice_items"
[0m10:51:48.408496 [debug] [Thread-2 (]: SQL status: OK in 0.002 seconds
[0m10:51:48.409454 [debug] [Thread-4 (]: Using duckdb connection "model.bodega.stores"
[0m10:51:48.410341 [debug] [Thread-3 (]: Using duckdb connection "model.bodega.invoices"
[0m10:51:48.410535 [debug] [Thread-1 (]: On model.bodega.invoice_items: /* {"app": "dbt", "dbt_version": "1.12.3", "profile_name": "bodega", "target_name": "local", "node_id": "model.bodega.invoice_items"} */
alter table "silver"."bodega"."invoice_items__dbt_tmp" rename to "invoice_items"
[0m10:51:48.418354 [debug] [Thread-2 (]: On model.bodega.invoice_taxes: COMMIT
[0m10:51:48.418617 [debug] [Thread-4 (]: On model.bodega.stores: /* {"app": "dbt", "dbt_version": "1.12.3", "profile_name": "bodega", "target_name": "local", "node_id": "model.bodega.stores"} */
alter table "silver"."bodega"."stores__dbt_tmp" rename to "stores"
[0m10:51:48.418840 [debug] [Thread-3 (]: On model.bodega.invoices: /* {"app": "dbt", "dbt_version": "1.12.3", "profile_name": "bodega", "target_name": "local", "node_id": "model.bodega.invoices"} */
alter table "silver"."bodega"."invoices__dbt_tmp" rename to "invoices"
[0m10:51:48.419143 [debug] [Thread-2 (]: Using duckdb connection "model.bodega.invoice_taxes"
[0m10:51:48.419383 [debug] [Thread-1 (]: SQL status: OK in 0.000 seconds
[0m10:51:48.419635 [debug] [Thread-4 (]: SQL status: OK in 0.000 seconds
[0m10:51:48.419827 [debug] [Thread-2 (]: On model.bodega.invoice_taxes: COMMIT
[0m10:51:48.420012 [debug] [Thread-3 (]: SQL status: OK in 0.000 seconds
[0m10:51:48.420790 [debug] [Thread-1 (]: On model.bodega.invoice_items: COMMIT
[0m10:51:48.421543 [debug] [Thread-4 (]: On model.bodega.stores: COMMIT
[0m10:51:48.422376 [debug] [Thread-3 (]: On model.bodega.invoices: COMMIT
[0m10:51:48.422591 [debug] [Thread-1 (]: Using duckdb connection "model.bodega.invoice_items"
[0m10:51:48.422803 [debug] [Thread-2 (]: SQL status: OK in 0.001 seconds
[0m10:51:48.423016 [debug] [Thread-4 (]: Using duckdb connection "model.bodega.stores"
[0m10:51:48.423213 [debug] [Thread-3 (]: Using duckdb connection "model.bodega.invoices"
[0m10:51:48.423413 [debug] [Thread-1 (]: On model.bodega.invoice_items: COMMIT
[0m10:51:48.425825 [debug] [Thread-2 (]: Using duckdb connection "model.bodega.invoice_taxes"
[0m10:51:48.426039 [debug] [Thread-4 (]: On model.bodega.stores: COMMIT
[0m10:51:48.426225 [debug] [Thread-3 (]: On model.bodega.invoices: COMMIT
[0m10:51:48.426468 [debug] [Thread-2 (]: On model.bodega.invoice_taxes: /* {"app": "dbt", "dbt_version": "1.12.3", "profile_name": "bodega", "target_name": "local", "node_id": "model.bodega.invoice_taxes"} */

      drop table if exists "silver"."bodega"."invoice_taxes__dbt_backup" cascade
    
[0m10:51:48.426723 [debug] [Thread-1 (]: SQL status: OK in 0.000 seconds
[0m10:51:48.426983 [debug] [Thread-4 (]: SQL status: OK in 0.000 seconds
[0m10:51:48.427706 [debug] [Thread-1 (]: Using duckdb connection "model.bodega.invoice_items"
[0m10:51:48.427890 [debug] [Thread-3 (]: SQL status: OK in 0.001 seconds
[0m10:51:48.428060 [debug] [Thread-2 (]: SQL status: OK in 0.001 seconds
[0m10:51:48.429022 [debug] [Thread-4 (]: Using duckdb connection "model.bodega.stores"
[0m10:51:48.429222 [debug] [Thread-1 (]: On model.bodega.invoice_items: /* {"app": "dbt", "dbt_version": "1.12.3", "profile_name": "bodega", "target_name": "local", "node_id": "model.bodega.invoice_items"} */

      drop table if exists "silver"."bodega"."invoice_items__dbt_backup" cascade
    
[0m10:51:48.429906 [debug] [Thread-3 (]: Using duckdb connection "model.bodega.invoices"
[0m10:51:48.431178 [debug] [Thread-2 (]: On model.bodega.invoice_taxes: Close
[0m10:51:48.431408 [debug] [Thread-4 (]: On model.bodega.stores: /* {"app": "dbt", "dbt_version": "1.12.3", "profile_name": "bodega", "target_name": "local", "node_id": "model.bodega.stores"} */

      drop table if exists "silver"."bodega"."stores__dbt_backup" cascade
    
[0m10:51:48.431779 [debug] [Thread-3 (]: On model.bodega.invoices: /* {"app": "dbt", "dbt_version": "1.12.3", "profile_name": "bodega", "target_name": "local", "node_id": "model.bodega.invoices"} */

      drop table if exists "silver"."bodega"."invoices__dbt_backup" cascade
    
[0m10:51:48.432052 [debug] [Thread-1 (]: SQL status: OK in 0.000 seconds
[0m10:51:48.433067 [debug] [Thread-4 (]: SQL status: OK in 0.001 seconds
[0m10:51:48.433793 [debug] [Thread-1 (]: On model.bodega.invoice_items: Close
[0m10:51:48.434394 [debug] [Thread-4 (]: On model.bodega.stores: Close
[0m10:51:48.434576 [debug] [Thread-3 (]: SQL status: OK in 0.002 seconds
[0m10:51:48.435470 [debug] [Thread-3 (]: On model.bodega.invoices: Close
[0m10:51:48.436185 [debug] [Thread-2 (]: Sending event: {'category': 'dbt', 'action': 'run_model', 'label': '944fc804-cfa0-4093-9984-428c75619a7d', 'context': [<snowplow_tracker.self_describing_json.SelfDescribingJson object at 0x10d3a0d10>]}
[0m10:51:48.436375 [debug] [Thread-1 (]: Sending event: {'category': 'dbt', 'action': 'run_model', 'label': '944fc804-cfa0-4093-9984-428c75619a7d', 'context': [<snowplow_tracker.self_describing_json.SelfDescribingJson object at 0x10d7d6a40>]}
[0m10:51:48.436608 [debug] [Thread-4 (]: Sending event: {'category': 'dbt', 'action': 'run_model', 'label': '944fc804-cfa0-4093-9984-428c75619a7d', 'context': [<snowplow_tracker.self_describing_json.SelfDescribingJson object at 0x10cf2b2f0>]}
[0m10:51:48.436775 [debug] [Thread-3 (]: Sending event: {'category': 'dbt', 'action': 'run_model', 'label': '944fc804-cfa0-4093-9984-428c75619a7d', 'context': [<snowplow_tracker.self_describing_json.SelfDescribingJson object at 0x10b487250>]}
[0m10:51:48.437041 [info ] [Thread-2 (]: 2 of 12 OK created sql table model silver.bodega.invoice_taxes ................. [[32mOK[0m in 0.09s]
[0m10:51:48.437364 [info ] [Thread-1 (]: 1 of 12 OK created sql table model silver.bodega.invoice_items ................. [[32mOK[0m in 0.09s]
[0m10:51:48.437595 [info ] [Thread-4 (]: 4 of 12 OK created sql table model silver.bodega.stores ........................ [[32mOK[0m in 0.09s]
[0m10:51:48.438279 [debug] [Thread-2 (]: Finished running node model.bodega.invoice_taxes
[0m10:51:48.437935 [info ] [Thread-3 (]: 3 of 12 OK created sql table model silver.bodega.invoices ...................... [[32mOK[0m in 0.09s]
[0m10:51:48.438661 [debug] [Thread-1 (]: Finished running node model.bodega.invoice_items
[0m10:51:48.438934 [debug] [Thread-4 (]: Finished running node model.bodega.stores
[0m10:51:48.439294 [debug] [Thread-3 (]: Finished running node model.bodega.invoices
[0m10:51:48.439549 [debug] [Thread-2 (]: Began running node test.bodega.not_null_invoice_taxes_invoice_number.eaa6223ed8
[0m10:51:48.439749 [debug] [Thread-1 (]: Began running node test.bodega.not_null_invoice_taxes_tax_rate.c53c617772
[0m10:51:48.440022 [debug] [Thread-3 (]: Began running node test.bodega.not_null_invoice_items_item_position.4c35b37ffa
[0m10:51:48.440201 [debug] [Thread-4 (]: Began running node test.bodega.not_null_invoice_items_invoice_number.5077b52dca
[0m10:51:48.440431 [info ] [Thread-2 (]: 5 of 12 START test not_null_invoice_taxes_invoice_number ....................... [RUN]
[0m10:51:48.440614 [info ] [Thread-1 (]: 6 of 12 START test not_null_invoice_taxes_tax_rate ............................. [RUN]
[0m10:51:48.440818 [info ] [Thread-3 (]: 8 of 12 START test not_null_invoice_items_item_position ........................ [RUN]
[0m10:51:48.441060 [info ] [Thread-4 (]: 7 of 12 START test not_null_invoice_items_invoice_number ....................... [RUN]
[0m10:51:48.441314 [debug] [Thread-2 (]: Re-using an available connection from the pool (formerly model.bodega.invoice_taxes, now test.bodega.not_null_invoice_taxes_invoice_number.eaa6223ed8)
[0m10:51:48.441535 [debug] [Thread-1 (]: Re-using an available connection from the pool (formerly model.bodega.invoice_items, now test.bodega.not_null_invoice_taxes_tax_rate.c53c617772)
[0m10:51:48.441734 [debug] [Thread-3 (]: Re-using an available connection from the pool (formerly model.bodega.invoices, now test.bodega.not_null_invoice_items_item_position.4c35b37ffa)
[0m10:51:48.441933 [debug] [Thread-4 (]: Re-using an available connection from the pool (formerly model.bodega.stores, now test.bodega.not_null_invoice_items_invoice_number.5077b52dca)
[0m10:51:48.442115 [debug] [Thread-2 (]: Began compiling node test.bodega.not_null_invoice_taxes_invoice_number.eaa6223ed8
[0m10:51:48.442290 [debug] [Thread-1 (]: Began compiling node test.bodega.not_null_invoice_taxes_tax_rate.c53c617772
[0m10:51:48.442458 [debug] [Thread-3 (]: Began compiling node test.bodega.not_null_invoice_items_item_position.4c35b37ffa
[0m10:51:48.442625 [debug] [Thread-4 (]: Began compiling node test.bodega.not_null_invoice_items_invoice_number.5077b52dca
[0m10:51:48.449614 [debug] [Thread-2 (]: Writing injected SQL for node "test.bodega.not_null_invoice_taxes_invoice_number.eaa6223ed8"
[0m10:51:48.453114 [debug] [Thread-1 (]: Writing injected SQL for node "test.bodega.not_null_invoice_taxes_tax_rate.c53c617772"
[0m10:51:48.456053 [debug] [Thread-3 (]: Writing injected SQL for node "test.bodega.not_null_invoice_items_item_position.4c35b37ffa"
[0m10:51:48.458817 [debug] [Thread-4 (]: Writing injected SQL for node "test.bodega.not_null_invoice_items_invoice_number.5077b52dca"
[0m10:51:48.459483 [debug] [Thread-1 (]: Began executing node test.bodega.not_null_invoice_taxes_tax_rate.c53c617772
[0m10:51:48.465773 [debug] [Thread-2 (]: Began executing node test.bodega.not_null_invoice_taxes_invoice_number.eaa6223ed8
[0m10:51:48.468337 [debug] [Thread-1 (]: Writing runtime sql for node "test.bodega.not_null_invoice_taxes_tax_rate.c53c617772"
[0m10:51:48.468562 [debug] [Thread-3 (]: Began executing node test.bodega.not_null_invoice_items_item_position.4c35b37ffa
[0m10:51:48.469370 [debug] [Thread-2 (]: Writing runtime sql for node "test.bodega.not_null_invoice_taxes_invoice_number.eaa6223ed8"
[0m10:51:48.470144 [debug] [Thread-3 (]: Writing runtime sql for node "test.bodega.not_null_invoice_items_item_position.4c35b37ffa"
[0m10:51:48.470414 [debug] [Thread-4 (]: Began executing node test.bodega.not_null_invoice_items_invoice_number.5077b52dca
[0m10:51:48.471540 [debug] [Thread-4 (]: Writing runtime sql for node "test.bodega.not_null_invoice_items_invoice_number.5077b52dca"
[0m10:51:48.472059 [debug] [Thread-1 (]: Using duckdb connection "test.bodega.not_null_invoice_taxes_tax_rate.c53c617772"
[0m10:51:48.472260 [debug] [Thread-1 (]: On test.bodega.not_null_invoice_taxes_tax_rate.c53c617772: BEGIN
[0m10:51:48.472430 [debug] [Thread-1 (]: Opening a new connection, currently in state closed
[0m10:51:48.472672 [debug] [Thread-3 (]: Using duckdb connection "test.bodega.not_null_invoice_items_item_position.4c35b37ffa"
[0m10:51:48.473056 [debug] [Thread-2 (]: Using duckdb connection "test.bodega.not_null_invoice_taxes_invoice_number.eaa6223ed8"
[0m10:51:48.473287 [debug] [Thread-3 (]: On test.bodega.not_null_invoice_items_item_position.4c35b37ffa: BEGIN
[0m10:51:48.473487 [debug] [Thread-1 (]: SQL status: OK in 0.001 seconds
[0m10:51:48.473684 [debug] [Thread-2 (]: On test.bodega.not_null_invoice_taxes_invoice_number.eaa6223ed8: BEGIN
[0m10:51:48.473880 [debug] [Thread-3 (]: Opening a new connection, currently in state closed
[0m10:51:48.474070 [debug] [Thread-1 (]: Using duckdb connection "test.bodega.not_null_invoice_taxes_tax_rate.c53c617772"
[0m10:51:48.474260 [debug] [Thread-4 (]: Using duckdb connection "test.bodega.not_null_invoice_items_invoice_number.5077b52dca"
[0m10:51:48.474461 [debug] [Thread-2 (]: Opening a new connection, currently in state closed
[0m10:51:48.474741 [debug] [Thread-1 (]: On test.bodega.not_null_invoice_taxes_tax_rate.c53c617772: /* {"app": "dbt", "dbt_version": "1.12.3", "profile_name": "bodega", "target_name": "local", "node_id": "test.bodega.not_null_invoice_taxes_tax_rate.c53c617772"} */

    
    select
      count(*) as failures,
      count(*) != 0 as should_warn,
      count(*) != 0 as should_error
    from (
      
    
  
    
    



select tax_rate
from "silver"."bodega"."invoice_taxes"
where tax_rate is null



  
  
      
    ) dbt_internal_test
[0m10:51:48.474941 [debug] [Thread-4 (]: On test.bodega.not_null_invoice_items_invoice_number.5077b52dca: BEGIN
[0m10:51:48.475117 [debug] [Thread-3 (]: SQL status: OK in 0.001 seconds
[0m10:51:48.475410 [debug] [Thread-4 (]: Opening a new connection, currently in state closed
[0m10:51:48.475589 [debug] [Thread-2 (]: SQL status: OK in 0.001 seconds
[0m10:51:48.475758 [debug] [Thread-3 (]: Using duckdb connection "test.bodega.not_null_invoice_items_item_position.4c35b37ffa"
[0m10:51:48.475935 [debug] [Thread-1 (]: SQL status: OK in 0.001 seconds
[0m10:51:48.476151 [debug] [Thread-2 (]: Using duckdb connection "test.bodega.not_null_invoice_taxes_invoice_number.eaa6223ed8"
[0m10:51:48.476340 [debug] [Thread-3 (]: On test.bodega.not_null_invoice_items_item_position.4c35b37ffa: /* {"app": "dbt", "dbt_version": "1.12.3", "profile_name": "bodega", "target_name": "local", "node_id": "test.bodega.not_null_invoice_items_item_position.4c35b37ffa"} */

    
    select
      count(*) as failures,
      count(*) != 0 as should_warn,
      count(*) != 0 as should_error
    from (
      
    
  
    
    



select item_position
from "silver"."bodega"."invoice_items"
where item_position is null



  
  
      
    ) dbt_internal_test
[0m10:51:48.476524 [debug] [Thread-4 (]: SQL status: OK in 0.001 seconds
[0m10:51:48.476727 [debug] [Thread-2 (]: On test.bodega.not_null_invoice_taxes_invoice_number.eaa6223ed8: /* {"app": "dbt", "dbt_version": "1.12.3", "profile_name": "bodega", "target_name": "local", "node_id": "test.bodega.not_null_invoice_taxes_invoice_number.eaa6223ed8"} */

    
    select
      count(*) as failures,
      count(*) != 0 as should_warn,
      count(*) != 0 as should_error
    from (
      
    
  
    
    



select invoice_number
from "silver"."bodega"."invoice_taxes"
where invoice_number is null



  
  
      
    ) dbt_internal_test
[0m10:51:48.478620 [debug] [Thread-1 (]: On test.bodega.not_null_invoice_taxes_tax_rate.c53c617772: ROLLBACK
[0m10:51:48.478888 [debug] [Thread-4 (]: Using duckdb connection "test.bodega.not_null_invoice_items_invoice_number.5077b52dca"
[0m10:51:48.479184 [debug] [Thread-3 (]: SQL status: OK in 0.000 seconds
[0m10:51:48.479448 [debug] [Thread-4 (]: On test.bodega.not_null_invoice_items_invoice_number.5077b52dca: /* {"app": "dbt", "dbt_version": "1.12.3", "profile_name": "bodega", "target_name": "local", "node_id": "test.bodega.not_null_invoice_items_invoice_number.5077b52dca"} */

    
    select
      count(*) as failures,
      count(*) != 0 as should_warn,
      count(*) != 0 as should_error
    from (
      
    
  
    
    



select invoice_number
from "silver"."bodega"."invoice_items"
where invoice_number is null



  
  
      
    ) dbt_internal_test
[0m10:51:48.479668 [debug] [Thread-1 (]: On test.bodega.not_null_invoice_taxes_tax_rate.c53c617772: Close
[0m10:51:48.479866 [debug] [Thread-2 (]: SQL status: OK in 0.001 seconds
[0m10:51:48.480725 [debug] [Thread-3 (]: On test.bodega.not_null_invoice_items_item_position.4c35b37ffa: ROLLBACK
[0m10:51:48.480961 [debug] [Thread-4 (]: SQL status: OK in 0.001 seconds
[0m10:51:48.481317 [info ] [Thread-1 (]: 6 of 12 PASS not_null_invoice_taxes_tax_rate ................................... [[32mPASS[0m in 0.04s]
[0m10:51:48.482088 [debug] [Thread-2 (]: On test.bodega.not_null_invoice_taxes_invoice_number.eaa6223ed8: ROLLBACK
[0m10:51:48.482809 [debug] [Thread-4 (]: On test.bodega.not_null_invoice_items_invoice_number.5077b52dca: ROLLBACK
[0m10:51:48.483097 [debug] [Thread-1 (]: Finished running node test.bodega.not_null_invoice_taxes_tax_rate.c53c617772
[0m10:51:48.483279 [debug] [Thread-3 (]: On test.bodega.not_null_invoice_items_item_position.4c35b37ffa: Close
[0m10:51:48.483634 [debug] [Thread-1 (]: Began running node test.bodega.not_null_invoices_invoice_number.7e145b2d89
[0m10:51:48.483914 [debug] [Thread-2 (]: On test.bodega.not_null_invoice_taxes_invoice_number.eaa6223ed8: Close
[0m10:51:48.484104 [debug] [Thread-4 (]: On test.bodega.not_null_invoice_items_invoice_number.5077b52dca: Close
[0m10:51:48.484439 [info ] [Thread-3 (]: 8 of 12 PASS not_null_invoice_items_item_position .............................. [[32mPASS[0m in 0.04s]
[0m10:51:48.484606 [info ] [Thread-1 (]: 9 of 12 START test not_null_invoices_invoice_number ............................ [RUN]
[0m10:51:48.484908 [info ] [Thread-2 (]: 5 of 12 PASS not_null_invoice_taxes_invoice_number ............................. [[32mPASS[0m in 0.04s]
[0m10:51:48.485281 [debug] [Thread-3 (]: Finished running node test.bodega.not_null_invoice_items_item_position.4c35b37ffa
[0m10:51:48.485550 [info ] [Thread-4 (]: 7 of 12 PASS not_null_invoice_items_invoice_number ............................. [[32mPASS[0m in 0.04s]
[0m10:51:48.485784 [debug] [Thread-1 (]: Re-using an available connection from the pool (formerly test.bodega.not_null_invoice_taxes_tax_rate.c53c617772, now test.bodega.not_null_invoices_invoice_number.7e145b2d89)
[0m10:51:48.486044 [debug] [Thread-2 (]: Finished running node test.bodega.not_null_invoice_taxes_invoice_number.eaa6223ed8
[0m10:51:48.486248 [debug] [Thread-3 (]: Began running node test.bodega.not_null_stores_store_id.547272002d
[0m10:51:48.486501 [debug] [Thread-4 (]: Finished running node test.bodega.not_null_invoice_items_invoice_number.5077b52dca
[0m10:51:48.486682 [debug] [Thread-1 (]: Began compiling node test.bodega.not_null_invoices_invoice_number.7e145b2d89
[0m10:51:48.486882 [debug] [Thread-2 (]: Began running node test.bodega.unique_invoices_invoice_number.653cfe1331
[0m10:51:48.487081 [info ] [Thread-3 (]: 10 of 12 START test not_null_stores_store_id ................................... [RUN]
[0m10:51:48.487343 [debug] [Thread-4 (]: Began running node test.bodega.unique_stores_store_id.e26ff2d91e
[0m10:51:48.490397 [debug] [Thread-1 (]: Writing injected SQL for node "test.bodega.not_null_invoices_invoice_number.7e145b2d89"
[0m10:51:48.490633 [info ] [Thread-2 (]: 11 of 12 START test unique_invoices_invoice_number ............................. [RUN]
[0m10:51:48.490890 [debug] [Thread-3 (]: Re-using an available connection from the pool (formerly test.bodega.not_null_invoice_items_item_position.4c35b37ffa, now test.bodega.not_null_stores_store_id.547272002d)
[0m10:51:48.491093 [info ] [Thread-4 (]: 12 of 12 START test unique_stores_store_id ..................................... [RUN]
[0m10:51:48.491419 [debug] [Thread-2 (]: Re-using an available connection from the pool (formerly test.bodega.not_null_invoice_taxes_invoice_number.eaa6223ed8, now test.bodega.unique_invoices_invoice_number.653cfe1331)
[0m10:51:48.491689 [debug] [Thread-3 (]: Began compiling node test.bodega.not_null_stores_store_id.547272002d
[0m10:51:48.491927 [debug] [Thread-4 (]: Re-using an available connection from the pool (formerly test.bodega.not_null_invoice_items_invoice_number.5077b52dca, now test.bodega.unique_stores_store_id.e26ff2d91e)
[0m10:51:48.492112 [debug] [Thread-1 (]: Began executing node test.bodega.not_null_invoices_invoice_number.7e145b2d89
[0m10:51:48.492278 [debug] [Thread-2 (]: Began compiling node test.bodega.unique_invoices_invoice_number.653cfe1331
[0m10:51:48.495394 [debug] [Thread-3 (]: Writing injected SQL for node "test.bodega.not_null_stores_store_id.547272002d"
[0m10:51:48.495606 [debug] [Thread-4 (]: Began compiling node test.bodega.unique_stores_store_id.e26ff2d91e
[0m10:51:48.496386 [debug] [Thread-1 (]: Writing runtime sql for node "test.bodega.not_null_invoices_invoice_number.7e145b2d89"
[0m10:51:48.500591 [debug] [Thread-2 (]: Writing injected SQL for node "test.bodega.unique_invoices_invoice_number.653cfe1331"
[0m10:51:48.503935 [debug] [Thread-4 (]: Writing injected SQL for node "test.bodega.unique_stores_store_id.e26ff2d91e"
[0m10:51:48.504474 [debug] [Thread-3 (]: Began executing node test.bodega.not_null_stores_store_id.547272002d
[0m10:51:48.505303 [debug] [Thread-3 (]: Writing runtime sql for node "test.bodega.not_null_stores_store_id.547272002d"
[0m10:51:48.505636 [debug] [Thread-1 (]: Using duckdb connection "test.bodega.not_null_invoices_invoice_number.7e145b2d89"
[0m10:51:48.505884 [debug] [Thread-2 (]: Began executing node test.bodega.unique_invoices_invoice_number.653cfe1331
[0m10:51:48.506073 [debug] [Thread-1 (]: On test.bodega.not_null_invoices_invoice_number.7e145b2d89: BEGIN
[0m10:51:48.506862 [debug] [Thread-2 (]: Writing runtime sql for node "test.bodega.unique_invoices_invoice_number.653cfe1331"
[0m10:51:48.507105 [debug] [Thread-1 (]: Opening a new connection, currently in state closed
[0m10:51:48.507284 [debug] [Thread-4 (]: Began executing node test.bodega.unique_stores_store_id.e26ff2d91e
[0m10:51:48.507492 [debug] [Thread-3 (]: Using duckdb connection "test.bodega.not_null_stores_store_id.547272002d"
[0m10:51:48.508363 [debug] [Thread-4 (]: Writing runtime sql for node "test.bodega.unique_stores_store_id.e26ff2d91e"
[0m10:51:48.508588 [debug] [Thread-3 (]: On test.bodega.not_null_stores_store_id.547272002d: BEGIN
[0m10:51:48.508832 [debug] [Thread-1 (]: SQL status: OK in 0.002 seconds
[0m10:51:48.509024 [debug] [Thread-3 (]: Opening a new connection, currently in state closed
[0m10:51:48.509243 [debug] [Thread-2 (]: Using duckdb connection "test.bodega.unique_invoices_invoice_number.653cfe1331"
[0m10:51:48.509436 [debug] [Thread-1 (]: Using duckdb connection "test.bodega.not_null_invoices_invoice_number.7e145b2d89"
[0m10:51:48.509684 [debug] [Thread-2 (]: On test.bodega.unique_invoices_invoice_number.653cfe1331: BEGIN
[0m10:51:48.509870 [debug] [Thread-4 (]: Using duckdb connection "test.bodega.unique_stores_store_id.e26ff2d91e"
[0m10:51:48.510061 [debug] [Thread-1 (]: On test.bodega.not_null_invoices_invoice_number.7e145b2d89: /* {"app": "dbt", "dbt_version": "1.12.3", "profile_name": "bodega", "target_name": "local", "node_id": "test.bodega.not_null_invoices_invoice_number.7e145b2d89"} */

    
    select
      count(*) as failures,
      count(*) != 0 as should_warn,
      count(*) != 0 as should_error
    from (
      
    
  
    
    



select invoice_number
from "silver"."bodega"."invoices"
where invoice_number is null



  
  
      
    ) dbt_internal_test
[0m10:51:48.510246 [debug] [Thread-3 (]: SQL status: OK in 0.001 seconds
[0m10:51:48.510434 [debug] [Thread-2 (]: Opening a new connection, currently in state closed
[0m10:51:48.510614 [debug] [Thread-4 (]: On test.bodega.unique_stores_store_id.e26ff2d91e: BEGIN
[0m10:51:48.510856 [debug] [Thread-3 (]: Using duckdb connection "test.bodega.not_null_stores_store_id.547272002d"
[0m10:51:48.511123 [debug] [Thread-4 (]: Opening a new connection, currently in state closed
[0m10:51:48.511357 [debug] [Thread-2 (]: SQL status: OK in 0.001 seconds
[0m10:51:48.511547 [debug] [Thread-1 (]: SQL status: OK in 0.001 seconds
[0m10:51:48.511740 [debug] [Thread-3 (]: On test.bodega.not_null_stores_store_id.547272002d: /* {"app": "dbt", "dbt_version": "1.12.3", "profile_name": "bodega", "target_name": "local", "node_id": "test.bodega.not_null_stores_store_id.547272002d"} */

    
    select
      count(*) as failures,
      count(*) != 0 as should_warn,
      count(*) != 0 as should_error
    from (
      
    
  
    
    



select store_id
from "silver"."bodega"."stores"
where store_id is null



  
  
      
    ) dbt_internal_test
[0m10:51:48.511974 [debug] [Thread-2 (]: Using duckdb connection "test.bodega.unique_invoices_invoice_number.653cfe1331"
[0m10:51:48.512206 [debug] [Thread-4 (]: SQL status: OK in 0.001 seconds
[0m10:51:48.513040 [debug] [Thread-1 (]: On test.bodega.not_null_invoices_invoice_number.7e145b2d89: ROLLBACK
[0m10:51:48.513340 [debug] [Thread-2 (]: On test.bodega.unique_invoices_invoice_number.653cfe1331: /* {"app": "dbt", "dbt_version": "1.12.3", "profile_name": "bodega", "target_name": "local", "node_id": "test.bodega.unique_invoices_invoice_number.653cfe1331"} */

    
    select
      count(*) as failures,
      count(*) != 0 as should_warn,
      count(*) != 0 as should_error
    from (
      
    
  
    
    

select
    invoice_number as unique_field,
    count(*) as n_records

from "silver"."bodega"."invoices"
where invoice_number is not null
group by invoice_number
having count(*) > 1



  
  
      
    ) dbt_internal_test
[0m10:51:48.513567 [debug] [Thread-3 (]: SQL status: OK in 0.001 seconds
[0m10:51:48.513740 [debug] [Thread-4 (]: Using duckdb connection "test.bodega.unique_stores_store_id.e26ff2d91e"
[0m10:51:48.514147 [debug] [Thread-1 (]: On test.bodega.not_null_invoices_invoice_number.7e145b2d89: Close
[0m10:51:48.514903 [debug] [Thread-3 (]: On test.bodega.not_null_stores_store_id.547272002d: ROLLBACK
[0m10:51:48.515103 [debug] [Thread-4 (]: On test.bodega.unique_stores_store_id.e26ff2d91e: /* {"app": "dbt", "dbt_version": "1.12.3", "profile_name": "bodega", "target_name": "local", "node_id": "test.bodega.unique_stores_store_id.e26ff2d91e"} */

    
    select
      count(*) as failures,
      count(*) != 0 as should_warn,
      count(*) != 0 as should_error
    from (
      
    
  
    
    

select
    store_id as unique_field,
    count(*) as n_records

from "silver"."bodega"."stores"
where store_id is not null
group by store_id
having count(*) > 1



  
  
      
    ) dbt_internal_test
[0m10:51:48.515311 [debug] [Thread-2 (]: SQL status: OK in 0.001 seconds
[0m10:51:48.515628 [info ] [Thread-1 (]: 9 of 12 PASS not_null_invoices_invoice_number .................................. [[32mPASS[0m in 0.03s]
[0m10:51:48.515963 [debug] [Thread-3 (]: On test.bodega.not_null_stores_store_id.547272002d: Close
[0m10:51:48.516252 [debug] [Thread-1 (]: Finished running node test.bodega.not_null_invoices_invoice_number.7e145b2d89
[0m10:51:48.516942 [debug] [Thread-2 (]: On test.bodega.unique_invoices_invoice_number.653cfe1331: ROLLBACK
[0m10:51:48.517141 [debug] [Thread-4 (]: SQL status: OK in 0.001 seconds
[0m10:51:48.517426 [info ] [Thread-3 (]: 10 of 12 PASS not_null_stores_store_id ......................................... [[32mPASS[0m in 0.03s]
[0m10:51:48.517879 [debug] [Thread-3 (]: Finished running node test.bodega.not_null_stores_store_id.547272002d
[0m10:51:48.518599 [debug] [Thread-4 (]: On test.bodega.unique_stores_store_id.e26ff2d91e: ROLLBACK
[0m10:51:48.518794 [debug] [Thread-2 (]: On test.bodega.unique_invoices_invoice_number.653cfe1331: Close
[0m10:51:48.519164 [info ] [Thread-2 (]: 11 of 12 PASS unique_invoices_invoice_number ................................... [[32mPASS[0m in 0.03s]
[0m10:51:48.519450 [debug] [Thread-2 (]: Finished running node test.bodega.unique_invoices_invoice_number.653cfe1331
[0m10:51:48.519620 [debug] [Thread-4 (]: On test.bodega.unique_stores_store_id.e26ff2d91e: Close
[0m10:51:48.519916 [info ] [Thread-4 (]: 12 of 12 PASS unique_stores_store_id ........................................... [[32mPASS[0m in 0.03s]
[0m10:51:48.520182 [debug] [Thread-4 (]: Finished running node test.bodega.unique_stores_store_id.e26ff2d91e
[0m10:51:48.520842 [debug] [MainThread]: Using duckdb connection "master"
[0m10:51:48.521009 [debug] [MainThread]: On master: BEGIN
[0m10:51:48.521152 [debug] [MainThread]: Opening a new connection, currently in state closed
[0m10:51:48.521390 [debug] [MainThread]: SQL status: OK in 0.000 seconds
[0m10:51:48.521562 [debug] [MainThread]: On master: COMMIT
[0m10:51:48.521789 [debug] [MainThread]: Using duckdb connection "master"
[0m10:51:48.521944 [debug] [MainThread]: On master: COMMIT
[0m10:51:48.522186 [debug] [MainThread]: SQL status: OK in 0.000 seconds
[0m10:51:48.522328 [debug] [MainThread]: On master: Close
[0m10:51:48.522530 [debug] [MainThread]: Connection 'master' was properly closed.
[0m10:51:48.522672 [debug] [MainThread]: Connection 'test.bodega.not_null_invoices_invoice_number.7e145b2d89' was properly closed.
[0m10:51:48.522804 [debug] [MainThread]: Connection 'test.bodega.unique_invoices_invoice_number.653cfe1331' was properly closed.
[0m10:51:48.522929 [debug] [MainThread]: Connection 'test.bodega.unique_stores_store_id.e26ff2d91e' was properly closed.
[0m10:51:48.523050 [debug] [MainThread]: Connection 'test.bodega.not_null_stores_store_id.547272002d' was properly closed.
[0m10:51:48.523216 [info ] [MainThread]: 
[0m10:51:48.523382 [info ] [MainThread]: Finished running 4 table models, 8 data tests in 0 hours 0 minutes and 0.33 seconds (0.33s).
[0m10:51:48.524224 [debug] [MainThread]: Command end result
[0m10:51:48.545272 [debug] [MainThread]: Wrote artifact WritableManifest to /Users/alvarosantosandres/personal/datahub-local-ai/workflows/dbt/projects/bodega/target/manifest.json
[0m10:51:48.546867 [debug] [MainThread]: Wrote artifact SemanticManifest to /Users/alvarosantosandres/personal/datahub-local-ai/workflows/dbt/projects/bodega/target/semantic_manifest.json
[0m10:51:48.548208 [debug] [MainThread]: Wrote artifact OsiDocument to /Users/alvarosantosandres/personal/datahub-local-ai/workflows/dbt/projects/bodega/target/osi_document.json
[0m10:51:48.552027 [debug] [MainThread]: Wrote artifact RunExecutionResult to /Users/alvarosantosandres/personal/datahub-local-ai/workflows/dbt/projects/bodega/target/run_results.json
[0m10:51:48.552292 [info ] [MainThread]: 
[0m10:51:48.552506 [info ] [MainThread]: [32mCompleted successfully[0m
[0m10:51:48.552680 [info ] [MainThread]: 
[0m10:51:48.552856 [info ] [MainThread]: Done. PASS=12 WARN=0 ERROR=0 SKIP=0 NO-OP=0 REUSED=0 TOTAL=12
[0m10:51:48.553233 [debug] [MainThread]: Resource report: {"command_name": "build", "command_success": true, "command_wall_clock_time": 1.8879857, "process_in_blocks": "0", "process_kernel_time": 0.368405, "process_mem_max_rss": "232210432", "process_out_blocks": "0", "process_user_time": 2.337136}
[0m10:51:48.553506 [debug] [MainThread]: Command `cli build` succeeded at 10:51:48.553459 after 1.89 seconds
[0m10:51:48.553737 [debug] [MainThread]: Sending event: {'category': 'dbt', 'action': 'invocation', 'label': 'end', 'context': [<snowplow_tracker.self_describing_json.SelfDescribingJson object at 0x10c701080>, <snowplow_tracker.self_describing_json.SelfDescribingJson object at 0x10c422b30>, <snowplow_tracker.self_describing_json.SelfDescribingJson object at 0x10d3b3f50>]}
[0m10:51:48.553947 [debug] [MainThread]: Flushing usage events
[0m10:51:49.128196 [debug] [MainThread]: An error was encountered while trying to flush usage events
[0m10:51:50.391588 [debug] [MainThread]: Sending event: {'category': 'dbt', 'action': 'invocation', 'label': 'start', 'context': [<snowplow_tracker.self_describing_json.SelfDescribingJson object at 0x10d25e270>, <snowplow_tracker.self_describing_json.SelfDescribingJson object at 0x10e6ff890>, <snowplow_tracker.self_describing_json.SelfDescribingJson object at 0x10e6ff9d0>]}


============================== 10:51:50.394698 | 31e62d41-afc5-4c66-8dd8-b9d53504a690 ==============================
[0m10:51:50.394698 [info ] [MainThread]: Running with dbt=1.12.3
[0m10:51:50.395096 [debug] [MainThread]: running dbt with arguments {'write_json': 'True', 'empty': 'False', 'send_anonymous_usage_stats': 'True', 'profiles_dir': '/Users/alvarosantosandres/personal/datahub-local-ai/workflows/dbt/projects/bodega', 'target_path': 'None', 'no_print': 'None', 'printer_width': '80', 'maximum_seed_size_mib': '1', 'warn_error': 'None', 'use_colors': 'True', 'log_format': 'default', 'warn_error_options': 'WarnErrorOptionsV2(error=[], warn=[], silence=[])', 'log_cache_events': 'False', 'indirect_selection': 'eager', 'introspect': 'True', 'fail_fast': 'False', 'hints_enabled': 'True', 'debug': 'False', 'log_path': '/Users/alvarosantosandres/personal/datahub-local-ai/workflows/dbt/projects/bodega/logs', 'invocation_command': 'dbt --project bodega --target local --select gold.* --full-refresh', 'quiet': 'False', 'cache_selected_only': 'False', 'use_experimental_parser': 'False', 'static_parser': 'True', 'version_check': 'True', 'partial_parse': 'True'}
[0m10:51:50.536486 [debug] [MainThread]: Sending event: {'category': 'dbt', 'action': 'project_id', 'label': '31e62d41-afc5-4c66-8dd8-b9d53504a690', 'context': [<snowplow_tracker.self_describing_json.SelfDescribingJson object at 0x10d59e190>]}
[0m10:51:50.619744 [debug] [MainThread]: Sending event: {'category': 'dbt', 'action': 'adapter_info', 'label': '31e62d41-afc5-4c66-8dd8-b9d53504a690', 'context': [<snowplow_tracker.self_describing_json.SelfDescribingJson object at 0x10e685370>]}
[0m10:51:50.621156 [info ] [MainThread]: Registered adapter: duckdb=1.11.0
[0m10:51:50.687026 [debug] [MainThread]: checksum: 59a249011856ecdb0c0125045551a53b65cd388a4d7d6d24b99b9f67da16e401, vars: {}, profile: bodega, target: local, version: 1.12.3
[0m10:51:50.759981 [debug] [MainThread]: Partial parsing enabled: 0 files deleted, 0 files added, 0 files changed.
[0m10:51:50.760270 [debug] [MainThread]: Nothing changed, skipping partial parsing.
[0m10:51:50.760430 [debug] [MainThread]: Partial parsing enabled, no changes found, skipping parsing
[0m10:51:50.766165 [debug] [MainThread]: Sending event: {'category': 'dbt', 'action': 'load_project', 'label': '31e62d41-afc5-4c66-8dd8-b9d53504a690', 'context': [<snowplow_tracker.self_describing_json.SelfDescribingJson object at 0x10ecbf750>]}
[0m10:51:50.840474 [debug] [MainThread]: Wrote artifact WritableManifest to /Users/alvarosantosandres/personal/datahub-local-ai/workflows/dbt/projects/bodega/target/manifest.json
[0m10:51:50.842392 [debug] [MainThread]: Wrote artifact SemanticManifest to /Users/alvarosantosandres/personal/datahub-local-ai/workflows/dbt/projects/bodega/target/semantic_manifest.json
[0m10:51:50.850325 [debug] [MainThread]: Wrote artifact OsiDocument to /Users/alvarosantosandres/personal/datahub-local-ai/workflows/dbt/projects/bodega/target/osi_document.json
[0m10:51:50.864899 [debug] [MainThread]: Sending event: {'category': 'dbt', 'action': 'resource_counts', 'label': '31e62d41-afc5-4c66-8dd8-b9d53504a690', 'context': [<snowplow_tracker.self_describing_json.SelfDescribingJson object at 0x10ef48230>]}
[0m10:51:50.865230 [info ] [MainThread]: Found 10 models, 14 data tests, 2 sources, 516 macros
[0m10:51:50.866625 [info ] [MainThread]: 
[0m10:51:50.866838 [info ] [MainThread]: Concurrency: 4 threads (target='local')
[0m10:51:50.866990 [info ] [MainThread]: 
[0m10:51:50.867274 [debug] [MainThread]: Acquiring new duckdb connection 'master'
[0m10:51:50.869662 [debug] [ThreadPool]: Acquiring new duckdb connection 'list_gold'
[0m10:51:50.901418 [debug] [ThreadPool]: Using duckdb connection "list_gold"
[0m10:51:50.901699 [debug] [ThreadPool]: On list_gold: /* {"app": "dbt", "dbt_version": "1.12.3", "profile_name": "bodega", "target_name": "local", "connection_name": "list_gold"} */

    
    select schema_name
    from system.information_schema.schemata
    
    where lower(catalog_name) = '"gold"'
    
  
  
[0m10:51:50.901878 [debug] [ThreadPool]: Opening a new connection, currently in state init
[0m10:51:50.909982 [debug] [ThreadPool]: SQL status: OK in 0.008 seconds
[0m10:51:50.910777 [debug] [ThreadPool]: On list_gold: Close
[0m10:51:50.911252 [debug] [ThreadPool]: Re-using an available connection from the pool (formerly list_gold, now create_gold_bodega)
[0m10:51:50.911600 [debug] [ThreadPool]: Creating schema "database: "gold"
schema: "bodega"
"
[0m10:51:50.915405 [debug] [ThreadPool]: Using duckdb connection "create_gold_bodega"
[0m10:51:50.915637 [debug] [ThreadPool]: On create_gold_bodega: /* {"app": "dbt", "dbt_version": "1.12.3", "profile_name": "bodega", "target_name": "local", "connection_name": "create_gold_bodega"} */

    
        select type from duckdb_databases()
        where lower(database_name)='gold'
        and type != 'duckdb'
    
  
[0m10:51:50.915794 [debug] [ThreadPool]: Opening a new connection, currently in state closed
[0m10:51:50.916195 [debug] [ThreadPool]: SQL status: OK in 0.000 seconds
[0m10:51:50.916789 [debug] [ThreadPool]: Using duckdb connection "create_gold_bodega"
[0m10:51:50.916936 [debug] [ThreadPool]: On create_gold_bodega: BEGIN
[0m10:51:50.917134 [debug] [ThreadPool]: SQL status: OK in 0.000 seconds
[0m10:51:50.917272 [debug] [ThreadPool]: Using duckdb connection "create_gold_bodega"
[0m10:51:50.917402 [debug] [ThreadPool]: On create_gold_bodega: /* {"app": "dbt", "dbt_version": "1.12.3", "profile_name": "bodega", "target_name": "local", "connection_name": "create_gold_bodega"} */

    
    
        create schema if not exists "gold"."bodega"
    
[0m10:51:50.917609 [debug] [ThreadPool]: SQL status: OK in 0.000 seconds
[0m10:51:50.930447 [debug] [ThreadPool]: On create_gold_bodega: COMMIT
[0m10:51:50.931102 [debug] [ThreadPool]: Using duckdb connection "create_gold_bodega"
[0m10:51:50.931507 [debug] [ThreadPool]: On create_gold_bodega: COMMIT
[0m10:51:50.938819 [debug] [ThreadPool]: SQL status: OK in 0.007 seconds
[0m10:51:50.939281 [debug] [ThreadPool]: On create_gold_bodega: Close
[0m10:51:50.941690 [debug] [ThreadPool]: Re-using an available connection from the pool (formerly create_gold_bodega, now list_silver_bodega)
[0m10:51:50.950720 [debug] [ThreadPool]: Using duckdb connection "list_silver_bodega"
[0m10:51:50.951140 [debug] [ThreadPool]: Acquiring new duckdb connection 'list_gold_bodega'
[0m10:51:50.951312 [debug] [ThreadPool]: On list_silver_bodega: BEGIN
[0m10:51:50.951889 [debug] [ThreadPool]: Using duckdb connection "list_gold_bodega"
[0m10:51:50.952077 [debug] [ThreadPool]: Opening a new connection, currently in state closed
[0m10:51:50.952276 [debug] [ThreadPool]: On list_gold_bodega: BEGIN
[0m10:51:50.952604 [debug] [ThreadPool]: Opening a new connection, currently in state init
[0m10:51:50.952854 [debug] [ThreadPool]: SQL status: OK in 0.001 seconds
[0m10:51:50.953008 [debug] [ThreadPool]: Using duckdb connection "list_silver_bodega"
[0m10:51:50.953157 [debug] [ThreadPool]: On list_silver_bodega: /* {"app": "dbt", "dbt_version": "1.12.3", "profile_name": "bodega", "target_name": "local", "connection_name": "list_silver_bodega"} */
select
      'silver' as database,
      table_name as name,
      table_schema as schema,
      CASE table_type
        WHEN 'BASE TABLE' THEN 'table'
        WHEN 'VIEW' THEN 'view'
        WHEN 'LOCAL TEMPORARY' THEN 'table'
        END as type
    from system.information_schema.tables
    where lower(table_schema) = 'bodega'
    and lower(table_catalog) = 'silver'
  
[0m10:51:50.953417 [debug] [ThreadPool]: SQL status: OK in 0.001 seconds
[0m10:51:50.953829 [debug] [ThreadPool]: Using duckdb connection "list_gold_bodega"
[0m10:51:50.954019 [debug] [ThreadPool]: On list_gold_bodega: /* {"app": "dbt", "dbt_version": "1.12.3", "profile_name": "bodega", "target_name": "local", "connection_name": "list_gold_bodega"} */
select
      'gold' as database,
      table_name as name,
      table_schema as schema,
      CASE table_type
        WHEN 'BASE TABLE' THEN 'table'
        WHEN 'VIEW' THEN 'view'
        WHEN 'LOCAL TEMPORARY' THEN 'table'
        END as type
    from system.information_schema.tables
    where lower(table_schema) = 'bodega'
    and lower(table_catalog) = 'gold'
  
[0m10:51:50.958956 [debug] [ThreadPool]: SQL status: OK in 0.005 seconds
[0m10:51:50.959854 [debug] [ThreadPool]: On list_gold_bodega: ROLLBACK
[0m10:51:50.960213 [debug] [ThreadPool]: On list_gold_bodega: Close
[0m10:51:50.960867 [debug] [ThreadPool]: SQL status: OK in 0.008 seconds
[0m10:51:50.961723 [debug] [ThreadPool]: On list_silver_bodega: ROLLBACK
[0m10:51:50.962023 [debug] [ThreadPool]: On list_silver_bodega: Close
[0m10:51:50.962676 [debug] [MainThread]: Sending event: {'category': 'dbt', 'action': 'runnable_timing', 'label': '31e62d41-afc5-4c66-8dd8-b9d53504a690', 'context': [<snowplow_tracker.self_describing_json.SelfDescribingJson object at 0x10ef83e70>]}
[0m10:51:50.962943 [debug] [MainThread]: Using duckdb connection "master"
[0m10:51:50.963091 [debug] [MainThread]: On master: BEGIN
[0m10:51:50.963407 [debug] [MainThread]: Opening a new connection, currently in state init
[0m10:51:50.963746 [debug] [MainThread]: SQL status: OK in 0.000 seconds
[0m10:51:50.963902 [debug] [MainThread]: On master: COMMIT
[0m10:51:50.964052 [debug] [MainThread]: Using duckdb connection "master"
[0m10:51:50.964189 [debug] [MainThread]: On master: COMMIT
[0m10:51:50.964394 [debug] [MainThread]: SQL status: OK in 0.000 seconds
[0m10:51:50.964535 [debug] [MainThread]: On master: Close
[0m10:51:50.966068 [debug] [Thread-1 (]: Began running node model.bodega.category_spending
[0m10:51:50.966388 [info ] [Thread-1 (]: 1 of 12 START sql table model gold.bodega.category_spending .................... [RUN]
[0m10:51:50.966614 [debug] [Thread-3 (]: Began running node model.bodega.spending_by_day
[0m10:51:50.966820 [debug] [Thread-4 (]: Began running node model.bodega.spending_by_week
[0m10:51:50.967068 [debug] [Thread-1 (]: Re-using an available connection from the pool (formerly list_silver_bodega, now model.bodega.category_spending)
[0m10:51:50.967309 [info ] [Thread-3 (]: 3 of 12 START sql table model gold.bodega.spending_by_day ...................... [RUN]
[0m10:51:50.967539 [info ] [Thread-4 (]: 4 of 12 START sql table model gold.bodega.spending_by_week ..................... [RUN]
[0m10:51:50.968192 [debug] [Thread-1 (]: Began compiling node model.bodega.category_spending
[0m10:51:50.968379 [debug] [Thread-2 (]: Began running node model.bodega.price_trends
[0m10:51:50.968627 [debug] [Thread-3 (]: Acquiring new duckdb connection 'model.bodega.spending_by_day'
[0m10:51:50.968855 [debug] [Thread-4 (]: Acquiring new duckdb connection 'model.bodega.spending_by_week'
[0m10:51:50.972394 [debug] [Thread-1 (]: Writing injected SQL for node "model.bodega.category_spending"
[0m10:51:50.972668 [info ] [Thread-2 (]: 2 of 12 START sql table model gold.bodega.price_trends ......................... [RUN]
[0m10:51:50.972883 [debug] [Thread-3 (]: Began compiling node model.bodega.spending_by_day
[0m10:51:50.973111 [debug] [Thread-4 (]: Began compiling node model.bodega.spending_by_week
[0m10:51:50.973452 [debug] [Thread-2 (]: Re-using an available connection from the pool (formerly list_gold_bodega, now model.bodega.price_trends)
[0m10:51:50.974480 [debug] [Thread-3 (]: Writing injected SQL for node "model.bodega.spending_by_day"
[0m10:51:50.975416 [debug] [Thread-4 (]: Writing injected SQL for node "model.bodega.spending_by_week"
[0m10:51:50.975636 [debug] [Thread-2 (]: Began compiling node model.bodega.price_trends
[0m10:51:50.977102 [debug] [Thread-2 (]: Writing injected SQL for node "model.bodega.price_trends"
[0m10:51:50.977544 [debug] [Thread-1 (]: Began executing node model.bodega.category_spending
[0m10:51:50.984293 [debug] [Thread-3 (]: Began executing node model.bodega.spending_by_day
[0m10:51:50.996571 [debug] [Thread-4 (]: Began executing node model.bodega.spending_by_week
[0m10:51:51.009090 [debug] [Thread-2 (]: Began executing node model.bodega.price_trends
[0m10:51:51.014319 [debug] [Thread-1 (]: Writing runtime sql for node "model.bodega.category_spending"
[0m10:51:51.016589 [debug] [Thread-4 (]: Writing runtime sql for node "model.bodega.spending_by_week"
[0m10:51:51.019438 [debug] [Thread-3 (]: Writing runtime sql for node "model.bodega.spending_by_day"
[0m10:51:51.020598 [debug] [Thread-2 (]: Writing runtime sql for node "model.bodega.price_trends"
[0m10:51:51.021478 [debug] [Thread-1 (]: Using duckdb connection "model.bodega.category_spending"
[0m10:51:51.021838 [debug] [Thread-1 (]: On model.bodega.category_spending: BEGIN
[0m10:51:51.022113 [debug] [Thread-4 (]: Using duckdb connection "model.bodega.spending_by_week"
[0m10:51:51.022337 [debug] [Thread-2 (]: Using duckdb connection "model.bodega.price_trends"
[0m10:51:51.022502 [debug] [Thread-1 (]: Opening a new connection, currently in state closed
[0m10:51:51.022678 [debug] [Thread-3 (]: Using duckdb connection "model.bodega.spending_by_day"
[0m10:51:51.022875 [debug] [Thread-4 (]: On model.bodega.spending_by_week: BEGIN
[0m10:51:51.023035 [debug] [Thread-2 (]: On model.bodega.price_trends: BEGIN
[0m10:51:51.023355 [debug] [Thread-3 (]: On model.bodega.spending_by_day: BEGIN
[0m10:51:51.023584 [debug] [Thread-4 (]: Opening a new connection, currently in state init
[0m10:51:51.023750 [debug] [Thread-1 (]: SQL status: OK in 0.001 seconds
[0m10:51:51.023901 [debug] [Thread-2 (]: Opening a new connection, currently in state closed
[0m10:51:51.024056 [debug] [Thread-3 (]: Opening a new connection, currently in state init
[0m10:51:51.024296 [debug] [Thread-1 (]: Using duckdb connection "model.bodega.category_spending"
[0m10:51:51.024490 [debug] [Thread-4 (]: SQL status: OK in 0.001 seconds
[0m10:51:51.024760 [debug] [Thread-2 (]: SQL status: OK in 0.001 seconds
[0m10:51:51.025033 [debug] [Thread-1 (]: On model.bodega.category_spending: /* {"app": "dbt", "dbt_version": "1.12.3", "profile_name": "bodega", "target_name": "local", "node_id": "model.bodega.category_spending"} */

    

    create  table
      "gold"."bodega"."category_spending__dbt_tmp"
  
    
    as (
      SELECT
    i.invoice_date,
    date_trunc('week',  i.invoice_date)  AS week_start,
    date_trunc('month', i.invoice_date)  AS month_start,
    COALESCE(p.category, 'OTHER')        AS category,
    p.subcategory,
    i.supermarket,
    COUNT(DISTINCT i.invoice_number)     AS invoice_count,
    COUNT(*)                             AS item_count,
    SUM(i.total_amount)                  AS total_spent
FROM "silver"."bodega"."invoice_items" i
LEFT JOIN (
    -- products is merge-by-key in dlt but the Iceberg filesystem destination
    -- falls back to append, so dedupe to the latest categorisation per key
    SELECT
        description_clean,
        supermarket,
        max_by(category, categorized_at)    AS category,
        max_by(subcategory, categorized_at) AS subcategory
    FROM "silver"."bodega"."products"
    GROUP BY description_clean, supermarket
) p
    ON  i.description_clean = p.description_clean
    AND i.supermarket        = p.supermarket
GROUP BY
    i.invoice_date,
    date_trunc('week',  i.invoice_date),
    date_trunc('month', i.invoice_date),
    COALESCE(p.category, 'OTHER'),
    p.subcategory,
    i.supermarket
    );
    
  
[0m10:51:51.025241 [debug] [Thread-4 (]: Using duckdb connection "model.bodega.spending_by_week"
[0m10:51:51.025411 [debug] [Thread-3 (]: SQL status: OK in 0.001 seconds
[0m10:51:51.025576 [debug] [Thread-2 (]: Using duckdb connection "model.bodega.price_trends"
[0m10:51:51.025897 [debug] [Thread-4 (]: On model.bodega.spending_by_week: /* {"app": "dbt", "dbt_version": "1.12.3", "profile_name": "bodega", "target_name": "local", "node_id": "model.bodega.spending_by_week"} */

    

    create  table
      "gold"."bodega"."spending_by_week__dbt_tmp"
  
    
    as (
      SELECT
    date_trunc('week', invoice_date)  AS week_start,
    year(invoice_date)                AS year,
    week(invoice_date)                AS week_number,
    supermarket,
    COUNT(*)                          AS invoice_count,
    SUM(total_amount)                 AS total_amount,
    SUM(total_tax_amount)             AS total_tax,
    SUM(item_count)                   AS total_items,
    AVG(total_amount)                 AS avg_basket_amount,
    MAX(total_amount)                 AS max_basket_amount
FROM "silver"."bodega"."invoices"
GROUP BY
    date_trunc('week', invoice_date),
    year(invoice_date),
    week(invoice_date),
    supermarket
    );
    
  
[0m10:51:51.026120 [debug] [Thread-3 (]: Using duckdb connection "model.bodega.spending_by_day"
[0m10:51:51.026372 [debug] [Thread-2 (]: On model.bodega.price_trends: /* {"app": "dbt", "dbt_version": "1.12.3", "profile_name": "bodega", "target_name": "local", "node_id": "model.bodega.price_trends"} */

    

    create  table
      "gold"."bodega"."price_trends__dbt_tmp"
  
    
    as (
      WITH weekly AS (
    SELECT
        description_clean,
        supermarket,
        date_trunc('week', invoice_date)  AS week_start,
        -- Blended price: unit_price on receipts is €/kg for weighted lines and
        -- €/unit otherwise, so total/quantity yields the same dimension per product.
        SUM(total_amount) / NULLIF(SUM(quantity), 0) AS price,
        SUM(total_amount)                 AS total_spent,
        SUM(quantity)                     AS total_quantity,
        COUNT(*)                          AS purchase_count
    FROM "silver"."bodega"."invoice_items"
    GROUP BY description_clean, supermarket, date_trunc('week', invoice_date)
),
repeat_products AS (
    SELECT description_clean, supermarket
    FROM "silver"."bodega"."invoice_items"
    GROUP BY description_clean, supermarket
    HAVING COUNT(*) >= 2
)
SELECT
    w.description_clean,
    w.supermarket,
    w.week_start,
    w.price,
    w.total_spent,
    w.total_quantity,
    w.purchase_count,
    p.category,
    p.subcategory,
    COALESCE(p.is_weighted, FALSE) AS is_weighted
FROM weekly w
JOIN repeat_products r
    ON  w.description_clean = r.description_clean
    AND w.supermarket        = r.supermarket
LEFT JOIN (
    -- products is merge-by-key in dlt but the Iceberg filesystem destination
    -- falls back to append, so dedupe to the latest categorisation per key
    SELECT
        description_clean,
        supermarket,
        max_by(category, categorized_at)    AS category,
        max_by(subcategory, categorized_at) AS subcategory,
        max_by(is_weighted, categorized_at) AS is_weighted
    FROM "silver"."bodega"."products"
    GROUP BY description_clean, supermarket
) p
    ON  w.description_clean = p.description_clean
    AND w.supermarket        = p.supermarket
    );
    
  
[0m10:51:51.026693 [debug] [Thread-3 (]: On model.bodega.spending_by_day: /* {"app": "dbt", "dbt_version": "1.12.3", "profile_name": "bodega", "target_name": "local", "node_id": "model.bodega.spending_by_day"} */

    

    create  table
      "gold"."bodega"."spending_by_day__dbt_tmp"
  
    
    as (
      SELECT
    invoice_date,
    supermarket,
    COUNT(*)              AS invoice_count,
    SUM(total_amount)     AS total_amount,
    SUM(total_tax_amount) AS total_tax,
    SUM(item_count)       AS total_items,
    AVG(total_amount)     AS avg_basket_amount
FROM "silver"."bodega"."invoices"
GROUP BY invoice_date, supermarket
    );
    
  
[0m10:51:51.028828 [debug] [Thread-3 (]: SQL status: OK in 0.002 seconds
[0m10:51:51.032162 [debug] [Thread-3 (]: Using duckdb connection "model.bodega.spending_by_day"
[0m10:51:51.032447 [debug] [Thread-3 (]: On model.bodega.spending_by_day: /* {"app": "dbt", "dbt_version": "1.12.3", "profile_name": "bodega", "target_name": "local", "node_id": "model.bodega.spending_by_day"} */
alter table "gold"."bodega"."spending_by_day__dbt_tmp" rename to "spending_by_day"
[0m10:51:51.032700 [debug] [Thread-1 (]: SQL status: OK in 0.007 seconds
[0m10:51:51.032927 [debug] [Thread-2 (]: SQL status: OK in 0.006 seconds
[0m10:51:51.033197 [debug] [Thread-4 (]: SQL status: OK in 0.007 seconds
[0m10:51:51.034587 [debug] [Thread-1 (]: Using duckdb connection "model.bodega.category_spending"
[0m10:51:51.036083 [debug] [Thread-2 (]: Using duckdb connection "model.bodega.price_trends"
[0m10:51:51.036333 [debug] [Thread-3 (]: SQL status: OK in 0.003 seconds
[0m10:51:51.037328 [debug] [Thread-4 (]: Using duckdb connection "model.bodega.spending_by_week"
[0m10:51:51.037542 [debug] [Thread-1 (]: On model.bodega.category_spending: /* {"app": "dbt", "dbt_version": "1.12.3", "profile_name": "bodega", "target_name": "local", "node_id": "model.bodega.category_spending"} */
alter table "gold"."bodega"."category_spending__dbt_tmp" rename to "category_spending"
[0m10:51:51.037749 [debug] [Thread-2 (]: On model.bodega.price_trends: /* {"app": "dbt", "dbt_version": "1.12.3", "profile_name": "bodega", "target_name": "local", "node_id": "model.bodega.price_trends"} */
alter table "gold"."bodega"."price_trends__dbt_tmp" rename to "price_trends"
[0m10:51:51.044782 [debug] [Thread-3 (]: On model.bodega.spending_by_day: COMMIT
[0m10:51:51.045020 [debug] [Thread-4 (]: On model.bodega.spending_by_week: /* {"app": "dbt", "dbt_version": "1.12.3", "profile_name": "bodega", "target_name": "local", "node_id": "model.bodega.spending_by_week"} */
alter table "gold"."bodega"."spending_by_week__dbt_tmp" rename to "spending_by_week"
[0m10:51:51.045392 [debug] [Thread-3 (]: Using duckdb connection "model.bodega.spending_by_day"
[0m10:51:51.045649 [debug] [Thread-1 (]: SQL status: OK in 0.000 seconds
[0m10:51:51.045844 [debug] [Thread-2 (]: SQL status: OK in 0.001 seconds
[0m10:51:51.046033 [debug] [Thread-3 (]: On model.bodega.spending_by_day: COMMIT
[0m10:51:51.046222 [debug] [Thread-4 (]: SQL status: OK in 0.001 seconds
[0m10:51:51.047064 [debug] [Thread-1 (]: On model.bodega.category_spending: COMMIT
[0m10:51:51.047872 [debug] [Thread-2 (]: On model.bodega.price_trends: COMMIT
[0m10:51:51.048660 [debug] [Thread-4 (]: On model.bodega.spending_by_week: COMMIT
[0m10:51:51.048874 [debug] [Thread-1 (]: Using duckdb connection "model.bodega.category_spending"
[0m10:51:51.049064 [debug] [Thread-2 (]: Using duckdb connection "model.bodega.price_trends"
[0m10:51:51.049241 [debug] [Thread-3 (]: SQL status: OK in 0.001 seconds
[0m10:51:51.049431 [debug] [Thread-4 (]: Using duckdb connection "model.bodega.spending_by_week"
[0m10:51:51.049615 [debug] [Thread-1 (]: On model.bodega.category_spending: COMMIT
[0m10:51:51.049793 [debug] [Thread-2 (]: On model.bodega.price_trends: COMMIT
[0m10:51:51.052317 [debug] [Thread-3 (]: Using duckdb connection "model.bodega.spending_by_day"
[0m10:51:51.052572 [debug] [Thread-4 (]: On model.bodega.spending_by_week: COMMIT
[0m10:51:51.052897 [debug] [Thread-3 (]: On model.bodega.spending_by_day: /* {"app": "dbt", "dbt_version": "1.12.3", "profile_name": "bodega", "target_name": "local", "node_id": "model.bodega.spending_by_day"} */

      drop table if exists "gold"."bodega"."spending_by_day__dbt_backup" cascade
    
[0m10:51:51.053225 [debug] [Thread-1 (]: SQL status: OK in 0.000 seconds
[0m10:51:51.053505 [debug] [Thread-4 (]: SQL status: OK in 0.000 seconds
[0m10:51:51.053691 [debug] [Thread-2 (]: SQL status: OK in 0.001 seconds
[0m10:51:51.054712 [debug] [Thread-1 (]: Using duckdb connection "model.bodega.category_spending"
[0m10:51:51.054948 [debug] [Thread-3 (]: SQL status: OK in 0.001 seconds
[0m10:51:51.055771 [debug] [Thread-4 (]: Using duckdb connection "model.bodega.spending_by_week"
[0m10:51:51.056616 [debug] [Thread-2 (]: Using duckdb connection "model.bodega.price_trends"
[0m10:51:51.056864 [debug] [Thread-1 (]: On model.bodega.category_spending: /* {"app": "dbt", "dbt_version": "1.12.3", "profile_name": "bodega", "target_name": "local", "node_id": "model.bodega.category_spending"} */

      drop table if exists "gold"."bodega"."category_spending__dbt_backup" cascade
    
[0m10:51:51.058242 [debug] [Thread-3 (]: On model.bodega.spending_by_day: Close
[0m10:51:51.058487 [debug] [Thread-4 (]: On model.bodega.spending_by_week: /* {"app": "dbt", "dbt_version": "1.12.3", "profile_name": "bodega", "target_name": "local", "node_id": "model.bodega.spending_by_week"} */

      drop table if exists "gold"."bodega"."spending_by_week__dbt_backup" cascade
    
[0m10:51:51.058719 [debug] [Thread-2 (]: On model.bodega.price_trends: /* {"app": "dbt", "dbt_version": "1.12.3", "profile_name": "bodega", "target_name": "local", "node_id": "model.bodega.price_trends"} */

      drop table if exists "gold"."bodega"."price_trends__dbt_backup" cascade
    
[0m10:51:51.059920 [debug] [Thread-1 (]: SQL status: OK in 0.001 seconds
[0m10:51:51.060189 [debug] [Thread-2 (]: SQL status: OK in 0.001 seconds
[0m10:51:51.060897 [debug] [Thread-1 (]: On model.bodega.category_spending: Close
[0m10:51:51.061079 [debug] [Thread-4 (]: SQL status: OK in 0.002 seconds
[0m10:51:51.061733 [debug] [Thread-2 (]: On model.bodega.price_trends: Close
[0m10:51:51.062575 [debug] [Thread-4 (]: On model.bodega.spending_by_week: Close
[0m10:51:51.062800 [debug] [Thread-3 (]: Sending event: {'category': 'dbt', 'action': 'run_model', 'label': '31e62d41-afc5-4c66-8dd8-b9d53504a690', 'context': [<snowplow_tracker.self_describing_json.SelfDescribingJson object at 0x10f197930>]}
[0m10:51:51.063056 [debug] [Thread-1 (]: Sending event: {'category': 'dbt', 'action': 'run_model', 'label': '31e62d41-afc5-4c66-8dd8-b9d53504a690', 'context': [<snowplow_tracker.self_describing_json.SelfDescribingJson object at 0x10ef91fd0>]}
[0m10:51:51.063408 [debug] [Thread-2 (]: Sending event: {'category': 'dbt', 'action': 'run_model', 'label': '31e62d41-afc5-4c66-8dd8-b9d53504a690', 'context': [<snowplow_tracker.self_describing_json.SelfDescribingJson object at 0x10ef91910>]}
[0m10:51:51.063784 [debug] [Thread-4 (]: Sending event: {'category': 'dbt', 'action': 'run_model', 'label': '31e62d41-afc5-4c66-8dd8-b9d53504a690', 'context': [<snowplow_tracker.self_describing_json.SelfDescribingJson object at 0x10f1b20a0>]}
[0m10:51:51.064184 [info ] [Thread-3 (]: 3 of 12 OK created sql table model gold.bodega.spending_by_day ................. [[32mOK[0m in 0.09s]
[0m10:51:51.064498 [info ] [Thread-1 (]: 1 of 12 OK created sql table model gold.bodega.category_spending ............... [[32mOK[0m in 0.10s]
[0m10:51:51.065304 [debug] [Thread-3 (]: Finished running node model.bodega.spending_by_day
[0m10:51:51.064745 [info ] [Thread-2 (]: 2 of 12 OK created sql table model gold.bodega.price_trends .................... [[32mOK[0m in 0.09s]
[0m10:51:51.065660 [debug] [Thread-1 (]: Finished running node model.bodega.category_spending
[0m10:51:51.065058 [info ] [Thread-4 (]: 4 of 12 OK created sql table model gold.bodega.spending_by_week ................ [[32mOK[0m in 0.09s]
[0m10:51:51.065948 [debug] [Thread-3 (]: Began running node model.bodega.tax_summary
[0m10:51:51.066290 [debug] [Thread-2 (]: Finished running node model.bodega.price_trends
[0m10:51:51.066567 [debug] [Thread-1 (]: Began running node model.bodega.top_products
[0m10:51:51.066851 [debug] [Thread-4 (]: Finished running node model.bodega.spending_by_week
[0m10:51:51.067113 [info ] [Thread-3 (]: 5 of 12 START sql table model gold.bodega.tax_summary .......................... [RUN]
[0m10:51:51.067350 [debug] [Thread-2 (]: Began running node test.bodega.not_null_spending_by_day_invoice_date.2509f75e93
[0m10:51:51.067584 [info ] [Thread-1 (]: 6 of 12 START sql table model gold.bodega.top_products ......................... [RUN]
[0m10:51:51.067828 [debug] [Thread-4 (]: Began running node test.bodega.not_null_category_spending_invoice_date.bb466ccf3a
[0m10:51:51.068080 [debug] [Thread-3 (]: Re-using an available connection from the pool (formerly model.bodega.spending_by_day, now model.bodega.tax_summary)
[0m10:51:51.068331 [info ] [Thread-2 (]: 7 of 12 START test not_null_spending_by_day_invoice_date ....................... [RUN]
[0m10:51:51.068567 [debug] [Thread-1 (]: Re-using an available connection from the pool (formerly model.bodega.category_spending, now model.bodega.top_products)
[0m10:51:51.068763 [info ] [Thread-4 (]: 8 of 12 START test not_null_category_spending_invoice_date ..................... [RUN]
[0m10:51:51.068973 [debug] [Thread-3 (]: Began compiling node model.bodega.tax_summary
[0m10:51:51.069190 [debug] [Thread-2 (]: Re-using an available connection from the pool (formerly model.bodega.price_trends, now test.bodega.not_null_spending_by_day_invoice_date.2509f75e93)
[0m10:51:51.069381 [debug] [Thread-1 (]: Began compiling node model.bodega.top_products
[0m10:51:51.069589 [debug] [Thread-4 (]: Re-using an available connection from the pool (formerly model.bodega.spending_by_week, now test.bodega.not_null_category_spending_invoice_date.bb466ccf3a)
[0m10:51:51.070688 [debug] [Thread-3 (]: Writing injected SQL for node "model.bodega.tax_summary"
[0m10:51:51.070905 [debug] [Thread-2 (]: Began compiling node test.bodega.not_null_spending_by_day_invoice_date.2509f75e93
[0m10:51:51.072128 [debug] [Thread-1 (]: Writing injected SQL for node "model.bodega.top_products"
[0m10:51:51.072398 [debug] [Thread-4 (]: Began compiling node test.bodega.not_null_category_spending_invoice_date.bb466ccf3a
[0m10:51:51.079378 [debug] [Thread-2 (]: Writing injected SQL for node "test.bodega.not_null_spending_by_day_invoice_date.2509f75e93"
[0m10:51:51.082454 [debug] [Thread-4 (]: Writing injected SQL for node "test.bodega.not_null_category_spending_invoice_date.bb466ccf3a"
[0m10:51:51.082812 [debug] [Thread-3 (]: Began executing node model.bodega.tax_summary
[0m10:51:51.083082 [debug] [Thread-1 (]: Began executing node model.bodega.top_products
[0m10:51:51.084501 [debug] [Thread-3 (]: Writing runtime sql for node "model.bodega.tax_summary"
[0m10:51:51.085745 [debug] [Thread-1 (]: Writing runtime sql for node "model.bodega.top_products"
[0m10:51:51.085978 [debug] [Thread-4 (]: Began executing node test.bodega.not_null_category_spending_invoice_date.bb466ccf3a
[0m10:51:51.086260 [debug] [Thread-2 (]: Began executing node test.bodega.not_null_spending_by_day_invoice_date.2509f75e93
[0m10:51:51.094654 [debug] [Thread-4 (]: Writing runtime sql for node "test.bodega.not_null_category_spending_invoice_date.bb466ccf3a"
[0m10:51:51.095504 [debug] [Thread-2 (]: Writing runtime sql for node "test.bodega.not_null_spending_by_day_invoice_date.2509f75e93"
[0m10:51:51.095842 [debug] [Thread-3 (]: Using duckdb connection "model.bodega.tax_summary"
[0m10:51:51.096143 [debug] [Thread-1 (]: Using duckdb connection "model.bodega.top_products"
[0m10:51:51.096449 [debug] [Thread-3 (]: On model.bodega.tax_summary: BEGIN
[0m10:51:51.096681 [debug] [Thread-1 (]: On model.bodega.top_products: BEGIN
[0m10:51:51.097047 [debug] [Thread-3 (]: Opening a new connection, currently in state closed
[0m10:51:51.097281 [debug] [Thread-2 (]: Using duckdb connection "test.bodega.not_null_spending_by_day_invoice_date.2509f75e93"
[0m10:51:51.097471 [debug] [Thread-1 (]: Opening a new connection, currently in state closed
[0m10:51:51.097729 [debug] [Thread-4 (]: Using duckdb connection "test.bodega.not_null_category_spending_invoice_date.bb466ccf3a"
[0m10:51:51.098088 [debug] [Thread-2 (]: On test.bodega.not_null_spending_by_day_invoice_date.2509f75e93: BEGIN
[0m10:51:51.098330 [debug] [Thread-3 (]: SQL status: OK in 0.001 seconds
[0m10:51:51.098522 [debug] [Thread-4 (]: On test.bodega.not_null_category_spending_invoice_date.bb466ccf3a: BEGIN
[0m10:51:51.098727 [debug] [Thread-1 (]: SQL status: OK in 0.001 seconds
[0m10:51:51.098905 [debug] [Thread-2 (]: Opening a new connection, currently in state closed
[0m10:51:51.099096 [debug] [Thread-3 (]: Using duckdb connection "model.bodega.tax_summary"
[0m10:51:51.099272 [debug] [Thread-4 (]: Opening a new connection, currently in state closed
[0m10:51:51.099446 [debug] [Thread-1 (]: Using duckdb connection "model.bodega.top_products"
[0m10:51:51.099693 [debug] [Thread-3 (]: On model.bodega.tax_summary: /* {"app": "dbt", "dbt_version": "1.12.3", "profile_name": "bodega", "target_name": "local", "node_id": "model.bodega.tax_summary"} */

    

    create  table
      "gold"."bodega"."tax_summary__dbt_tmp"
  
    
    as (
      SELECT
    date_trunc('month', invoice_date)  AS month_start,
    tax_rate,
    supermarket,
    SUM(base_amount)                   AS base_amount,
    SUM(tax_amount)                    AS tax_amount
FROM "silver"."bodega"."invoice_taxes"
GROUP BY date_trunc('month', invoice_date), tax_rate, supermarket
    );
    
  
[0m10:51:51.099922 [debug] [Thread-2 (]: SQL status: OK in 0.001 seconds
[0m10:51:51.100134 [debug] [Thread-1 (]: On model.bodega.top_products: /* {"app": "dbt", "dbt_version": "1.12.3", "profile_name": "bodega", "target_name": "local", "node_id": "model.bodega.top_products"} */

    

    create  table
      "gold"."bodega"."top_products__dbt_tmp"
  
    
    as (
      SELECT
    i.description_clean,
    p.category,
    p.subcategory,
    p.is_weighted,
    i.supermarket,
    COUNT(DISTINCT i.invoice_number)   AS purchase_count,
    SUM(i.quantity)                    AS total_quantity,
    SUM(i.total_amount)                AS total_spent,
    AVG(i.unit_price)                  AS avg_unit_price,
    MIN(i.unit_price)                  AS min_unit_price,
    MAX(i.unit_price)                  AS max_unit_price,
    MAX(i.invoice_date)                AS last_purchased_date
FROM "silver"."bodega"."invoice_items" i
LEFT JOIN (
    -- products is merge-by-key in dlt but the Iceberg filesystem destination
    -- falls back to append, so dedupe to the latest categorisation per key
    SELECT
        description_clean,
        supermarket,
        max_by(category, categorized_at)    AS category,
        max_by(subcategory, categorized_at) AS subcategory,
        max_by(is_weighted, categorized_at) AS is_weighted
    FROM "silver"."bodega"."products"
    GROUP BY description_clean, supermarket
) p
    ON  i.description_clean = p.description_clean
    AND i.supermarket        = p.supermarket
GROUP BY i.description_clean, p.category, p.subcategory, p.is_weighted, i.supermarket
    );
    
  
[0m10:51:51.100339 [debug] [Thread-4 (]: SQL status: OK in 0.001 seconds
[0m10:51:51.100586 [debug] [Thread-2 (]: Using duckdb connection "test.bodega.not_null_spending_by_day_invoice_date.2509f75e93"
[0m10:51:51.100911 [debug] [Thread-4 (]: Using duckdb connection "test.bodega.not_null_category_spending_invoice_date.bb466ccf3a"
[0m10:51:51.101161 [debug] [Thread-2 (]: On test.bodega.not_null_spending_by_day_invoice_date.2509f75e93: /* {"app": "dbt", "dbt_version": "1.12.3", "profile_name": "bodega", "target_name": "local", "node_id": "test.bodega.not_null_spending_by_day_invoice_date.2509f75e93"} */

    
    select
      count(*) as failures,
      count(*) != 0 as should_warn,
      count(*) != 0 as should_error
    from (
      
    
  
    
    



select invoice_date
from "gold"."bodega"."spending_by_day"
where invoice_date is null



  
  
      
    ) dbt_internal_test
[0m10:51:51.101424 [debug] [Thread-4 (]: On test.bodega.not_null_category_spending_invoice_date.bb466ccf3a: /* {"app": "dbt", "dbt_version": "1.12.3", "profile_name": "bodega", "target_name": "local", "node_id": "test.bodega.not_null_category_spending_invoice_date.bb466ccf3a"} */

    
    select
      count(*) as failures,
      count(*) != 0 as should_warn,
      count(*) != 0 as should_error
    from (
      
    
  
    
    



select invoice_date
from "gold"."bodega"."category_spending"
where invoice_date is null



  
  
      
    ) dbt_internal_test
[0m10:51:51.101809 [debug] [Thread-3 (]: SQL status: OK in 0.001 seconds
[0m10:51:51.102950 [debug] [Thread-3 (]: Using duckdb connection "model.bodega.tax_summary"
[0m10:51:51.103168 [debug] [Thread-2 (]: SQL status: OK in 0.001 seconds
[0m10:51:51.103361 [debug] [Thread-4 (]: SQL status: OK in 0.002 seconds
[0m10:51:51.103535 [debug] [Thread-3 (]: On model.bodega.tax_summary: /* {"app": "dbt", "dbt_version": "1.12.3", "profile_name": "bodega", "target_name": "local", "node_id": "model.bodega.tax_summary"} */
alter table "gold"."bodega"."tax_summary__dbt_tmp" rename to "tax_summary"
[0m10:51:51.103708 [debug] [Thread-1 (]: SQL status: OK in 0.003 seconds
[0m10:51:51.105772 [debug] [Thread-2 (]: On test.bodega.not_null_spending_by_day_invoice_date.2509f75e93: ROLLBACK
[0m10:51:51.106634 [debug] [Thread-4 (]: On test.bodega.not_null_category_spending_invoice_date.bb466ccf3a: ROLLBACK
[0m10:51:51.107706 [debug] [Thread-1 (]: Using duckdb connection "model.bodega.top_products"
[0m10:51:51.107960 [debug] [Thread-3 (]: SQL status: OK in 0.002 seconds
[0m10:51:51.108333 [debug] [Thread-1 (]: On model.bodega.top_products: /* {"app": "dbt", "dbt_version": "1.12.3", "profile_name": "bodega", "target_name": "local", "node_id": "model.bodega.top_products"} */
alter table "gold"."bodega"."top_products__dbt_tmp" rename to "top_products"
[0m10:51:51.108559 [debug] [Thread-2 (]: On test.bodega.not_null_spending_by_day_invoice_date.2509f75e93: Close
[0m10:51:51.109363 [debug] [Thread-3 (]: On model.bodega.tax_summary: COMMIT
[0m10:51:51.109590 [debug] [Thread-4 (]: On test.bodega.not_null_category_spending_invoice_date.bb466ccf3a: Close
[0m10:51:51.109890 [debug] [Thread-3 (]: Using duckdb connection "model.bodega.tax_summary"
[0m10:51:51.110250 [info ] [Thread-2 (]: 7 of 12 PASS not_null_spending_by_day_invoice_date ............................. [[32mPASS[0m in 0.04s]
[0m10:51:51.110502 [debug] [Thread-1 (]: SQL status: OK in 0.001 seconds
[0m10:51:51.110789 [info ] [Thread-4 (]: 8 of 12 PASS not_null_category_spending_invoice_date ........................... [[32mPASS[0m in 0.04s]
[0m10:51:51.110992 [debug] [Thread-3 (]: On model.bodega.tax_summary: COMMIT
[0m10:51:51.111271 [debug] [Thread-2 (]: Finished running node test.bodega.not_null_spending_by_day_invoice_date.2509f75e93
[0m10:51:51.111965 [debug] [Thread-1 (]: On model.bodega.top_products: COMMIT
[0m10:51:51.112253 [debug] [Thread-4 (]: Finished running node test.bodega.not_null_category_spending_invoice_date.bb466ccf3a
[0m10:51:51.112596 [debug] [Thread-2 (]: Began running node test.bodega.not_null_price_trends_description_clean.61eebb4b94
[0m10:51:51.112902 [debug] [Thread-1 (]: Using duckdb connection "model.bodega.top_products"
[0m10:51:51.113162 [debug] [Thread-3 (]: SQL status: OK in 0.001 seconds
[0m10:51:51.113378 [debug] [Thread-4 (]: Began running node test.bodega.not_null_spending_by_week_week_start.7ecb24cdbf
[0m10:51:51.113839 [debug] [Thread-1 (]: On model.bodega.top_products: COMMIT
[0m10:51:51.113643 [info ] [Thread-2 (]: 9 of 12 START test not_null_price_trends_description_clean ..................... [RUN]
[0m10:51:51.114706 [debug] [Thread-3 (]: Using duckdb connection "model.bodega.tax_summary"
[0m10:51:51.114930 [info ] [Thread-4 (]: 10 of 12 START test not_null_spending_by_week_week_start ....................... [RUN]
[0m10:51:51.115276 [debug] [Thread-2 (]: Re-using an available connection from the pool (formerly test.bodega.not_null_spending_by_day_invoice_date.2509f75e93, now test.bodega.not_null_price_trends_description_clean.61eebb4b94)
[0m10:51:51.115525 [debug] [Thread-3 (]: On model.bodega.tax_summary: /* {"app": "dbt", "dbt_version": "1.12.3", "profile_name": "bodega", "target_name": "local", "node_id": "model.bodega.tax_summary"} */

      drop table if exists "gold"."bodega"."tax_summary__dbt_backup" cascade
    
[0m10:51:51.115735 [debug] [Thread-1 (]: SQL status: OK in 0.001 seconds
[0m10:51:51.115940 [debug] [Thread-4 (]: Re-using an available connection from the pool (formerly test.bodega.not_null_category_spending_invoice_date.bb466ccf3a, now test.bodega.not_null_spending_by_week_week_start.7ecb24cdbf)
[0m10:51:51.116145 [debug] [Thread-2 (]: Began compiling node test.bodega.not_null_price_trends_description_clean.61eebb4b94
[0m10:51:51.119078 [debug] [Thread-1 (]: Using duckdb connection "model.bodega.top_products"
[0m10:51:51.119330 [debug] [Thread-4 (]: Began compiling node test.bodega.not_null_spending_by_week_week_start.7ecb24cdbf
[0m10:51:51.119525 [debug] [Thread-3 (]: SQL status: OK in 0.003 seconds
[0m10:51:51.122932 [debug] [Thread-2 (]: Writing injected SQL for node "test.bodega.not_null_price_trends_description_clean.61eebb4b94"
[0m10:51:51.123220 [debug] [Thread-1 (]: On model.bodega.top_products: /* {"app": "dbt", "dbt_version": "1.12.3", "profile_name": "bodega", "target_name": "local", "node_id": "model.bodega.top_products"} */

      drop table if exists "gold"."bodega"."top_products__dbt_backup" cascade
    
[0m10:51:51.126183 [debug] [Thread-4 (]: Writing injected SQL for node "test.bodega.not_null_spending_by_week_week_start.7ecb24cdbf"
[0m10:51:51.127073 [debug] [Thread-3 (]: On model.bodega.tax_summary: Close
[0m10:51:51.127778 [debug] [Thread-3 (]: Sending event: {'category': 'dbt', 'action': 'run_model', 'label': '31e62d41-afc5-4c66-8dd8-b9d53504a690', 'context': [<snowplow_tracker.self_describing_json.SelfDescribingJson object at 0x10f3e59d0>]}
[0m10:51:51.128072 [debug] [Thread-2 (]: Began executing node test.bodega.not_null_price_trends_description_clean.61eebb4b94
[0m10:51:51.128383 [info ] [Thread-3 (]: 5 of 12 OK created sql table model gold.bodega.tax_summary ..................... [[32mOK[0m in 0.06s]
[0m10:51:51.129249 [debug] [Thread-2 (]: Writing runtime sql for node "test.bodega.not_null_price_trends_description_clean.61eebb4b94"
[0m10:51:51.129453 [debug] [Thread-1 (]: SQL status: OK in 0.002 seconds
[0m10:51:51.129784 [debug] [Thread-3 (]: Finished running node model.bodega.tax_summary
[0m10:51:51.130648 [debug] [Thread-1 (]: On model.bodega.top_products: Close
[0m10:51:51.130874 [debug] [Thread-4 (]: Began executing node test.bodega.not_null_spending_by_week_week_start.7ecb24cdbf
[0m10:51:51.131310 [debug] [Thread-1 (]: Sending event: {'category': 'dbt', 'action': 'run_model', 'label': '31e62d41-afc5-4c66-8dd8-b9d53504a690', 'context': [<snowplow_tracker.self_describing_json.SelfDescribingJson object at 0x10ef9fd90>]}
[0m10:51:51.132128 [debug] [Thread-4 (]: Writing runtime sql for node "test.bodega.not_null_spending_by_week_week_start.7ecb24cdbf"
[0m10:51:51.132356 [debug] [Thread-2 (]: Using duckdb connection "test.bodega.not_null_price_trends_description_clean.61eebb4b94"
[0m10:51:51.132565 [debug] [Thread-3 (]: Began running node test.bodega.not_null_tax_summary_month_start.2fd9eeda3c
[0m10:51:51.132857 [info ] [Thread-1 (]: 6 of 12 OK created sql table model gold.bodega.top_products .................... [[32mOK[0m in 0.06s]
[0m10:51:51.133160 [debug] [Thread-2 (]: On test.bodega.not_null_price_trends_description_clean.61eebb4b94: BEGIN
[0m10:51:51.133411 [info ] [Thread-3 (]: 11 of 12 START test not_null_tax_summary_month_start ........................... [RUN]
[0m10:51:51.133728 [debug] [Thread-1 (]: Finished running node model.bodega.top_products
[0m10:51:51.133934 [debug] [Thread-4 (]: Using duckdb connection "test.bodega.not_null_spending_by_week_week_start.7ecb24cdbf"
[0m10:51:51.134113 [debug] [Thread-2 (]: Opening a new connection, currently in state closed
[0m10:51:51.134340 [debug] [Thread-3 (]: Re-using an available connection from the pool (formerly model.bodega.tax_summary, now test.bodega.not_null_tax_summary_month_start.2fd9eeda3c)
[0m10:51:51.134566 [debug] [Thread-4 (]: On test.bodega.not_null_spending_by_week_week_start.7ecb24cdbf: BEGIN
[0m10:51:51.134874 [debug] [Thread-1 (]: Began running node test.bodega.not_null_top_products_description_clean.03adf210e6
[0m10:51:51.135062 [debug] [Thread-3 (]: Began compiling node test.bodega.not_null_tax_summary_month_start.2fd9eeda3c
[0m10:51:51.135241 [debug] [Thread-2 (]: SQL status: OK in 0.001 seconds
[0m10:51:51.135398 [debug] [Thread-4 (]: Opening a new connection, currently in state closed
[0m10:51:51.135576 [info ] [Thread-1 (]: 12 of 12 START test not_null_top_products_description_clean .................... [RUN]
[0m10:51:51.138962 [debug] [Thread-3 (]: Writing injected SQL for node "test.bodega.not_null_tax_summary_month_start.2fd9eeda3c"
[0m10:51:51.139234 [debug] [Thread-2 (]: Using duckdb connection "test.bodega.not_null_price_trends_description_clean.61eebb4b94"
[0m10:51:51.139660 [debug] [Thread-1 (]: Re-using an available connection from the pool (formerly model.bodega.top_products, now test.bodega.not_null_top_products_description_clean.03adf210e6)
[0m10:51:51.139910 [debug] [Thread-4 (]: SQL status: OK in 0.004 seconds
[0m10:51:51.140117 [debug] [Thread-2 (]: On test.bodega.not_null_price_trends_description_clean.61eebb4b94: /* {"app": "dbt", "dbt_version": "1.12.3", "profile_name": "bodega", "target_name": "local", "node_id": "test.bodega.not_null_price_trends_description_clean.61eebb4b94"} */

    
    select
      count(*) as failures,
      count(*) != 0 as should_warn,
      count(*) != 0 as should_error
    from (
      
    
  
    
    



select description_clean
from "gold"."bodega"."price_trends"
where description_clean is null



  
  
      
    ) dbt_internal_test
[0m10:51:51.140337 [debug] [Thread-1 (]: Began compiling node test.bodega.not_null_top_products_description_clean.03adf210e6
[0m10:51:51.140570 [debug] [Thread-4 (]: Using duckdb connection "test.bodega.not_null_spending_by_week_week_start.7ecb24cdbf"
[0m10:51:51.140889 [debug] [Thread-3 (]: Began executing node test.bodega.not_null_tax_summary_month_start.2fd9eeda3c
[0m10:51:51.144024 [debug] [Thread-1 (]: Writing injected SQL for node "test.bodega.not_null_top_products_description_clean.03adf210e6"
[0m10:51:51.144270 [debug] [Thread-4 (]: On test.bodega.not_null_spending_by_week_week_start.7ecb24cdbf: /* {"app": "dbt", "dbt_version": "1.12.3", "profile_name": "bodega", "target_name": "local", "node_id": "test.bodega.not_null_spending_by_week_week_start.7ecb24cdbf"} */

    
    select
      count(*) as failures,
      count(*) != 0 as should_warn,
      count(*) != 0 as should_error
    from (
      
    
  
    
    



select week_start
from "gold"."bodega"."spending_by_week"
where week_start is null



  
  
      
    ) dbt_internal_test
[0m10:51:51.144468 [debug] [Thread-2 (]: SQL status: OK in 0.004 seconds
[0m10:51:51.145197 [debug] [Thread-3 (]: Writing runtime sql for node "test.bodega.not_null_tax_summary_month_start.2fd9eeda3c"
[0m10:51:51.146175 [debug] [Thread-2 (]: On test.bodega.not_null_price_trends_description_clean.61eebb4b94: ROLLBACK
[0m10:51:51.146432 [debug] [Thread-4 (]: SQL status: OK in 0.001 seconds
[0m10:51:51.146816 [debug] [Thread-1 (]: Began executing node test.bodega.not_null_top_products_description_clean.03adf210e6
[0m10:51:51.147647 [debug] [Thread-1 (]: Writing runtime sql for node "test.bodega.not_null_top_products_description_clean.03adf210e6"
[0m10:51:51.148415 [debug] [Thread-4 (]: On test.bodega.not_null_spending_by_week_week_start.7ecb24cdbf: ROLLBACK
[0m10:51:51.148686 [debug] [Thread-3 (]: Using duckdb connection "test.bodega.not_null_tax_summary_month_start.2fd9eeda3c"
[0m10:51:51.148876 [debug] [Thread-2 (]: On test.bodega.not_null_price_trends_description_clean.61eebb4b94: Close
[0m10:51:51.149178 [debug] [Thread-3 (]: On test.bodega.not_null_tax_summary_month_start.2fd9eeda3c: BEGIN
[0m10:51:51.149367 [debug] [Thread-4 (]: On test.bodega.not_null_spending_by_week_week_start.7ecb24cdbf: Close
[0m10:51:51.149860 [debug] [Thread-3 (]: Opening a new connection, currently in state closed
[0m10:51:51.149696 [info ] [Thread-2 (]: 9 of 12 PASS not_null_price_trends_description_clean ........................... [[32mPASS[0m in 0.03s]
[0m10:51:51.150227 [info ] [Thread-4 (]: 10 of 12 PASS not_null_spending_by_week_week_start ............................. [[32mPASS[0m in 0.03s]
[0m10:51:51.150509 [debug] [Thread-1 (]: Using duckdb connection "test.bodega.not_null_top_products_description_clean.03adf210e6"
[0m10:51:51.150758 [debug] [Thread-2 (]: Finished running node test.bodega.not_null_price_trends_description_clean.61eebb4b94
[0m10:51:51.150939 [debug] [Thread-3 (]: SQL status: OK in 0.001 seconds
[0m10:51:51.151165 [debug] [Thread-4 (]: Finished running node test.bodega.not_null_spending_by_week_week_start.7ecb24cdbf
[0m10:51:51.151341 [debug] [Thread-1 (]: On test.bodega.not_null_top_products_description_clean.03adf210e6: BEGIN
[0m10:51:51.151559 [debug] [Thread-3 (]: Using duckdb connection "test.bodega.not_null_tax_summary_month_start.2fd9eeda3c"
[0m10:51:51.151780 [debug] [Thread-1 (]: Opening a new connection, currently in state closed
[0m10:51:51.151985 [debug] [Thread-3 (]: On test.bodega.not_null_tax_summary_month_start.2fd9eeda3c: /* {"app": "dbt", "dbt_version": "1.12.3", "profile_name": "bodega", "target_name": "local", "node_id": "test.bodega.not_null_tax_summary_month_start.2fd9eeda3c"} */

    
    select
      count(*) as failures,
      count(*) != 0 as should_warn,
      count(*) != 0 as should_error
    from (
      
    
  
    
    



select month_start
from "gold"."bodega"."tax_summary"
where month_start is null



  
  
      
    ) dbt_internal_test
[0m10:51:51.152319 [debug] [Thread-1 (]: SQL status: OK in 0.001 seconds
[0m10:51:51.152507 [debug] [Thread-1 (]: Using duckdb connection "test.bodega.not_null_top_products_description_clean.03adf210e6"
[0m10:51:51.152707 [debug] [Thread-1 (]: On test.bodega.not_null_top_products_description_clean.03adf210e6: /* {"app": "dbt", "dbt_version": "1.12.3", "profile_name": "bodega", "target_name": "local", "node_id": "test.bodega.not_null_top_products_description_clean.03adf210e6"} */

    
    select
      count(*) as failures,
      count(*) != 0 as should_warn,
      count(*) != 0 as should_error
    from (
      
    
  
    
    



select description_clean
from "gold"."bodega"."top_products"
where description_clean is null



  
  
      
    ) dbt_internal_test
[0m10:51:51.152897 [debug] [Thread-3 (]: SQL status: OK in 0.001 seconds
[0m10:51:51.153664 [debug] [Thread-3 (]: On test.bodega.not_null_tax_summary_month_start.2fd9eeda3c: ROLLBACK
[0m10:51:51.153895 [debug] [Thread-1 (]: SQL status: OK in 0.001 seconds
[0m10:51:51.154104 [debug] [Thread-3 (]: On test.bodega.not_null_tax_summary_month_start.2fd9eeda3c: Close
[0m10:51:51.154747 [debug] [Thread-1 (]: On test.bodega.not_null_top_products_description_clean.03adf210e6: ROLLBACK
[0m10:51:51.155125 [info ] [Thread-3 (]: 11 of 12 PASS not_null_tax_summary_month_start ................................. [[32mPASS[0m in 0.02s]
[0m10:51:51.155433 [debug] [Thread-1 (]: On test.bodega.not_null_top_products_description_clean.03adf210e6: Close
[0m10:51:51.155722 [debug] [Thread-3 (]: Finished running node test.bodega.not_null_tax_summary_month_start.2fd9eeda3c
[0m10:51:51.156042 [info ] [Thread-1 (]: 12 of 12 PASS not_null_top_products_description_clean .......................... [[32mPASS[0m in 0.02s]
[0m10:51:51.156350 [debug] [Thread-1 (]: Finished running node test.bodega.not_null_top_products_description_clean.03adf210e6
[0m10:51:51.157078 [debug] [MainThread]: Using duckdb connection "master"
[0m10:51:51.157251 [debug] [MainThread]: On master: BEGIN
[0m10:51:51.157403 [debug] [MainThread]: Opening a new connection, currently in state closed
[0m10:51:51.157672 [debug] [MainThread]: SQL status: OK in 0.000 seconds
[0m10:51:51.157852 [debug] [MainThread]: On master: COMMIT
[0m10:51:51.158012 [debug] [MainThread]: Using duckdb connection "master"
[0m10:51:51.158166 [debug] [MainThread]: On master: COMMIT
[0m10:51:51.158363 [debug] [MainThread]: SQL status: OK in 0.000 seconds
[0m10:51:51.158515 [debug] [MainThread]: On master: Close
[0m10:51:51.158708 [debug] [MainThread]: Connection 'master' was properly closed.
[0m10:51:51.158857 [debug] [MainThread]: Connection 'test.bodega.not_null_top_products_description_clean.03adf210e6' was properly closed.
[0m10:51:51.158988 [debug] [MainThread]: Connection 'test.bodega.not_null_price_trends_description_clean.61eebb4b94' was properly closed.
[0m10:51:51.159115 [debug] [MainThread]: Connection 'test.bodega.not_null_tax_summary_month_start.2fd9eeda3c' was properly closed.
[0m10:51:51.159237 [debug] [MainThread]: Connection 'test.bodega.not_null_spending_by_week_week_start.7ecb24cdbf' was properly closed.
[0m10:51:51.159407 [info ] [MainThread]: 
[0m10:51:51.159567 [info ] [MainThread]: Finished running 6 table models, 6 data tests in 0 hours 0 minutes and 0.29 seconds (0.29s).
[0m10:51:51.160429 [debug] [MainThread]: Command end result
[0m10:51:51.179964 [debug] [MainThread]: Wrote artifact WritableManifest to /Users/alvarosantosandres/personal/datahub-local-ai/workflows/dbt/projects/bodega/target/manifest.json
[0m10:51:51.181849 [debug] [MainThread]: Wrote artifact SemanticManifest to /Users/alvarosantosandres/personal/datahub-local-ai/workflows/dbt/projects/bodega/target/semantic_manifest.json
[0m10:51:51.183235 [debug] [MainThread]: Wrote artifact OsiDocument to /Users/alvarosantosandres/personal/datahub-local-ai/workflows/dbt/projects/bodega/target/osi_document.json
[0m10:51:51.187015 [debug] [MainThread]: Wrote artifact RunExecutionResult to /Users/alvarosantosandres/personal/datahub-local-ai/workflows/dbt/projects/bodega/target/run_results.json
[0m10:51:51.187215 [info ] [MainThread]: 
[0m10:51:51.187429 [info ] [MainThread]: [32mCompleted successfully[0m
[0m10:51:51.187592 [info ] [MainThread]: 
[0m10:51:51.187774 [info ] [MainThread]: Done. PASS=12 WARN=0 ERROR=0 SKIP=0 NO-OP=0 REUSED=0 TOTAL=12
[0m10:51:51.188148 [debug] [MainThread]: Resource report: {"command_name": "build", "command_success": true, "command_wall_clock_time": 0.9054164, "process_in_blocks": "0", "process_kernel_time": 0.246591, "process_mem_max_rss": "185892864", "process_out_blocks": "0", "process_user_time": 1.448231}
[0m10:51:51.188548 [debug] [MainThread]: Command `cli build` succeeded at 10:51:51.188482 after 0.91 seconds
[0m10:51:51.188778 [debug] [MainThread]: Sending event: {'category': 'dbt', 'action': 'invocation', 'label': 'end', 'context': [<snowplow_tracker.self_describing_json.SelfDescribingJson object at 0x10d409250>, <snowplow_tracker.self_describing_json.SelfDescribingJson object at 0x10ef526f0>, <snowplow_tracker.self_describing_json.SelfDescribingJson object at 0x10e8accb0>]}
[0m10:51:51.188969 [debug] [MainThread]: Flushing usage events
[0m10:51:51.810396 [debug] [MainThread]: An error was encountered while trying to flush usage events
[0m10:51:53.226603 [debug] [MainThread]: Sending event: {'category': 'dbt', 'action': 'invocation', 'label': 'start', 'context': [<snowplow_tracker.self_describing_json.SelfDescribingJson object at 0x108de2f90>, <snowplow_tracker.self_describing_json.SelfDescribingJson object at 0x10ce73890>, <snowplow_tracker.self_describing_json.SelfDescribingJson object at 0x10ce73750>]}


============================== 10:51:53.229937 | 7dbbaeb4-ac8a-4476-bc5e-fa8ea8e5cf98 ==============================
[0m10:51:53.229937 [info ] [MainThread]: Running with dbt=1.12.3
[0m10:51:53.230642 [debug] [MainThread]: running dbt with arguments {'version_check': 'True', 'warn_error_options': 'WarnErrorOptionsV2(error=[], warn=[], silence=[])', 'fail_fast': 'False', 'indirect_selection': 'eager', 'quiet': 'False', 'warn_error': 'None', 'static_parser': 'True', 'cache_selected_only': 'False', 'log_format': 'default', 'send_anonymous_usage_stats': 'True', 'use_experimental_parser': 'False', 'hints_enabled': 'True', 'log_path': '/Users/alvarosantosandres/personal/datahub-local-ai/workflows/dbt/projects/bodega/logs', 'printer_width': '80', 'use_colors': 'True', 'empty': 'None', 'partial_parse': 'True', 'profiles_dir': '/Users/alvarosantosandres/personal/datahub-local-ai/workflows/dbt/projects/bodega', 'target_path': 'None', 'debug': 'False', 'invocation_command': 'dbt tests/ --ignore=tests/example_db/test_integration.py -q', 'introspect': 'True', 'no_print': 'None', 'write_json': 'True', 'log_cache_events': 'False', 'maximum_seed_size_mib': '1'}
[0m10:51:53.356267 [debug] [MainThread]: Sending event: {'category': 'dbt', 'action': 'project_id', 'label': '7dbbaeb4-ac8a-4476-bc5e-fa8ea8e5cf98', 'context': [<snowplow_tracker.self_describing_json.SelfDescribingJson object at 0x1091d48a0>]}
[0m10:51:53.399318 [debug] [MainThread]: Sending event: {'category': 'dbt', 'action': 'adapter_info', 'label': '7dbbaeb4-ac8a-4476-bc5e-fa8ea8e5cf98', 'context': [<snowplow_tracker.self_describing_json.SelfDescribingJson object at 0x10cf53020>]}
[0m10:51:53.400877 [info ] [MainThread]: Registered adapter: duckdb=1.11.0
[0m10:51:53.469009 [debug] [MainThread]: checksum: 59a249011856ecdb0c0125045551a53b65cd388a4d7d6d24b99b9f67da16e401, vars: {}, profile: bodega, target: local, version: 1.12.3
[0m10:51:53.550094 [debug] [MainThread]: Partial parsing enabled: 0 files deleted, 0 files added, 0 files changed.
[0m10:51:53.550392 [debug] [MainThread]: Nothing changed, skipping partial parsing.
[0m10:51:53.550551 [debug] [MainThread]: Partial parsing enabled, no changes found, skipping parsing
[0m10:51:53.556541 [debug] [MainThread]: Sending event: {'category': 'dbt', 'action': 'load_project', 'label': '7dbbaeb4-ac8a-4476-bc5e-fa8ea8e5cf98', 'context': [<snowplow_tracker.self_describing_json.SelfDescribingJson object at 0x10d6a8850>]}
[0m10:51:53.558350 [info ] [MainThread]: Performance info: /Users/alvarosantosandres/personal/datahub-local-ai/workflows/dbt/projects/bodega/target/perf_info.json
[0m10:51:53.631642 [debug] [MainThread]: Wrote artifact WritableManifest to /Users/alvarosantosandres/personal/datahub-local-ai/workflows/dbt/projects/bodega/target/manifest.json
[0m10:51:53.633636 [debug] [MainThread]: Wrote artifact SemanticManifest to /Users/alvarosantosandres/personal/datahub-local-ai/workflows/dbt/projects/bodega/target/semantic_manifest.json
[0m10:51:53.642612 [debug] [MainThread]: Wrote artifact OsiDocument to /Users/alvarosantosandres/personal/datahub-local-ai/workflows/dbt/projects/bodega/target/osi_document.json
[0m10:51:53.643065 [debug] [MainThread]: Resource report: {"command_name": "parse", "command_success": true, "command_wall_clock_time": 0.5248247, "process_in_blocks": "0", "process_kernel_time": 0.413905, "process_mem_max_rss": "183156736", "process_out_blocks": "0", "process_user_time": 1.538567}
[0m10:51:53.643370 [debug] [MainThread]: Command `cli parse` succeeded at 10:51:53.643311 after 0.53 seconds
[0m10:51:53.643599 [debug] [MainThread]: Sending event: {'category': 'dbt', 'action': 'invocation', 'label': 'end', 'context': [<snowplow_tracker.self_describing_json.SelfDescribingJson object at 0x10ccb3200>, <snowplow_tracker.self_describing_json.SelfDescribingJson object at 0x10d6be5d0>, <snowplow_tracker.self_describing_json.SelfDescribingJson object at 0x10ce27e70>]}
[0m10:51:53.643951 [debug] [MainThread]: Flushing usage events
[0m10:51:54.181542 [debug] [MainThread]: An error was encountered while trying to flush usage events
[0m10:52:25.980378 [debug] [MainThread]: Sending event: {'category': 'dbt', 'action': 'invocation', 'label': 'start', 'context': [<snowplow_tracker.self_describing_json.SelfDescribingJson object at 0x1088be660>, <snowplow_tracker.self_describing_json.SelfDescribingJson object at 0x109d0b9d0>, <snowplow_tracker.self_describing_json.SelfDescribingJson object at 0x109d0b890>]}


============================== 10:52:25.984296 | 9ef6d9a3-eac1-4223-93b4-60bfd0332d68 ==============================
[0m10:52:25.984296 [info ] [MainThread]: Running with dbt=1.12.3
[0m10:52:25.984644 [debug] [MainThread]: running dbt with arguments {'fail_fast': 'False', 'introspect': 'True', 'use_experimental_parser': 'False', 'no_print': 'None', 'indirect_selection': 'eager', 'empty': 'None', 'invocation_command': 'dbt --project bodega', 'warn_error': 'None', 'send_anonymous_usage_stats': 'True', 'partial_parse': 'True', 'profiles_dir': '/Users/alvarosantosandres/personal/datahub-local-ai/workflows/dbt/projects/bodega', 'maximum_seed_size_mib': '1', 'debug': 'False', 'version_check': 'True', 'log_format': 'default', 'static_parser': 'True', 'quiet': 'False', 'hints_enabled': 'True', 'log_path': '/Users/alvarosantosandres/personal/datahub-local-ai/workflows/dbt/projects/bodega/logs', 'use_colors': 'True', 'log_cache_events': 'False', 'printer_width': '80', 'warn_error_options': 'WarnErrorOptionsV2(error=[], warn=[], silence=[])', 'target_path': 'None', 'cache_selected_only': 'False', 'write_json': 'True'}
[0m10:52:26.195106 [debug] [MainThread]: Sending event: {'category': 'dbt', 'action': 'project_id', 'label': '9ef6d9a3-eac1-4223-93b4-60bfd0332d68', 'context': [<snowplow_tracker.self_describing_json.SelfDescribingJson object at 0x108bc75c0>]}
[0m10:52:26.239843 [debug] [MainThread]: Sending event: {'category': 'dbt', 'action': 'adapter_info', 'label': '9ef6d9a3-eac1-4223-93b4-60bfd0332d68', 'context': [<snowplow_tracker.self_describing_json.SelfDescribingJson object at 0x109f77130>]}
[0m10:52:26.241923 [info ] [MainThread]: Registered adapter: duckdb=1.11.0
[0m10:52:26.301093 [debug] [MainThread]: checksum: 59a249011856ecdb0c0125045551a53b65cd388a4d7d6d24b99b9f67da16e401, vars: {}, profile: bodega, target: local, version: 1.12.3
[0m10:52:26.401437 [info ] [MainThread]: Unable to do partial parsing because profile has changed
[0m10:52:26.401786 [debug] [MainThread]: Sending event: {'category': 'dbt', 'action': 'partial_parser', 'label': '9ef6d9a3-eac1-4223-93b4-60bfd0332d68', 'context': [<snowplow_tracker.self_describing_json.SelfDescribingJson object at 0x10a3d9f50>]}
[0m10:52:27.260745 [debug] [MainThread]: Sending event: {'category': 'dbt', 'action': 'load_project', 'label': '9ef6d9a3-eac1-4223-93b4-60bfd0332d68', 'context': [<snowplow_tracker.self_describing_json.SelfDescribingJson object at 0x10a2475c0>]}
[0m10:52:27.262827 [info ] [MainThread]: Performance info: /Users/alvarosantosandres/personal/datahub-local-ai/workflows/dbt/projects/bodega/target/perf_info.json
[0m10:52:27.316319 [debug] [MainThread]: Wrote artifact WritableManifest to /Users/alvarosantosandres/personal/datahub-local-ai/workflows/dbt/projects/bodega/target/manifest.json
[0m10:52:27.319122 [debug] [MainThread]: Wrote artifact SemanticManifest to /Users/alvarosantosandres/personal/datahub-local-ai/workflows/dbt/projects/bodega/target/semantic_manifest.json
[0m10:52:27.330843 [debug] [MainThread]: Wrote artifact OsiDocument to /Users/alvarosantosandres/personal/datahub-local-ai/workflows/dbt/projects/bodega/target/osi_document.json
[0m10:52:27.331247 [debug] [MainThread]: Resource report: {"command_name": "parse", "command_success": true, "command_wall_clock_time": 1.4228872, "process_in_blocks": "0", "process_kernel_time": 0.278972, "process_mem_max_rss": "166838272", "process_out_blocks": "0", "process_user_time": 1.963152}
[0m10:52:27.331515 [debug] [MainThread]: Command `cli parse` succeeded at 10:52:27.331460 after 1.42 seconds
[0m10:52:27.331728 [debug] [MainThread]: Sending event: {'category': 'dbt', 'action': 'invocation', 'label': 'end', 'context': [<snowplow_tracker.self_describing_json.SelfDescribingJson object at 0x109cb3e70>, <snowplow_tracker.self_describing_json.SelfDescribingJson object at 0x109cb2dd0>, <snowplow_tracker.self_describing_json.SelfDescribingJson object at 0x10a934940>]}
[0m10:52:27.331930 [debug] [MainThread]: Flushing usage events
[0m10:52:27.981990 [debug] [MainThread]: An error was encountered while trying to flush usage events
[0m10:57:45.020964 [debug] [MainThread]: Sending event: {'category': 'dbt', 'action': 'invocation', 'label': 'start', 'context': [<snowplow_tracker.self_describing_json.SelfDescribingJson object at 0x108dca660>, <snowplow_tracker.self_describing_json.SelfDescribingJson object at 0x10a2179d0>, <snowplow_tracker.self_describing_json.SelfDescribingJson object at 0x10a217890>]}


============================== 10:57:45.025348 | c86480ce-d58c-4b58-b473-5d225b550702 ==============================
[0m10:57:45.025348 [info ] [MainThread]: Running with dbt=1.12.3
[0m10:57:45.025737 [debug] [MainThread]: running dbt with arguments {'cache_selected_only': 'False', 'partial_parse': 'True', 'warn_error_options': 'WarnErrorOptionsV2(error=[], warn=[], silence=[])', 'use_colors': 'True', 'log_path': '/Users/alvarosantosandres/personal/datahub-local-ai/workflows/dbt/projects/bodega/logs', 'log_cache_events': 'False', 'printer_width': '80', 'log_format': 'default', 'maximum_seed_size_mib': '1', 'hints_enabled': 'True', 'version_check': 'True', 'static_parser': 'True', 'quiet': 'False', 'profiles_dir': '/Users/alvarosantosandres/personal/datahub-local-ai/workflows/dbt/projects/bodega', 'invocation_command': 'dbt --project bodega', 'send_anonymous_usage_stats': 'True', 'empty': 'None', 'no_print': 'None', 'introspect': 'True', 'fail_fast': 'False', 'debug': 'False', 'target_path': 'None', 'use_experimental_parser': 'False', 'indirect_selection': 'eager', 'warn_error': 'None', 'write_json': 'True'}
[0m10:57:45.241246 [debug] [MainThread]: Sending event: {'category': 'dbt', 'action': 'project_id', 'label': 'c86480ce-d58c-4b58-b473-5d225b550702', 'context': [<snowplow_tracker.self_describing_json.SelfDescribingJson object at 0x1090d35c0>]}
[0m10:57:45.287614 [debug] [MainThread]: Sending event: {'category': 'dbt', 'action': 'adapter_info', 'label': 'c86480ce-d58c-4b58-b473-5d225b550702', 'context': [<snowplow_tracker.self_describing_json.SelfDescribingJson object at 0x10a483130>]}
[0m10:57:45.289749 [info ] [MainThread]: Registered adapter: duckdb=1.11.0
[0m10:57:45.350024 [debug] [MainThread]: checksum: 59a249011856ecdb0c0125045551a53b65cd388a4d7d6d24b99b9f67da16e401, vars: {}, profile: bodega, target: local, version: 1.12.3
[0m10:57:45.485241 [debug] [MainThread]: Partial parsing enabled: 0 files deleted, 0 files added, 0 files changed.
[0m10:57:45.485538 [debug] [MainThread]: Nothing changed, skipping partial parsing.
[0m10:57:45.485692 [debug] [MainThread]: Partial parsing enabled, no changes found, skipping parsing
[0m10:57:45.491196 [debug] [MainThread]: Sending event: {'category': 'dbt', 'action': 'load_project', 'label': 'c86480ce-d58c-4b58-b473-5d225b550702', 'context': [<snowplow_tracker.self_describing_json.SelfDescribingJson object at 0x10a8ea350>]}
[0m10:57:45.493270 [info ] [MainThread]: Performance info: /Users/alvarosantosandres/personal/datahub-local-ai/workflows/dbt/projects/bodega/target/perf_info.json
[0m10:57:45.566167 [debug] [MainThread]: Wrote artifact WritableManifest to /Users/alvarosantosandres/personal/datahub-local-ai/workflows/dbt/projects/bodega/target/manifest.json
[0m10:57:45.568198 [debug] [MainThread]: Wrote artifact SemanticManifest to /Users/alvarosantosandres/personal/datahub-local-ai/workflows/dbt/projects/bodega/target/semantic_manifest.json
[0m10:57:45.580367 [debug] [MainThread]: Wrote artifact OsiDocument to /Users/alvarosantosandres/personal/datahub-local-ai/workflows/dbt/projects/bodega/target/osi_document.json
[0m10:57:45.580769 [debug] [MainThread]: Resource report: {"command_name": "parse", "command_success": true, "command_wall_clock_time": 0.64498043, "process_in_blocks": "0", "process_kernel_time": 0.274926, "process_mem_max_rss": "151732224", "process_out_blocks": "0", "process_user_time": 1.205847}
[0m10:57:45.581026 [debug] [MainThread]: Command `cli parse` succeeded at 10:57:45.580974 after 0.65 seconds
[0m10:57:45.581242 [debug] [MainThread]: Sending event: {'category': 'dbt', 'action': 'invocation', 'label': 'end', 'context': [<snowplow_tracker.self_describing_json.SelfDescribingJson object at 0x10a640410>, <snowplow_tracker.self_describing_json.SelfDescribingJson object at 0x10a77e990>, <snowplow_tracker.self_describing_json.SelfDescribingJson object at 0x10a1bfe70>]}
[0m10:57:45.581429 [debug] [MainThread]: Flushing usage events
[0m10:57:46.161874 [debug] [MainThread]: An error was encountered while trying to flush usage events
[0m11:00:35.631191 [debug] [MainThread]: Sending event: {'category': 'dbt', 'action': 'invocation', 'label': 'start', 'context': [<snowplow_tracker.self_describing_json.SelfDescribingJson object at 0x109212270>, <snowplow_tracker.self_describing_json.SelfDescribingJson object at 0x10a68b890>, <snowplow_tracker.self_describing_json.SelfDescribingJson object at 0x10a68b9d0>]}


============================== 11:00:35.635028 | d60c3743-e367-4d82-a3f6-9973815efff6 ==============================
[0m11:00:35.635028 [info ] [MainThread]: Running with dbt=1.12.3
[0m11:00:35.635861 [debug] [MainThread]: running dbt with arguments {'write_json': 'True', 'partial_parse': 'True', 'maximum_seed_size_mib': '1', 'target_path': 'None', 'log_path': '/Users/alvarosantosandres/personal/datahub-local-ai/workflows/dbt/projects/bodega/logs', 'use_colors': 'True', 'indirect_selection': 'eager', 'cache_selected_only': 'False', 'empty': 'False', 'log_format': 'default', 'invocation_command': 'dbt --project bodega --target local --select silver.* --full-refresh', 'no_print': 'None', 'hints_enabled': 'True', 'use_experimental_parser': 'False', 'debug': 'False', 'warn_error': 'None', 'warn_error_options': 'WarnErrorOptionsV2(error=[], warn=[], silence=[])', 'quiet': 'False', 'version_check': 'True', 'send_anonymous_usage_stats': 'True', 'printer_width': '80', 'log_cache_events': 'False', 'fail_fast': 'False', 'introspect': 'True', 'static_parser': 'True', 'profiles_dir': '/Users/alvarosantosandres/personal/datahub-local-ai/workflows/dbt/projects/bodega'}
[0m11:00:35.786785 [debug] [MainThread]: Sending event: {'category': 'dbt', 'action': 'project_id', 'label': 'd60c3743-e367-4d82-a3f6-9973815efff6', 'context': [<snowplow_tracker.self_describing_json.SelfDescribingJson object at 0x109532190>]}
[0m11:00:35.876208 [debug] [MainThread]: Sending event: {'category': 'dbt', 'action': 'adapter_info', 'label': 'd60c3743-e367-4d82-a3f6-9973815efff6', 'context': [<snowplow_tracker.self_describing_json.SelfDescribingJson object at 0x10a61d370>]}
[0m11:00:35.878303 [info ] [MainThread]: Registered adapter: duckdb=1.11.0
[0m11:00:35.949236 [debug] [MainThread]: checksum: 59a249011856ecdb0c0125045551a53b65cd388a4d7d6d24b99b9f67da16e401, vars: {}, profile: bodega, target: local, version: 1.12.3
[0m11:00:36.012012 [info ] [MainThread]: Unable to do partial parsing because profile has changed
[0m11:00:36.012376 [debug] [MainThread]: Sending event: {'category': 'dbt', 'action': 'partial_parser', 'label': 'd60c3743-e367-4d82-a3f6-9973815efff6', 'context': [<snowplow_tracker.self_describing_json.SelfDescribingJson object at 0x10ac53350>]}
[0m11:00:36.869313 [debug] [MainThread]: Sending event: {'category': 'dbt', 'action': 'load_project', 'label': 'd60c3743-e367-4d82-a3f6-9973815efff6', 'context': [<snowplow_tracker.self_describing_json.SelfDescribingJson object at 0x10aec0e60>]}
[0m11:00:36.924819 [debug] [MainThread]: Wrote artifact WritableManifest to /Users/alvarosantosandres/personal/datahub-local-ai/workflows/dbt/projects/bodega/target/manifest.json
[0m11:00:36.927616 [debug] [MainThread]: Wrote artifact SemanticManifest to /Users/alvarosantosandres/personal/datahub-local-ai/workflows/dbt/projects/bodega/target/semantic_manifest.json
[0m11:00:36.941296 [debug] [MainThread]: Wrote artifact OsiDocument to /Users/alvarosantosandres/personal/datahub-local-ai/workflows/dbt/projects/bodega/target/osi_document.json
[0m11:00:36.960954 [debug] [MainThread]: Sending event: {'category': 'dbt', 'action': 'resource_counts', 'label': 'd60c3743-e367-4d82-a3f6-9973815efff6', 'context': [<snowplow_tracker.self_describing_json.SelfDescribingJson object at 0x10b356430>]}
[0m11:00:36.961393 [info ] [MainThread]: Found 10 models, 14 data tests, 2 sources, 516 macros
[0m11:00:36.962853 [info ] [MainThread]: 
[0m11:00:36.963115 [info ] [MainThread]: Concurrency: 4 threads (target='local')
[0m11:00:36.963284 [info ] [MainThread]: 
[0m11:00:36.963594 [debug] [MainThread]: Acquiring new duckdb connection 'master'
[0m11:00:36.966318 [debug] [ThreadPool]: Acquiring new duckdb connection 'list_silver'
[0m11:00:37.023359 [debug] [ThreadPool]: Using duckdb connection "list_silver"
[0m11:00:37.023656 [debug] [ThreadPool]: On list_silver: /* {"app": "dbt", "dbt_version": "1.12.3", "profile_name": "bodega", "target_name": "local", "connection_name": "list_silver"} */

    
    select schema_name
    from system.information_schema.schemata
    
    where lower(catalog_name) = '"silver"'
    
  
  
[0m11:00:37.023834 [debug] [ThreadPool]: Opening a new connection, currently in state init
[0m11:00:37.034157 [debug] [ThreadPool]: SQL status: OK in 0.010 seconds
[0m11:00:37.035206 [debug] [ThreadPool]: On list_silver: Close
[0m11:00:37.035626 [debug] [ThreadPool]: Re-using an available connection from the pool (formerly list_silver, now create_silver_bodega)
[0m11:00:37.035916 [debug] [ThreadPool]: Creating schema "database: "silver"
schema: "bodega"
"
[0m11:00:37.039293 [debug] [ThreadPool]: Using duckdb connection "create_silver_bodega"
[0m11:00:37.039485 [debug] [ThreadPool]: On create_silver_bodega: /* {"app": "dbt", "dbt_version": "1.12.3", "profile_name": "bodega", "target_name": "local", "connection_name": "create_silver_bodega"} */

    
        select type from duckdb_databases()
        where lower(database_name)='silver'
        and type != 'duckdb'
    
  
[0m11:00:37.039637 [debug] [ThreadPool]: Opening a new connection, currently in state closed
[0m11:00:37.040468 [debug] [ThreadPool]: SQL status: OK in 0.001 seconds
[0m11:00:37.041092 [debug] [ThreadPool]: Using duckdb connection "create_silver_bodega"
[0m11:00:37.041242 [debug] [ThreadPool]: On create_silver_bodega: BEGIN
[0m11:00:37.041451 [debug] [ThreadPool]: SQL status: OK in 0.000 seconds
[0m11:00:37.041751 [debug] [ThreadPool]: Using duckdb connection "create_silver_bodega"
[0m11:00:37.041955 [debug] [ThreadPool]: On create_silver_bodega: /* {"app": "dbt", "dbt_version": "1.12.3", "profile_name": "bodega", "target_name": "local", "connection_name": "create_silver_bodega"} */

    
    
        create schema if not exists "silver"."bodega"
    
[0m11:00:37.042238 [debug] [ThreadPool]: SQL status: OK in 0.000 seconds
[0m11:00:37.042698 [debug] [ThreadPool]: On create_silver_bodega: COMMIT
[0m11:00:37.042861 [debug] [ThreadPool]: Using duckdb connection "create_silver_bodega"
[0m11:00:37.043002 [debug] [ThreadPool]: On create_silver_bodega: COMMIT
[0m11:00:37.043589 [debug] [ThreadPool]: SQL status: OK in 0.000 seconds
[0m11:00:37.043861 [debug] [ThreadPool]: On create_silver_bodega: Close
[0m11:00:37.044910 [debug] [ThreadPool]: Re-using an available connection from the pool (formerly create_silver_bodega, now list_gold_bodega)
[0m11:00:37.047454 [debug] [ThreadPool]: Using duckdb connection "list_gold_bodega"
[0m11:00:37.047751 [debug] [ThreadPool]: Acquiring new duckdb connection 'list_silver_bodega'
[0m11:00:37.047932 [debug] [ThreadPool]: On list_gold_bodega: BEGIN
[0m11:00:37.048459 [debug] [ThreadPool]: Using duckdb connection "list_silver_bodega"
[0m11:00:37.048627 [debug] [ThreadPool]: Opening a new connection, currently in state closed
[0m11:00:37.048792 [debug] [ThreadPool]: On list_silver_bodega: BEGIN
[0m11:00:37.049058 [debug] [ThreadPool]: Opening a new connection, currently in state init
[0m11:00:37.049258 [debug] [ThreadPool]: SQL status: OK in 0.001 seconds
[0m11:00:37.049412 [debug] [ThreadPool]: Using duckdb connection "list_gold_bodega"
[0m11:00:37.049553 [debug] [ThreadPool]: SQL status: OK in 0.000 seconds
[0m11:00:37.049703 [debug] [ThreadPool]: On list_gold_bodega: /* {"app": "dbt", "dbt_version": "1.12.3", "profile_name": "bodega", "target_name": "local", "connection_name": "list_gold_bodega"} */
select
      'gold' as database,
      table_name as name,
      table_schema as schema,
      CASE table_type
        WHEN 'BASE TABLE' THEN 'table'
        WHEN 'VIEW' THEN 'view'
        WHEN 'LOCAL TEMPORARY' THEN 'table'
        END as type
    from system.information_schema.tables
    where lower(table_schema) = 'bodega'
    and lower(table_catalog) = 'gold'
  
[0m11:00:37.049893 [debug] [ThreadPool]: Using duckdb connection "list_silver_bodega"
[0m11:00:37.050204 [debug] [ThreadPool]: On list_silver_bodega: /* {"app": "dbt", "dbt_version": "1.12.3", "profile_name": "bodega", "target_name": "local", "connection_name": "list_silver_bodega"} */
select
      'silver' as database,
      table_name as name,
      table_schema as schema,
      CASE table_type
        WHEN 'BASE TABLE' THEN 'table'
        WHEN 'VIEW' THEN 'view'
        WHEN 'LOCAL TEMPORARY' THEN 'table'
        END as type
    from system.information_schema.tables
    where lower(table_schema) = 'bodega'
    and lower(table_catalog) = 'silver'
  
[0m11:00:37.052295 [debug] [ThreadPool]: SQL status: OK in 0.002 seconds
[0m11:00:37.052507 [debug] [ThreadPool]: SQL status: OK in 0.002 seconds
[0m11:00:37.053155 [debug] [ThreadPool]: On list_silver_bodega: ROLLBACK
[0m11:00:37.053686 [debug] [ThreadPool]: On list_gold_bodega: ROLLBACK
[0m11:00:37.053969 [debug] [ThreadPool]: On list_silver_bodega: Close
[0m11:00:37.054163 [debug] [ThreadPool]: On list_gold_bodega: Close
[0m11:00:37.054621 [debug] [MainThread]: Sending event: {'category': 'dbt', 'action': 'runnable_timing', 'label': 'd60c3743-e367-4d82-a3f6-9973815efff6', 'context': [<snowplow_tracker.self_describing_json.SelfDescribingJson object at 0x10b607040>]}
[0m11:00:37.054919 [debug] [MainThread]: Using duckdb connection "master"
[0m11:00:37.055081 [debug] [MainThread]: On master: BEGIN
[0m11:00:37.055222 [debug] [MainThread]: Opening a new connection, currently in state init
[0m11:00:37.055475 [debug] [MainThread]: SQL status: OK in 0.000 seconds
[0m11:00:37.055623 [debug] [MainThread]: On master: COMMIT
[0m11:00:37.055769 [debug] [MainThread]: Using duckdb connection "master"
[0m11:00:37.055906 [debug] [MainThread]: On master: COMMIT
[0m11:00:37.056096 [debug] [MainThread]: SQL status: OK in 0.000 seconds
[0m11:00:37.056240 [debug] [MainThread]: On master: Close
[0m11:00:37.057866 [debug] [Thread-4 (]: Began running node model.bodega.stores
[0m11:00:37.058084 [debug] [Thread-1 (]: Began running node model.bodega.invoice_items
[0m11:00:37.058317 [debug] [Thread-3 (]: Began running node model.bodega.invoices
[0m11:00:37.058532 [debug] [Thread-2 (]: Began running node model.bodega.invoice_taxes
[0m11:00:37.058834 [info ] [Thread-4 (]: 4 of 12 START sql table model silver.bodega.stores ............................. [RUN]
[0m11:00:37.059271 [info ] [Thread-1 (]: 1 of 12 START sql table model silver.bodega.invoice_items ...................... [RUN]
[0m11:00:37.059673 [info ] [Thread-3 (]: 3 of 12 START sql table model silver.bodega.invoices ........................... [RUN]
[0m11:00:37.059932 [info ] [Thread-2 (]: 2 of 12 START sql table model silver.bodega.invoice_taxes ...................... [RUN]
[0m11:00:37.060264 [debug] [Thread-4 (]: Acquiring new duckdb connection 'model.bodega.stores'
[0m11:00:37.060493 [debug] [Thread-1 (]: Re-using an available connection from the pool (formerly list_gold_bodega, now model.bodega.invoice_items)
[0m11:00:37.060730 [debug] [Thread-3 (]: Acquiring new duckdb connection 'model.bodega.invoices'
[0m11:00:37.060919 [debug] [Thread-2 (]: Re-using an available connection from the pool (formerly list_silver_bodega, now model.bodega.invoice_taxes)
[0m11:00:37.061104 [debug] [Thread-4 (]: Began compiling node model.bodega.stores
[0m11:00:37.061280 [debug] [Thread-1 (]: Began compiling node model.bodega.invoice_items
[0m11:00:37.061443 [debug] [Thread-3 (]: Began compiling node model.bodega.invoices
[0m11:00:37.061602 [debug] [Thread-2 (]: Began compiling node model.bodega.invoice_taxes
[0m11:00:37.065467 [debug] [Thread-4 (]: Writing injected SQL for node "model.bodega.stores"
[0m11:00:37.067591 [debug] [Thread-1 (]: Writing injected SQL for node "model.bodega.invoice_items"
[0m11:00:37.069427 [debug] [Thread-3 (]: Writing injected SQL for node "model.bodega.invoices"
[0m11:00:37.070778 [debug] [Thread-2 (]: Writing injected SQL for node "model.bodega.invoice_taxes"
[0m11:00:37.071669 [debug] [Thread-2 (]: Began executing node model.bodega.invoice_taxes
[0m11:00:37.086993 [debug] [Thread-1 (]: Began executing node model.bodega.invoice_items
[0m11:00:37.087299 [debug] [Thread-4 (]: Began executing node model.bodega.stores
[0m11:00:37.095895 [debug] [Thread-2 (]: Writing runtime sql for node "model.bodega.invoice_taxes"
[0m11:00:37.097466 [debug] [Thread-1 (]: Writing runtime sql for node "model.bodega.invoice_items"
[0m11:00:37.099017 [debug] [Thread-4 (]: Writing runtime sql for node "model.bodega.stores"
[0m11:00:37.099504 [debug] [Thread-3 (]: Began executing node model.bodega.invoices
[0m11:00:37.100235 [debug] [Thread-2 (]: Using duckdb connection "model.bodega.invoice_taxes"
[0m11:00:37.100653 [debug] [Thread-1 (]: Using duckdb connection "model.bodega.invoice_items"
[0m11:00:37.102240 [debug] [Thread-3 (]: Writing runtime sql for node "model.bodega.invoices"
[0m11:00:37.102543 [debug] [Thread-4 (]: Using duckdb connection "model.bodega.stores"
[0m11:00:37.102826 [debug] [Thread-2 (]: On model.bodega.invoice_taxes: BEGIN
[0m11:00:37.103047 [debug] [Thread-1 (]: On model.bodega.invoice_items: BEGIN
[0m11:00:37.103295 [debug] [Thread-4 (]: On model.bodega.stores: BEGIN
[0m11:00:37.103496 [debug] [Thread-2 (]: Opening a new connection, currently in state closed
[0m11:00:37.103705 [debug] [Thread-1 (]: Opening a new connection, currently in state closed
[0m11:00:37.103901 [debug] [Thread-4 (]: Opening a new connection, currently in state init
[0m11:00:37.104256 [debug] [Thread-3 (]: Using duckdb connection "model.bodega.invoices"
[0m11:00:37.104539 [debug] [Thread-2 (]: SQL status: OK in 0.001 seconds
[0m11:00:37.104818 [debug] [Thread-1 (]: SQL status: OK in 0.001 seconds
[0m11:00:37.105020 [debug] [Thread-3 (]: On model.bodega.invoices: BEGIN
[0m11:00:37.105223 [debug] [Thread-2 (]: Using duckdb connection "model.bodega.invoice_taxes"
[0m11:00:37.105405 [debug] [Thread-4 (]: SQL status: OK in 0.001 seconds
[0m11:00:37.105634 [debug] [Thread-1 (]: Using duckdb connection "model.bodega.invoice_items"
[0m11:00:37.105826 [debug] [Thread-3 (]: Opening a new connection, currently in state init
[0m11:00:37.106036 [debug] [Thread-2 (]: On model.bodega.invoice_taxes: /* {"app": "dbt", "dbt_version": "1.12.3", "profile_name": "bodega", "target_name": "local", "node_id": "model.bodega.invoice_taxes"} */

    

    create  table
      "silver"."bodega"."invoice_taxes__dbt_tmp"
  
    
    as (
      SELECT
    b.invoice_number,
    b.supermarket,
    CAST(strptime(b.invoice_date, '%Y-%m-%dT%H:%M:%S') AS DATE)              AS invoice_date,
    json_extract_string(_it.elem, '$.rate')                     AS tax_rate,
    CAST(json_extract_string(_it.elem, '$.base') AS DOUBLE)     AS base_amount,
    CAST(json_extract_string(_it.elem, '$.tax') AS DOUBLE)     AS tax_amount
FROM "bronze"."bodega"."raw_invoices" AS b
CROSS JOIN (
        SELECT json_extract(b.taxes_json, '$[' || g.i || ']') AS elem, g.i + 1 AS pos
        FROM range(CAST(json_array_length(CAST(b.taxes_json AS JSON)) AS BIGINT)) AS g(i)
    ) AS _it
    );
    
  
[0m11:00:37.106246 [debug] [Thread-4 (]: Using duckdb connection "model.bodega.stores"
[0m11:00:37.106459 [debug] [Thread-1 (]: On model.bodega.invoice_items: /* {"app": "dbt", "dbt_version": "1.12.3", "profile_name": "bodega", "target_name": "local", "node_id": "model.bodega.invoice_items"} */

    

    create  table
      "silver"."bodega"."invoice_items__dbt_tmp"
  
    
    as (
      SELECT
    b.invoice_number,
    CAST(_it.pos AS INTEGER)                                                       AS item_position,
    CAST(strptime(b.invoice_date, '%Y-%m-%dT%H:%M:%S') AS DATE)                          AS invoice_date,
    b.store_vat_id,
    b.supermarket,
    json_extract_string(_it.elem, '$.description')                          AS description_raw,
    trim(upper(json_extract_string(_it.elem, '$.description')))             AS description_clean,
    CAST(json_extract_string(_it.elem, '$.quantity') AS DOUBLE)             AS quantity,
    CASE
        WHEN CAST(json_extract_string(_it.elem, '$.quantity') AS DOUBLE)
             != FLOOR(CAST(json_extract_string(_it.elem, '$.quantity') AS DOUBLE))
        THEN 'KG' ELSE 'EA'
    END                                                                            AS unit,
    CAST(json_extract_string(_it.elem, '$.unit_price') AS DOUBLE)           AS unit_price,
    CAST(json_extract_string(_it.elem, '$.total') AS DOUBLE)                AS total_amount
FROM "bronze"."bodega"."raw_invoices" AS b
CROSS JOIN (
        SELECT json_extract(b.items_json, '$[' || g.i || ']') AS elem, g.i + 1 AS pos
        FROM range(CAST(json_array_length(CAST(b.items_json AS JSON)) AS BIGINT)) AS g(i)
    ) AS _it
    );
    
  
[0m11:00:37.106933 [debug] [Thread-4 (]: On model.bodega.stores: /* {"app": "dbt", "dbt_version": "1.12.3", "profile_name": "bodega", "target_name": "local", "node_id": "model.bodega.stores"} */

    

    create  table
      "silver"."bodega"."stores__dbt_tmp"
  
    
    as (
      
WITH ranked AS (
    SELECT
        store_vat_id,
        store_name,
        store_address,
        store_phone,
        supermarket,
        CAST(strptime(invoice_date, '%Y-%m-%dT%H:%M:%S') AS DATE)                     AS invoice_date,
        ROW_NUMBER() OVER (
            PARTITION BY store_vat_id
            ORDER BY strptime(invoice_date, '%Y-%m-%dT%H:%M:%S') DESC, invoice_number DESC
        )                                                                       AS rn
    FROM "bronze"."bodega"."raw_invoices"
)

SELECT
    ranked.store_vat_id                                                         AS store_id,
    trim(upper(ranked.store_name))                                              AS name,
    ranked.store_vat_id                                                         AS vat_id,
    ranked.store_address                                                        AS address,
    ranked.store_phone                                                          AS phone,
    ranked.supermarket,
    seen.first_seen_date,
    seen.last_seen_date
FROM ranked
JOIN (
    SELECT
        store_vat_id,
        MIN(invoice_date)                                                       AS first_seen_date,
        MAX(invoice_date)                                                       AS last_seen_date
    FROM ranked
    GROUP BY store_vat_id
) AS seen ON seen.store_vat_id = ranked.store_vat_id
WHERE ranked.rn = 1
    );
    
  
[0m11:00:37.107180 [debug] [Thread-3 (]: SQL status: OK in 0.001 seconds
[0m11:00:37.107663 [debug] [Thread-3 (]: Using duckdb connection "model.bodega.invoices"
[0m11:00:37.107904 [debug] [Thread-3 (]: On model.bodega.invoices: /* {"app": "dbt", "dbt_version": "1.12.3", "profile_name": "bodega", "target_name": "local", "node_id": "model.bodega.invoices"} */

    

    create  table
      "silver"."bodega"."invoices__dbt_tmp"
  
    
    as (
      SELECT
    invoice_number,
    strptime(invoice_date, '%Y-%m-%dT%H:%M:%S')                               AS invoice_datetime,
    CAST(strptime(invoice_date, '%Y-%m-%dT%H:%M:%S') AS DATE)                 AS invoice_date,
    year(strptime(invoice_date, '%Y-%m-%dT%H:%M:%S'))                        AS invoice_year,
    month(strptime(invoice_date, '%Y-%m-%dT%H:%M:%S'))                       AS invoice_month,
    week(strptime(invoice_date, '%Y-%m-%dT%H:%M:%S'))                        AS invoice_week,
    operator_id,
    store_vat_id,
    trim(upper(store_name))                                             AS store_name,
    total_amount,
    (
        SELECT SUM(CAST(json_extract_string(e, '$.tax') AS DOUBLE))
        FROM UNNEST(json_extract(taxes_json, '$[*]')) AS u(e)
    )                          AS total_tax_amount,
    (
        SELECT SUM(CAST(json_extract_string(e, '$.base') AS DOUBLE))
        FROM UNNEST(json_extract(taxes_json, '$[*]')) AS u(e)
    )                         AS total_base_amount,
    payment_method,
    card_type,
    card_number_masked,
    supermarket,
    json_array_length(CAST(items_json AS JSON))                                 AS item_count,
    _ingested_at
FROM "bronze"."bodega"."raw_invoices"
    );
    
  
[0m11:00:37.113193 [debug] [Thread-2 (]: SQL status: OK in 0.006 seconds
[0m11:00:37.116153 [debug] [Thread-2 (]: Using duckdb connection "model.bodega.invoice_taxes"
[0m11:00:37.116380 [debug] [Thread-2 (]: On model.bodega.invoice_taxes: /* {"app": "dbt", "dbt_version": "1.12.3", "profile_name": "bodega", "target_name": "local", "node_id": "model.bodega.invoice_taxes"} */
alter table "silver"."bodega"."invoice_taxes__dbt_tmp" rename to "invoice_taxes"
[0m11:00:37.116733 [debug] [Thread-3 (]: SQL status: OK in 0.009 seconds
[0m11:00:37.117445 [debug] [Thread-1 (]: SQL status: OK in 0.010 seconds
[0m11:00:37.117690 [debug] [Thread-4 (]: SQL status: OK in 0.010 seconds
[0m11:00:37.118879 [debug] [Thread-3 (]: Using duckdb connection "model.bodega.invoices"
[0m11:00:37.120309 [debug] [Thread-1 (]: Using duckdb connection "model.bodega.invoice_items"
[0m11:00:37.120521 [debug] [Thread-2 (]: SQL status: OK in 0.003 seconds
[0m11:00:37.121469 [debug] [Thread-4 (]: Using duckdb connection "model.bodega.stores"
[0m11:00:37.121683 [debug] [Thread-3 (]: On model.bodega.invoices: /* {"app": "dbt", "dbt_version": "1.12.3", "profile_name": "bodega", "target_name": "local", "node_id": "model.bodega.invoices"} */
alter table "silver"."bodega"."invoices__dbt_tmp" rename to "invoices"
[0m11:00:37.121888 [debug] [Thread-1 (]: On model.bodega.invoice_items: /* {"app": "dbt", "dbt_version": "1.12.3", "profile_name": "bodega", "target_name": "local", "node_id": "model.bodega.invoice_items"} */
alter table "silver"."bodega"."invoice_items__dbt_tmp" rename to "invoice_items"
[0m11:00:37.129573 [debug] [Thread-2 (]: On model.bodega.invoice_taxes: COMMIT
[0m11:00:37.129821 [debug] [Thread-4 (]: On model.bodega.stores: /* {"app": "dbt", "dbt_version": "1.12.3", "profile_name": "bodega", "target_name": "local", "node_id": "model.bodega.stores"} */
alter table "silver"."bodega"."stores__dbt_tmp" rename to "stores"
[0m11:00:37.130275 [debug] [Thread-2 (]: Using duckdb connection "model.bodega.invoice_taxes"
[0m11:00:37.130508 [debug] [Thread-1 (]: SQL status: OK in 0.000 seconds
[0m11:00:37.130686 [debug] [Thread-3 (]: SQL status: OK in 0.001 seconds
[0m11:00:37.131013 [debug] [Thread-2 (]: On model.bodega.invoice_taxes: COMMIT
[0m11:00:37.131340 [debug] [Thread-4 (]: SQL status: OK in 0.000 seconds
[0m11:00:37.132090 [debug] [Thread-1 (]: On model.bodega.invoice_items: COMMIT
[0m11:00:37.132726 [debug] [Thread-3 (]: On model.bodega.invoices: COMMIT
[0m11:00:37.133726 [debug] [Thread-4 (]: On model.bodega.stores: COMMIT
[0m11:00:37.134012 [debug] [Thread-1 (]: Using duckdb connection "model.bodega.invoice_items"
[0m11:00:37.134187 [debug] [Thread-2 (]: SQL status: OK in 0.001 seconds
[0m11:00:37.134366 [debug] [Thread-3 (]: Using duckdb connection "model.bodega.invoices"
[0m11:00:37.134537 [debug] [Thread-4 (]: Using duckdb connection "model.bodega.stores"
[0m11:00:37.134706 [debug] [Thread-1 (]: On model.bodega.invoice_items: COMMIT
[0m11:00:37.137059 [debug] [Thread-2 (]: Using duckdb connection "model.bodega.invoice_taxes"
[0m11:00:37.137283 [debug] [Thread-3 (]: On model.bodega.invoices: COMMIT
[0m11:00:37.137485 [debug] [Thread-4 (]: On model.bodega.stores: COMMIT
[0m11:00:37.138017 [debug] [Thread-2 (]: On model.bodega.invoice_taxes: /* {"app": "dbt", "dbt_version": "1.12.3", "profile_name": "bodega", "target_name": "local", "node_id": "model.bodega.invoice_taxes"} */

      drop table if exists "silver"."bodega"."invoice_taxes__dbt_backup" cascade
    
[0m11:00:37.138308 [debug] [Thread-1 (]: SQL status: OK in 0.001 seconds
[0m11:00:37.138963 [debug] [Thread-4 (]: SQL status: OK in 0.000 seconds
[0m11:00:37.139319 [debug] [Thread-2 (]: SQL status: OK in 0.001 seconds
[0m11:00:37.139520 [debug] [Thread-3 (]: SQL status: OK in 0.001 seconds
[0m11:00:37.140263 [debug] [Thread-1 (]: Using duckdb connection "model.bodega.invoice_items"
[0m11:00:37.141169 [debug] [Thread-4 (]: Using duckdb connection "model.bodega.stores"
[0m11:00:37.142856 [debug] [Thread-2 (]: On model.bodega.invoice_taxes: Close
[0m11:00:37.143791 [debug] [Thread-3 (]: Using duckdb connection "model.bodega.invoices"
[0m11:00:37.144093 [debug] [Thread-1 (]: On model.bodega.invoice_items: /* {"app": "dbt", "dbt_version": "1.12.3", "profile_name": "bodega", "target_name": "local", "node_id": "model.bodega.invoice_items"} */

      drop table if exists "silver"."bodega"."invoice_items__dbt_backup" cascade
    
[0m11:00:37.144342 [debug] [Thread-4 (]: On model.bodega.stores: /* {"app": "dbt", "dbt_version": "1.12.3", "profile_name": "bodega", "target_name": "local", "node_id": "model.bodega.stores"} */

      drop table if exists "silver"."bodega"."stores__dbt_backup" cascade
    
[0m11:00:37.145038 [debug] [Thread-3 (]: On model.bodega.invoices: /* {"app": "dbt", "dbt_version": "1.12.3", "profile_name": "bodega", "target_name": "local", "node_id": "model.bodega.invoices"} */

      drop table if exists "silver"."bodega"."invoices__dbt_backup" cascade
    
[0m11:00:37.145984 [debug] [Thread-4 (]: SQL status: OK in 0.000 seconds
[0m11:00:37.146222 [debug] [Thread-1 (]: SQL status: OK in 0.001 seconds
[0m11:00:37.146962 [debug] [Thread-4 (]: On model.bodega.stores: Close
[0m11:00:37.147144 [debug] [Thread-3 (]: SQL status: OK in 0.001 seconds
[0m11:00:37.147839 [debug] [Thread-1 (]: On model.bodega.invoice_items: Close
[0m11:00:37.148713 [debug] [Thread-3 (]: On model.bodega.invoices: Close
[0m11:00:37.148931 [debug] [Thread-2 (]: Sending event: {'category': 'dbt', 'action': 'run_model', 'label': 'd60c3743-e367-4d82-a3f6-9973815efff6', 'context': [<snowplow_tracker.self_describing_json.SelfDescribingJson object at 0x10b40dcd0>]}
[0m11:00:37.149120 [debug] [Thread-4 (]: Sending event: {'category': 'dbt', 'action': 'run_model', 'label': 'd60c3743-e367-4d82-a3f6-9973815efff6', 'context': [<snowplow_tracker.self_describing_json.SelfDescribingJson object at 0x10b38f1d0>]}
[0m11:00:37.149441 [debug] [Thread-1 (]: Sending event: {'category': 'dbt', 'action': 'run_model', 'label': 'd60c3743-e367-4d82-a3f6-9973815efff6', 'context': [<snowplow_tracker.self_describing_json.SelfDescribingJson object at 0x10b888100>]}
[0m11:00:37.149745 [debug] [Thread-3 (]: Sending event: {'category': 'dbt', 'action': 'run_model', 'label': 'd60c3743-e367-4d82-a3f6-9973815efff6', 'context': [<snowplow_tracker.self_describing_json.SelfDescribingJson object at 0x1094c74d0>]}
[0m11:00:37.150248 [info ] [Thread-4 (]: 4 of 12 OK created sql table model silver.bodega.stores ........................ [[32mOK[0m in 0.09s]
[0m11:00:37.150625 [info ] [Thread-2 (]: 2 of 12 OK created sql table model silver.bodega.invoice_taxes ................. [[32mOK[0m in 0.08s]
[0m11:00:37.151004 [info ] [Thread-1 (]: 1 of 12 OK created sql table model silver.bodega.invoice_items ................. [[32mOK[0m in 0.09s]
[0m11:00:37.151593 [debug] [Thread-4 (]: Finished running node model.bodega.stores
[0m11:00:37.151295 [info ] [Thread-3 (]: 3 of 12 OK created sql table model silver.bodega.invoices ...................... [[32mOK[0m in 0.09s]
[0m11:00:37.151969 [debug] [Thread-2 (]: Finished running node model.bodega.invoice_taxes
[0m11:00:37.152229 [debug] [Thread-1 (]: Finished running node model.bodega.invoice_items
[0m11:00:37.152665 [debug] [Thread-3 (]: Finished running node model.bodega.invoices
[0m11:00:37.152892 [debug] [Thread-4 (]: Began running node test.bodega.not_null_stores_store_id.547272002d
[0m11:00:37.153100 [debug] [Thread-2 (]: Began running node test.bodega.unique_stores_store_id.e26ff2d91e
[0m11:00:37.153474 [debug] [Thread-3 (]: Began running node test.bodega.not_null_invoice_items_item_position.4c35b37ffa
[0m11:00:37.153670 [debug] [Thread-1 (]: Began running node test.bodega.not_null_invoice_items_invoice_number.5077b52dca
[0m11:00:37.153856 [info ] [Thread-4 (]: 5 of 12 START test not_null_stores_store_id .................................... [RUN]
[0m11:00:37.154023 [info ] [Thread-2 (]: 6 of 12 START test unique_stores_store_id ...................................... [RUN]
[0m11:00:37.154235 [info ] [Thread-3 (]: 8 of 12 START test not_null_invoice_items_item_position ........................ [RUN]
[0m11:00:37.154711 [debug] [Thread-4 (]: Re-using an available connection from the pool (formerly model.bodega.stores, now test.bodega.not_null_stores_store_id.547272002d)
[0m11:00:37.154446 [info ] [Thread-1 (]: 7 of 12 START test not_null_invoice_items_invoice_number ....................... [RUN]
[0m11:00:37.154991 [debug] [Thread-2 (]: Re-using an available connection from the pool (formerly model.bodega.invoice_taxes, now test.bodega.unique_stores_store_id.e26ff2d91e)
[0m11:00:37.155200 [debug] [Thread-3 (]: Re-using an available connection from the pool (formerly model.bodega.invoices, now test.bodega.not_null_invoice_items_item_position.4c35b37ffa)
[0m11:00:37.155399 [debug] [Thread-4 (]: Began compiling node test.bodega.not_null_stores_store_id.547272002d
[0m11:00:37.155627 [debug] [Thread-1 (]: Re-using an available connection from the pool (formerly model.bodega.invoice_items, now test.bodega.not_null_invoice_items_invoice_number.5077b52dca)
[0m11:00:37.155819 [debug] [Thread-2 (]: Began compiling node test.bodega.unique_stores_store_id.e26ff2d91e
[0m11:00:37.155997 [debug] [Thread-3 (]: Began compiling node test.bodega.not_null_invoice_items_item_position.4c35b37ffa
[0m11:00:37.163287 [debug] [Thread-4 (]: Writing injected SQL for node "test.bodega.not_null_stores_store_id.547272002d"
[0m11:00:37.163597 [debug] [Thread-1 (]: Began compiling node test.bodega.not_null_invoice_items_invoice_number.5077b52dca
[0m11:00:37.168473 [debug] [Thread-2 (]: Writing injected SQL for node "test.bodega.unique_stores_store_id.e26ff2d91e"
[0m11:00:37.171319 [debug] [Thread-3 (]: Writing injected SQL for node "test.bodega.not_null_invoice_items_item_position.4c35b37ffa"
[0m11:00:37.174760 [debug] [Thread-1 (]: Writing injected SQL for node "test.bodega.not_null_invoice_items_invoice_number.5077b52dca"
[0m11:00:37.175316 [debug] [Thread-4 (]: Began executing node test.bodega.not_null_stores_store_id.547272002d
[0m11:00:37.183666 [debug] [Thread-4 (]: Writing runtime sql for node "test.bodega.not_null_stores_store_id.547272002d"
[0m11:00:37.184216 [debug] [Thread-3 (]: Began executing node test.bodega.not_null_invoice_items_item_position.4c35b37ffa
[0m11:00:37.185180 [debug] [Thread-3 (]: Writing runtime sql for node "test.bodega.not_null_invoice_items_item_position.4c35b37ffa"
[0m11:00:37.185432 [debug] [Thread-2 (]: Began executing node test.bodega.unique_stores_store_id.e26ff2d91e
[0m11:00:37.186434 [debug] [Thread-2 (]: Writing runtime sql for node "test.bodega.unique_stores_store_id.e26ff2d91e"
[0m11:00:37.186710 [debug] [Thread-1 (]: Began executing node test.bodega.not_null_invoice_items_invoice_number.5077b52dca
[0m11:00:37.187490 [debug] [Thread-1 (]: Writing runtime sql for node "test.bodega.not_null_invoice_items_invoice_number.5077b52dca"
[0m11:00:37.187781 [debug] [Thread-4 (]: Using duckdb connection "test.bodega.not_null_stores_store_id.547272002d"
[0m11:00:37.188041 [debug] [Thread-4 (]: On test.bodega.not_null_stores_store_id.547272002d: BEGIN
[0m11:00:37.188236 [debug] [Thread-4 (]: Opening a new connection, currently in state closed
[0m11:00:37.188715 [debug] [Thread-4 (]: SQL status: OK in 0.000 seconds
[0m11:00:37.188942 [debug] [Thread-3 (]: Using duckdb connection "test.bodega.not_null_invoice_items_item_position.4c35b37ffa"
[0m11:00:37.189190 [debug] [Thread-4 (]: Using duckdb connection "test.bodega.not_null_stores_store_id.547272002d"
[0m11:00:37.189408 [debug] [Thread-2 (]: Using duckdb connection "test.bodega.unique_stores_store_id.e26ff2d91e"
[0m11:00:37.189664 [debug] [Thread-1 (]: Using duckdb connection "test.bodega.not_null_invoice_items_invoice_number.5077b52dca"
[0m11:00:37.189849 [debug] [Thread-3 (]: On test.bodega.not_null_invoice_items_item_position.4c35b37ffa: BEGIN
[0m11:00:37.190049 [debug] [Thread-4 (]: On test.bodega.not_null_stores_store_id.547272002d: /* {"app": "dbt", "dbt_version": "1.12.3", "profile_name": "bodega", "target_name": "local", "node_id": "test.bodega.not_null_stores_store_id.547272002d"} */

    
    select
      count(*) as failures,
      count(*) != 0 as should_warn,
      count(*) != 0 as should_error
    from (
      
    
  
    
    



select store_id
from "silver"."bodega"."stores"
where store_id is null



  
  
      
    ) dbt_internal_test
[0m11:00:37.190246 [debug] [Thread-2 (]: On test.bodega.unique_stores_store_id.e26ff2d91e: BEGIN
[0m11:00:37.190416 [debug] [Thread-1 (]: On test.bodega.not_null_invoice_items_invoice_number.5077b52dca: BEGIN
[0m11:00:37.190589 [debug] [Thread-3 (]: Opening a new connection, currently in state closed
[0m11:00:37.190846 [debug] [Thread-2 (]: Opening a new connection, currently in state closed
[0m11:00:37.191020 [debug] [Thread-1 (]: Opening a new connection, currently in state closed
[0m11:00:37.191419 [debug] [Thread-3 (]: SQL status: OK in 0.001 seconds
[0m11:00:37.191707 [debug] [Thread-2 (]: SQL status: OK in 0.001 seconds
[0m11:00:37.191887 [debug] [Thread-4 (]: SQL status: OK in 0.001 seconds
[0m11:00:37.192112 [debug] [Thread-1 (]: SQL status: OK in 0.001 seconds
[0m11:00:37.192326 [debug] [Thread-3 (]: Using duckdb connection "test.bodega.not_null_invoice_items_item_position.4c35b37ffa"
[0m11:00:37.192513 [debug] [Thread-2 (]: Using duckdb connection "test.bodega.unique_stores_store_id.e26ff2d91e"
[0m11:00:37.192790 [debug] [Thread-1 (]: Using duckdb connection "test.bodega.not_null_invoice_items_invoice_number.5077b52dca"
[0m11:00:37.194792 [debug] [Thread-4 (]: On test.bodega.not_null_stores_store_id.547272002d: ROLLBACK
[0m11:00:37.195083 [debug] [Thread-3 (]: On test.bodega.not_null_invoice_items_item_position.4c35b37ffa: /* {"app": "dbt", "dbt_version": "1.12.3", "profile_name": "bodega", "target_name": "local", "node_id": "test.bodega.not_null_invoice_items_item_position.4c35b37ffa"} */

    
    select
      count(*) as failures,
      count(*) != 0 as should_warn,
      count(*) != 0 as should_error
    from (
      
    
  
    
    



select item_position
from "silver"."bodega"."invoice_items"
where item_position is null



  
  
      
    ) dbt_internal_test
[0m11:00:37.195332 [debug] [Thread-2 (]: On test.bodega.unique_stores_store_id.e26ff2d91e: /* {"app": "dbt", "dbt_version": "1.12.3", "profile_name": "bodega", "target_name": "local", "node_id": "test.bodega.unique_stores_store_id.e26ff2d91e"} */

    
    select
      count(*) as failures,
      count(*) != 0 as should_warn,
      count(*) != 0 as should_error
    from (
      
    
  
    
    

select
    store_id as unique_field,
    count(*) as n_records

from "silver"."bodega"."stores"
where store_id is not null
group by store_id
having count(*) > 1



  
  
      
    ) dbt_internal_test
[0m11:00:37.195551 [debug] [Thread-1 (]: On test.bodega.not_null_invoice_items_invoice_number.5077b52dca: /* {"app": "dbt", "dbt_version": "1.12.3", "profile_name": "bodega", "target_name": "local", "node_id": "test.bodega.not_null_invoice_items_invoice_number.5077b52dca"} */

    
    select
      count(*) as failures,
      count(*) != 0 as should_warn,
      count(*) != 0 as should_error
    from (
      
    
  
    
    



select invoice_number
from "silver"."bodega"."invoice_items"
where invoice_number is null



  
  
      
    ) dbt_internal_test
[0m11:00:37.195977 [debug] [Thread-4 (]: On test.bodega.not_null_stores_store_id.547272002d: Close
[0m11:00:37.196277 [debug] [Thread-3 (]: SQL status: OK in 0.000 seconds
[0m11:00:37.196880 [debug] [Thread-1 (]: SQL status: OK in 0.001 seconds
[0m11:00:37.196683 [info ] [Thread-4 (]: 5 of 12 PASS not_null_stores_store_id .......................................... [[32mPASS[0m in 0.04s]
[0m11:00:37.197128 [debug] [Thread-2 (]: SQL status: OK in 0.001 seconds
[0m11:00:37.197818 [debug] [Thread-3 (]: On test.bodega.not_null_invoice_items_item_position.4c35b37ffa: ROLLBACK
[0m11:00:37.198461 [debug] [Thread-1 (]: On test.bodega.not_null_invoice_items_invoice_number.5077b52dca: ROLLBACK
[0m11:00:37.198744 [debug] [Thread-4 (]: Finished running node test.bodega.not_null_stores_store_id.547272002d
[0m11:00:37.199416 [debug] [Thread-2 (]: On test.bodega.unique_stores_store_id.e26ff2d91e: ROLLBACK
[0m11:00:37.199712 [debug] [Thread-3 (]: On test.bodega.not_null_invoice_items_item_position.4c35b37ffa: Close
[0m11:00:37.199988 [debug] [Thread-1 (]: On test.bodega.not_null_invoice_items_invoice_number.5077b52dca: Close
[0m11:00:37.200396 [debug] [Thread-4 (]: Began running node test.bodega.not_null_invoice_taxes_invoice_number.eaa6223ed8
[0m11:00:37.201067 [info ] [Thread-3 (]: 8 of 12 PASS not_null_invoice_items_item_position .............................. [[32mPASS[0m in 0.05s]
[0m11:00:37.201344 [debug] [Thread-2 (]: On test.bodega.unique_stores_store_id.e26ff2d91e: Close
[0m11:00:37.201653 [info ] [Thread-1 (]: 7 of 12 PASS not_null_invoice_items_invoice_number ............................. [[32mPASS[0m in 0.05s]
[0m11:00:37.201869 [info ] [Thread-4 (]: 9 of 12 START test not_null_invoice_taxes_invoice_number ....................... [RUN]
[0m11:00:37.202223 [debug] [Thread-3 (]: Finished running node test.bodega.not_null_invoice_items_item_position.4c35b37ffa
[0m11:00:37.202595 [debug] [Thread-1 (]: Finished running node test.bodega.not_null_invoice_items_invoice_number.5077b52dca
[0m11:00:37.202914 [info ] [Thread-2 (]: 6 of 12 PASS unique_stores_store_id ............................................ [[32mPASS[0m in 0.05s]
[0m11:00:37.203218 [debug] [Thread-4 (]: Re-using an available connection from the pool (formerly test.bodega.not_null_stores_store_id.547272002d, now test.bodega.not_null_invoice_taxes_invoice_number.eaa6223ed8)
[0m11:00:37.203477 [debug] [Thread-3 (]: Began running node test.bodega.not_null_invoice_taxes_tax_rate.c53c617772
[0m11:00:37.203706 [debug] [Thread-1 (]: Began running node test.bodega.not_null_invoices_invoice_number.7e145b2d89
[0m11:00:37.203967 [debug] [Thread-2 (]: Finished running node test.bodega.unique_stores_store_id.e26ff2d91e
[0m11:00:37.204148 [debug] [Thread-4 (]: Began compiling node test.bodega.not_null_invoice_taxes_invoice_number.eaa6223ed8
[0m11:00:37.204347 [info ] [Thread-3 (]: 10 of 12 START test not_null_invoice_taxes_tax_rate ............................ [RUN]
[0m11:00:37.204505 [info ] [Thread-1 (]: 11 of 12 START test not_null_invoices_invoice_number ........................... [RUN]
[0m11:00:37.204773 [debug] [Thread-2 (]: Began running node test.bodega.unique_invoices_invoice_number.653cfe1331
[0m11:00:37.208309 [debug] [Thread-4 (]: Writing injected SQL for node "test.bodega.not_null_invoice_taxes_invoice_number.eaa6223ed8"
[0m11:00:37.208737 [debug] [Thread-3 (]: Re-using an available connection from the pool (formerly test.bodega.not_null_invoice_items_item_position.4c35b37ffa, now test.bodega.not_null_invoice_taxes_tax_rate.c53c617772)
[0m11:00:37.209030 [debug] [Thread-1 (]: Re-using an available connection from the pool (formerly test.bodega.not_null_invoice_items_invoice_number.5077b52dca, now test.bodega.not_null_invoices_invoice_number.7e145b2d89)
[0m11:00:37.209272 [info ] [Thread-2 (]: 12 of 12 START test unique_invoices_invoice_number ............................. [RUN]
[0m11:00:37.209649 [debug] [Thread-3 (]: Began compiling node test.bodega.not_null_invoice_taxes_tax_rate.c53c617772
[0m11:00:37.209915 [debug] [Thread-1 (]: Began compiling node test.bodega.not_null_invoices_invoice_number.7e145b2d89
[0m11:00:37.210231 [debug] [Thread-2 (]: Re-using an available connection from the pool (formerly test.bodega.unique_stores_store_id.e26ff2d91e, now test.bodega.unique_invoices_invoice_number.653cfe1331)
[0m11:00:37.214395 [debug] [Thread-3 (]: Writing injected SQL for node "test.bodega.not_null_invoice_taxes_tax_rate.c53c617772"
[0m11:00:37.217565 [debug] [Thread-1 (]: Writing injected SQL for node "test.bodega.not_null_invoices_invoice_number.7e145b2d89"
[0m11:00:37.217866 [debug] [Thread-4 (]: Began executing node test.bodega.not_null_invoice_taxes_invoice_number.eaa6223ed8
[0m11:00:37.218114 [debug] [Thread-2 (]: Began compiling node test.bodega.unique_invoices_invoice_number.653cfe1331
[0m11:00:37.219098 [debug] [Thread-4 (]: Writing runtime sql for node "test.bodega.not_null_invoice_taxes_invoice_number.eaa6223ed8"
[0m11:00:37.222159 [debug] [Thread-2 (]: Writing injected SQL for node "test.bodega.unique_invoices_invoice_number.653cfe1331"
[0m11:00:37.222552 [debug] [Thread-1 (]: Began executing node test.bodega.not_null_invoices_invoice_number.7e145b2d89
[0m11:00:37.222745 [debug] [Thread-3 (]: Began executing node test.bodega.not_null_invoice_taxes_tax_rate.c53c617772
[0m11:00:37.223474 [debug] [Thread-1 (]: Writing runtime sql for node "test.bodega.not_null_invoices_invoice_number.7e145b2d89"
[0m11:00:37.224152 [debug] [Thread-3 (]: Writing runtime sql for node "test.bodega.not_null_invoice_taxes_tax_rate.c53c617772"
[0m11:00:37.224464 [debug] [Thread-4 (]: Using duckdb connection "test.bodega.not_null_invoice_taxes_invoice_number.eaa6223ed8"
[0m11:00:37.224680 [debug] [Thread-2 (]: Began executing node test.bodega.unique_invoices_invoice_number.653cfe1331
[0m11:00:37.224999 [debug] [Thread-4 (]: On test.bodega.not_null_invoice_taxes_invoice_number.eaa6223ed8: BEGIN
[0m11:00:37.226148 [debug] [Thread-2 (]: Writing runtime sql for node "test.bodega.unique_invoices_invoice_number.653cfe1331"
[0m11:00:37.226418 [debug] [Thread-4 (]: Opening a new connection, currently in state closed
[0m11:00:37.226634 [debug] [Thread-1 (]: Using duckdb connection "test.bodega.not_null_invoices_invoice_number.7e145b2d89"
[0m11:00:37.226852 [debug] [Thread-3 (]: Using duckdb connection "test.bodega.not_null_invoice_taxes_tax_rate.c53c617772"
[0m11:00:37.227246 [debug] [Thread-1 (]: On test.bodega.not_null_invoices_invoice_number.7e145b2d89: BEGIN
[0m11:00:37.227454 [debug] [Thread-3 (]: On test.bodega.not_null_invoice_taxes_tax_rate.c53c617772: BEGIN
[0m11:00:37.227654 [debug] [Thread-4 (]: SQL status: OK in 0.001 seconds
[0m11:00:37.227837 [debug] [Thread-1 (]: Opening a new connection, currently in state closed
[0m11:00:37.228039 [debug] [Thread-2 (]: Using duckdb connection "test.bodega.unique_invoices_invoice_number.653cfe1331"
[0m11:00:37.228199 [debug] [Thread-3 (]: Opening a new connection, currently in state closed
[0m11:00:37.228368 [debug] [Thread-4 (]: Using duckdb connection "test.bodega.not_null_invoice_taxes_invoice_number.eaa6223ed8"
[0m11:00:37.228594 [debug] [Thread-2 (]: On test.bodega.unique_invoices_invoice_number.653cfe1331: BEGIN
[0m11:00:37.228811 [debug] [Thread-1 (]: SQL status: OK in 0.001 seconds
[0m11:00:37.229002 [debug] [Thread-4 (]: On test.bodega.not_null_invoice_taxes_invoice_number.eaa6223ed8: /* {"app": "dbt", "dbt_version": "1.12.3", "profile_name": "bodega", "target_name": "local", "node_id": "test.bodega.not_null_invoice_taxes_invoice_number.eaa6223ed8"} */

    
    select
      count(*) as failures,
      count(*) != 0 as should_warn,
      count(*) != 0 as should_error
    from (
      
    
  
    
    



select invoice_number
from "silver"."bodega"."invoice_taxes"
where invoice_number is null



  
  
      
    ) dbt_internal_test
[0m11:00:37.229183 [debug] [Thread-3 (]: SQL status: OK in 0.001 seconds
[0m11:00:37.229345 [debug] [Thread-2 (]: Opening a new connection, currently in state closed
[0m11:00:37.229589 [debug] [Thread-1 (]: Using duckdb connection "test.bodega.not_null_invoices_invoice_number.7e145b2d89"
[0m11:00:37.229917 [debug] [Thread-3 (]: Using duckdb connection "test.bodega.not_null_invoice_taxes_tax_rate.c53c617772"
[0m11:00:37.230236 [debug] [Thread-1 (]: On test.bodega.not_null_invoices_invoice_number.7e145b2d89: /* {"app": "dbt", "dbt_version": "1.12.3", "profile_name": "bodega", "target_name": "local", "node_id": "test.bodega.not_null_invoices_invoice_number.7e145b2d89"} */

    
    select
      count(*) as failures,
      count(*) != 0 as should_warn,
      count(*) != 0 as should_error
    from (
      
    
  
    
    



select invoice_number
from "silver"."bodega"."invoices"
where invoice_number is null



  
  
      
    ) dbt_internal_test
[0m11:00:37.230453 [debug] [Thread-4 (]: SQL status: OK in 0.001 seconds
[0m11:00:37.230649 [debug] [Thread-3 (]: On test.bodega.not_null_invoice_taxes_tax_rate.c53c617772: /* {"app": "dbt", "dbt_version": "1.12.3", "profile_name": "bodega", "target_name": "local", "node_id": "test.bodega.not_null_invoice_taxes_tax_rate.c53c617772"} */

    
    select
      count(*) as failures,
      count(*) != 0 as should_warn,
      count(*) != 0 as should_error
    from (
      
    
  
    
    



select tax_rate
from "silver"."bodega"."invoice_taxes"
where tax_rate is null



  
  
      
    ) dbt_internal_test
[0m11:00:37.230829 [debug] [Thread-2 (]: SQL status: OK in 0.001 seconds
[0m11:00:37.231819 [debug] [Thread-4 (]: On test.bodega.not_null_invoice_taxes_invoice_number.eaa6223ed8: ROLLBACK
[0m11:00:37.232066 [debug] [Thread-2 (]: Using duckdb connection "test.bodega.unique_invoices_invoice_number.653cfe1331"
[0m11:00:37.232263 [debug] [Thread-1 (]: SQL status: OK in 0.001 seconds
[0m11:00:37.232462 [debug] [Thread-3 (]: SQL status: OK in 0.001 seconds
[0m11:00:37.232694 [debug] [Thread-2 (]: On test.bodega.unique_invoices_invoice_number.653cfe1331: /* {"app": "dbt", "dbt_version": "1.12.3", "profile_name": "bodega", "target_name": "local", "node_id": "test.bodega.unique_invoices_invoice_number.653cfe1331"} */

    
    select
      count(*) as failures,
      count(*) != 0 as should_warn,
      count(*) != 0 as should_error
    from (
      
    
  
    
    

select
    invoice_number as unique_field,
    count(*) as n_records

from "silver"."bodega"."invoices"
where invoice_number is not null
group by invoice_number
having count(*) > 1



  
  
      
    ) dbt_internal_test
[0m11:00:37.232893 [debug] [Thread-4 (]: On test.bodega.not_null_invoice_taxes_invoice_number.eaa6223ed8: Close
[0m11:00:37.233730 [debug] [Thread-1 (]: On test.bodega.not_null_invoices_invoice_number.7e145b2d89: ROLLBACK
[0m11:00:37.234561 [debug] [Thread-3 (]: On test.bodega.not_null_invoice_taxes_tax_rate.c53c617772: ROLLBACK
[0m11:00:37.235053 [info ] [Thread-4 (]: 9 of 12 PASS not_null_invoice_taxes_invoice_number ............................. [[32mPASS[0m in 0.03s]
[0m11:00:37.235498 [debug] [Thread-1 (]: On test.bodega.not_null_invoices_invoice_number.7e145b2d89: Close
[0m11:00:37.235818 [debug] [Thread-4 (]: Finished running node test.bodega.not_null_invoice_taxes_invoice_number.eaa6223ed8
[0m11:00:37.236004 [debug] [Thread-3 (]: On test.bodega.not_null_invoice_taxes_tax_rate.c53c617772: Close
[0m11:00:37.236211 [debug] [Thread-2 (]: SQL status: OK in 0.001 seconds
[0m11:00:37.236529 [info ] [Thread-1 (]: 11 of 12 PASS not_null_invoices_invoice_number ................................. [[32mPASS[0m in 0.03s]
[0m11:00:37.236922 [info ] [Thread-3 (]: 10 of 12 PASS not_null_invoice_taxes_tax_rate .................................. [[32mPASS[0m in 0.03s]
[0m11:00:37.237232 [debug] [Thread-1 (]: Finished running node test.bodega.not_null_invoices_invoice_number.7e145b2d89
[0m11:00:37.237479 [debug] [Thread-3 (]: Finished running node test.bodega.not_null_invoice_taxes_tax_rate.c53c617772
[0m11:00:37.238157 [debug] [Thread-2 (]: On test.bodega.unique_invoices_invoice_number.653cfe1331: ROLLBACK
[0m11:00:37.238496 [debug] [Thread-2 (]: On test.bodega.unique_invoices_invoice_number.653cfe1331: Close
[0m11:00:37.238776 [info ] [Thread-2 (]: 12 of 12 PASS unique_invoices_invoice_number ................................... [[32mPASS[0m in 0.03s]
[0m11:00:37.239034 [debug] [Thread-2 (]: Finished running node test.bodega.unique_invoices_invoice_number.653cfe1331
[0m11:00:37.239734 [debug] [MainThread]: Using duckdb connection "master"
[0m11:00:37.239898 [debug] [MainThread]: On master: BEGIN
[0m11:00:37.240034 [debug] [MainThread]: Opening a new connection, currently in state closed
[0m11:00:37.240280 [debug] [MainThread]: SQL status: OK in 0.000 seconds
[0m11:00:37.240427 [debug] [MainThread]: On master: COMMIT
[0m11:00:37.240567 [debug] [MainThread]: Using duckdb connection "master"
[0m11:00:37.240696 [debug] [MainThread]: On master: COMMIT
[0m11:00:37.240882 [debug] [MainThread]: SQL status: OK in 0.000 seconds
[0m11:00:37.241022 [debug] [MainThread]: On master: Close
[0m11:00:37.241209 [debug] [MainThread]: Connection 'master' was properly closed.
[0m11:00:37.241341 [debug] [MainThread]: Connection 'test.bodega.not_null_invoices_invoice_number.7e145b2d89' was properly closed.
[0m11:00:37.241473 [debug] [MainThread]: Connection 'test.bodega.unique_invoices_invoice_number.653cfe1331' was properly closed.
[0m11:00:37.241603 [debug] [MainThread]: Connection 'test.bodega.not_null_invoice_taxes_invoice_number.eaa6223ed8' was properly closed.
[0m11:00:37.241804 [debug] [MainThread]: Connection 'test.bodega.not_null_invoice_taxes_tax_rate.c53c617772' was properly closed.
[0m11:00:37.241996 [info ] [MainThread]: 
[0m11:00:37.242155 [info ] [MainThread]: Finished running 4 table models, 8 data tests in 0 hours 0 minutes and 0.28 seconds (0.28s).
[0m11:00:37.242999 [debug] [MainThread]: Command end result
[0m11:00:37.264524 [debug] [MainThread]: Wrote artifact WritableManifest to /Users/alvarosantosandres/personal/datahub-local-ai/workflows/dbt/projects/bodega/target/manifest.json
[0m11:00:37.266260 [debug] [MainThread]: Wrote artifact SemanticManifest to /Users/alvarosantosandres/personal/datahub-local-ai/workflows/dbt/projects/bodega/target/semantic_manifest.json
[0m11:00:37.268011 [debug] [MainThread]: Wrote artifact OsiDocument to /Users/alvarosantosandres/personal/datahub-local-ai/workflows/dbt/projects/bodega/target/osi_document.json
[0m11:00:37.271859 [debug] [MainThread]: Wrote artifact RunExecutionResult to /Users/alvarosantosandres/personal/datahub-local-ai/workflows/dbt/projects/bodega/target/run_results.json
[0m11:00:37.272074 [info ] [MainThread]: 
[0m11:00:37.272280 [info ] [MainThread]: [32mCompleted successfully[0m
[0m11:00:37.272440 [info ] [MainThread]: 
[0m11:00:37.272615 [info ] [MainThread]: Done. PASS=12 WARN=0 ERROR=0 SKIP=0 NO-OP=0 REUSED=0 TOTAL=12
[0m11:00:37.272986 [debug] [MainThread]: Resource report: {"command_name": "build", "command_success": true, "command_wall_clock_time": 1.7591817, "process_in_blocks": "0", "process_kernel_time": 0.342897, "process_mem_max_rss": "196788224", "process_out_blocks": "0", "process_user_time": 2.279351}
[0m11:00:37.273247 [debug] [MainThread]: Command `cli build` succeeded at 11:00:37.273205 after 1.76 seconds
[0m11:00:37.273457 [debug] [MainThread]: Sending event: {'category': 'dbt', 'action': 'invocation', 'label': 'end', 'context': [<snowplow_tracker.self_describing_json.SelfDescribingJson object at 0x10a730750>, <snowplow_tracker.self_describing_json.SelfDescribingJson object at 0x10a462ba0>, <snowplow_tracker.self_describing_json.SelfDescribingJson object at 0x10b0011f0>]}
[0m11:00:37.273645 [debug] [MainThread]: Flushing usage events
[0m11:00:37.896741 [debug] [MainThread]: An error was encountered while trying to flush usage events
[0m11:00:39.185083 [debug] [MainThread]: Sending event: {'category': 'dbt', 'action': 'invocation', 'label': 'start', 'context': [<snowplow_tracker.self_describing_json.SelfDescribingJson object at 0x108da6270>, <snowplow_tracker.self_describing_json.SelfDescribingJson object at 0x10a23b890>, <snowplow_tracker.self_describing_json.SelfDescribingJson object at 0x10a23b9d0>]}


============================== 11:00:39.188311 | 3ea509b5-f616-466d-adcf-dd37a9c75843 ==============================
[0m11:00:39.188311 [info ] [MainThread]: Running with dbt=1.12.3
[0m11:00:39.188701 [debug] [MainThread]: running dbt with arguments {'debug': 'False', 'printer_width': '80', 'static_parser': 'True', 'target_path': 'None', 'invocation_command': 'dbt --project bodega --target local --select gold.* --full-refresh', 'warn_error': 'None', 'cache_selected_only': 'False', 'version_check': 'True', 'partial_parse': 'True', 'indirect_selection': 'eager', 'quiet': 'False', 'profiles_dir': '/Users/alvarosantosandres/personal/datahub-local-ai/workflows/dbt/projects/bodega', 'empty': 'False', 'log_cache_events': 'False', 'log_format': 'default', 'no_print': 'None', 'use_experimental_parser': 'False', 'fail_fast': 'False', 'send_anonymous_usage_stats': 'True', 'log_path': '/Users/alvarosantosandres/personal/datahub-local-ai/workflows/dbt/projects/bodega/logs', 'use_colors': 'True', 'warn_error_options': 'WarnErrorOptionsV2(error=[], warn=[], silence=[])', 'hints_enabled': 'True', 'maximum_seed_size_mib': '1', 'write_json': 'True', 'introspect': 'True'}
[0m11:00:39.331292 [debug] [MainThread]: Sending event: {'category': 'dbt', 'action': 'project_id', 'label': '3ea509b5-f616-466d-adcf-dd37a9c75843', 'context': [<snowplow_tracker.self_describing_json.SelfDescribingJson object at 0x1090e2190>]}
[0m11:00:39.414527 [debug] [MainThread]: Sending event: {'category': 'dbt', 'action': 'adapter_info', 'label': '3ea509b5-f616-466d-adcf-dd37a9c75843', 'context': [<snowplow_tracker.self_describing_json.SelfDescribingJson object at 0x10a1c9370>]}
[0m11:00:39.415999 [info ] [MainThread]: Registered adapter: duckdb=1.11.0
[0m11:00:39.478626 [debug] [MainThread]: checksum: 59a249011856ecdb0c0125045551a53b65cd388a4d7d6d24b99b9f67da16e401, vars: {}, profile: bodega, target: local, version: 1.12.3
[0m11:00:39.553954 [debug] [MainThread]: Partial parsing enabled: 0 files deleted, 0 files added, 0 files changed.
[0m11:00:39.554290 [debug] [MainThread]: Nothing changed, skipping partial parsing.
[0m11:00:39.554453 [debug] [MainThread]: Partial parsing enabled, no changes found, skipping parsing
[0m11:00:39.560241 [debug] [MainThread]: Sending event: {'category': 'dbt', 'action': 'load_project', 'label': '3ea509b5-f616-466d-adcf-dd37a9c75843', 'context': [<snowplow_tracker.self_describing_json.SelfDescribingJson object at 0x10a803750>]}
[0m11:00:39.634584 [debug] [MainThread]: Wrote artifact WritableManifest to /Users/alvarosantosandres/personal/datahub-local-ai/workflows/dbt/projects/bodega/target/manifest.json
[0m11:00:39.636724 [debug] [MainThread]: Wrote artifact SemanticManifest to /Users/alvarosantosandres/personal/datahub-local-ai/workflows/dbt/projects/bodega/target/semantic_manifest.json
[0m11:00:39.645308 [debug] [MainThread]: Wrote artifact OsiDocument to /Users/alvarosantosandres/personal/datahub-local-ai/workflows/dbt/projects/bodega/target/osi_document.json
[0m11:00:39.660488 [debug] [MainThread]: Sending event: {'category': 'dbt', 'action': 'resource_counts', 'label': '3ea509b5-f616-466d-adcf-dd37a9c75843', 'context': [<snowplow_tracker.self_describing_json.SelfDescribingJson object at 0x10aa8c230>]}
[0m11:00:39.660873 [info ] [MainThread]: Found 10 models, 14 data tests, 2 sources, 516 macros
[0m11:00:39.662430 [info ] [MainThread]: 
[0m11:00:39.662718 [info ] [MainThread]: Concurrency: 4 threads (target='local')
[0m11:00:39.662887 [info ] [MainThread]: 
[0m11:00:39.663191 [debug] [MainThread]: Acquiring new duckdb connection 'master'
[0m11:00:39.665749 [debug] [ThreadPool]: Acquiring new duckdb connection 'list_gold'
[0m11:00:39.698755 [debug] [ThreadPool]: Using duckdb connection "list_gold"
[0m11:00:39.699044 [debug] [ThreadPool]: On list_gold: /* {"app": "dbt", "dbt_version": "1.12.3", "profile_name": "bodega", "target_name": "local", "connection_name": "list_gold"} */

    
    select schema_name
    from system.information_schema.schemata
    
    where lower(catalog_name) = '"gold"'
    
  
  
[0m11:00:39.699211 [debug] [ThreadPool]: Opening a new connection, currently in state init
[0m11:00:39.707509 [debug] [ThreadPool]: SQL status: OK in 0.008 seconds
[0m11:00:39.708471 [debug] [ThreadPool]: On list_gold: Close
[0m11:00:39.709049 [debug] [ThreadPool]: Re-using an available connection from the pool (formerly list_gold, now create_gold_bodega)
[0m11:00:39.709392 [debug] [ThreadPool]: Creating schema "database: "gold"
schema: "bodega"
"
[0m11:00:39.713348 [debug] [ThreadPool]: Using duckdb connection "create_gold_bodega"
[0m11:00:39.713601 [debug] [ThreadPool]: On create_gold_bodega: /* {"app": "dbt", "dbt_version": "1.12.3", "profile_name": "bodega", "target_name": "local", "connection_name": "create_gold_bodega"} */

    
        select type from duckdb_databases()
        where lower(database_name)='gold'
        and type != 'duckdb'
    
  
[0m11:00:39.713760 [debug] [ThreadPool]: Opening a new connection, currently in state closed
[0m11:00:39.714302 [debug] [ThreadPool]: SQL status: OK in 0.001 seconds
[0m11:00:39.714949 [debug] [ThreadPool]: Using duckdb connection "create_gold_bodega"
[0m11:00:39.715104 [debug] [ThreadPool]: On create_gold_bodega: BEGIN
[0m11:00:39.715326 [debug] [ThreadPool]: SQL status: OK in 0.000 seconds
[0m11:00:39.715467 [debug] [ThreadPool]: Using duckdb connection "create_gold_bodega"
[0m11:00:39.715608 [debug] [ThreadPool]: On create_gold_bodega: /* {"app": "dbt", "dbt_version": "1.12.3", "profile_name": "bodega", "target_name": "local", "connection_name": "create_gold_bodega"} */

    
    
        create schema if not exists "gold"."bodega"
    
[0m11:00:39.715847 [debug] [ThreadPool]: SQL status: OK in 0.000 seconds
[0m11:00:39.716239 [debug] [ThreadPool]: On create_gold_bodega: COMMIT
[0m11:00:39.716394 [debug] [ThreadPool]: Using duckdb connection "create_gold_bodega"
[0m11:00:39.716536 [debug] [ThreadPool]: On create_gold_bodega: COMMIT
[0m11:00:39.717131 [debug] [ThreadPool]: SQL status: OK in 0.000 seconds
[0m11:00:39.717423 [debug] [ThreadPool]: On create_gold_bodega: Close
[0m11:00:39.718407 [debug] [ThreadPool]: Re-using an available connection from the pool (formerly create_gold_bodega, now list_gold_bodega)
[0m11:00:39.718804 [debug] [ThreadPool]: Acquiring new duckdb connection 'list_silver_bodega'
[0m11:00:39.721221 [debug] [ThreadPool]: Using duckdb connection "list_gold_bodega"
[0m11:00:39.721788 [debug] [ThreadPool]: Using duckdb connection "list_silver_bodega"
[0m11:00:39.721982 [debug] [ThreadPool]: On list_gold_bodega: BEGIN
[0m11:00:39.722186 [debug] [ThreadPool]: On list_silver_bodega: BEGIN
[0m11:00:39.722369 [debug] [ThreadPool]: Opening a new connection, currently in state closed
[0m11:00:39.722567 [debug] [ThreadPool]: Opening a new connection, currently in state init
[0m11:00:39.722973 [debug] [ThreadPool]: SQL status: OK in 0.001 seconds
[0m11:00:39.723208 [debug] [ThreadPool]: SQL status: OK in 0.001 seconds
[0m11:00:39.723380 [debug] [ThreadPool]: Using duckdb connection "list_gold_bodega"
[0m11:00:39.723551 [debug] [ThreadPool]: Using duckdb connection "list_silver_bodega"
[0m11:00:39.723723 [debug] [ThreadPool]: On list_gold_bodega: /* {"app": "dbt", "dbt_version": "1.12.3", "profile_name": "bodega", "target_name": "local", "connection_name": "list_gold_bodega"} */
select
      'gold' as database,
      table_name as name,
      table_schema as schema,
      CASE table_type
        WHEN 'BASE TABLE' THEN 'table'
        WHEN 'VIEW' THEN 'view'
        WHEN 'LOCAL TEMPORARY' THEN 'table'
        END as type
    from system.information_schema.tables
    where lower(table_schema) = 'bodega'
    and lower(table_catalog) = 'gold'
  
[0m11:00:39.723909 [debug] [ThreadPool]: On list_silver_bodega: /* {"app": "dbt", "dbt_version": "1.12.3", "profile_name": "bodega", "target_name": "local", "connection_name": "list_silver_bodega"} */
select
      'silver' as database,
      table_name as name,
      table_schema as schema,
      CASE table_type
        WHEN 'BASE TABLE' THEN 'table'
        WHEN 'VIEW' THEN 'view'
        WHEN 'LOCAL TEMPORARY' THEN 'table'
        END as type
    from system.information_schema.tables
    where lower(table_schema) = 'bodega'
    and lower(table_catalog) = 'silver'
  
[0m11:00:39.726463 [debug] [ThreadPool]: SQL status: OK in 0.002 seconds
[0m11:00:39.726726 [debug] [ThreadPool]: SQL status: OK in 0.003 seconds
[0m11:00:39.727485 [debug] [ThreadPool]: On list_gold_bodega: ROLLBACK
[0m11:00:39.728344 [debug] [ThreadPool]: On list_silver_bodega: ROLLBACK
[0m11:00:39.728622 [debug] [ThreadPool]: On list_gold_bodega: Close
[0m11:00:39.728930 [debug] [ThreadPool]: On list_silver_bodega: Close
[0m11:00:39.729548 [debug] [MainThread]: Sending event: {'category': 'dbt', 'action': 'runnable_timing', 'label': '3ea509b5-f616-466d-adcf-dd37a9c75843', 'context': [<snowplow_tracker.self_describing_json.SelfDescribingJson object at 0x10aac7690>]}
[0m11:00:39.729805 [debug] [MainThread]: Using duckdb connection "master"
[0m11:00:39.729969 [debug] [MainThread]: On master: BEGIN
[0m11:00:39.730122 [debug] [MainThread]: Opening a new connection, currently in state init
[0m11:00:39.730410 [debug] [MainThread]: SQL status: OK in 0.000 seconds
[0m11:00:39.730568 [debug] [MainThread]: On master: COMMIT
[0m11:00:39.730706 [debug] [MainThread]: Using duckdb connection "master"
[0m11:00:39.730840 [debug] [MainThread]: On master: COMMIT
[0m11:00:39.731041 [debug] [MainThread]: SQL status: OK in 0.000 seconds
[0m11:00:39.731196 [debug] [MainThread]: On master: Close
[0m11:00:39.732602 [debug] [Thread-2 (]: Began running node model.bodega.price_trends
[0m11:00:39.732829 [debug] [Thread-1 (]: Began running node model.bodega.category_spending
[0m11:00:39.733031 [debug] [Thread-4 (]: Began running node model.bodega.spending_by_week
[0m11:00:39.733343 [info ] [Thread-2 (]: 2 of 12 START sql table model gold.bodega.price_trends ......................... [RUN]
[0m11:00:39.733672 [debug] [Thread-3 (]: Began running node model.bodega.spending_by_day
[0m11:00:39.733993 [info ] [Thread-1 (]: 1 of 12 START sql table model gold.bodega.category_spending .................... [RUN]
[0m11:00:39.734286 [info ] [Thread-4 (]: 4 of 12 START sql table model gold.bodega.spending_by_week ..................... [RUN]
[0m11:00:39.734928 [debug] [Thread-2 (]: Re-using an available connection from the pool (formerly list_silver_bodega, now model.bodega.price_trends)
[0m11:00:39.735160 [info ] [Thread-3 (]: 3 of 12 START sql table model gold.bodega.spending_by_day ...................... [RUN]
[0m11:00:39.735382 [debug] [Thread-1 (]: Re-using an available connection from the pool (formerly list_gold_bodega, now model.bodega.category_spending)
[0m11:00:39.735608 [debug] [Thread-4 (]: Acquiring new duckdb connection 'model.bodega.spending_by_week'
[0m11:00:39.735783 [debug] [Thread-2 (]: Began compiling node model.bodega.price_trends
[0m11:00:39.735997 [debug] [Thread-3 (]: Acquiring new duckdb connection 'model.bodega.spending_by_day'
[0m11:00:39.736165 [debug] [Thread-1 (]: Began compiling node model.bodega.category_spending
[0m11:00:39.736329 [debug] [Thread-4 (]: Began compiling node model.bodega.spending_by_week
[0m11:00:39.739715 [debug] [Thread-2 (]: Writing injected SQL for node "model.bodega.price_trends"
[0m11:00:39.739935 [debug] [Thread-3 (]: Began compiling node model.bodega.spending_by_day
[0m11:00:39.740936 [debug] [Thread-1 (]: Writing injected SQL for node "model.bodega.category_spending"
[0m11:00:39.741936 [debug] [Thread-4 (]: Writing injected SQL for node "model.bodega.spending_by_week"
[0m11:00:39.743193 [debug] [Thread-3 (]: Writing injected SQL for node "model.bodega.spending_by_day"
[0m11:00:39.743571 [debug] [Thread-2 (]: Began executing node model.bodega.price_trends
[0m11:00:39.758135 [debug] [Thread-4 (]: Began executing node model.bodega.spending_by_week
[0m11:00:39.766015 [debug] [Thread-3 (]: Began executing node model.bodega.spending_by_day
[0m11:00:39.770934 [debug] [Thread-4 (]: Writing runtime sql for node "model.bodega.spending_by_week"
[0m11:00:39.773875 [debug] [Thread-2 (]: Writing runtime sql for node "model.bodega.price_trends"
[0m11:00:39.774127 [debug] [Thread-1 (]: Began executing node model.bodega.category_spending
[0m11:00:39.775337 [debug] [Thread-3 (]: Writing runtime sql for node "model.bodega.spending_by_day"
[0m11:00:39.776806 [debug] [Thread-1 (]: Writing runtime sql for node "model.bodega.category_spending"
[0m11:00:39.777228 [debug] [Thread-4 (]: Using duckdb connection "model.bodega.spending_by_week"
[0m11:00:39.777442 [debug] [Thread-4 (]: On model.bodega.spending_by_week: BEGIN
[0m11:00:39.777655 [debug] [Thread-2 (]: Using duckdb connection "model.bodega.price_trends"
[0m11:00:39.777920 [debug] [Thread-4 (]: Opening a new connection, currently in state init
[0m11:00:39.778188 [debug] [Thread-1 (]: Using duckdb connection "model.bodega.category_spending"
[0m11:00:39.778387 [debug] [Thread-3 (]: Using duckdb connection "model.bodega.spending_by_day"
[0m11:00:39.778567 [debug] [Thread-2 (]: On model.bodega.price_trends: BEGIN
[0m11:00:39.778871 [debug] [Thread-1 (]: On model.bodega.category_spending: BEGIN
[0m11:00:39.779054 [debug] [Thread-3 (]: On model.bodega.spending_by_day: BEGIN
[0m11:00:39.779248 [debug] [Thread-4 (]: SQL status: OK in 0.001 seconds
[0m11:00:39.779409 [debug] [Thread-2 (]: Opening a new connection, currently in state closed
[0m11:00:39.779583 [debug] [Thread-1 (]: Opening a new connection, currently in state closed
[0m11:00:39.779743 [debug] [Thread-3 (]: Opening a new connection, currently in state init
[0m11:00:39.779908 [debug] [Thread-4 (]: Using duckdb connection "model.bodega.spending_by_week"
[0m11:00:39.780198 [debug] [Thread-2 (]: SQL status: OK in 0.001 seconds
[0m11:00:39.780421 [debug] [Thread-1 (]: SQL status: OK in 0.001 seconds
[0m11:00:39.780609 [debug] [Thread-4 (]: On model.bodega.spending_by_week: /* {"app": "dbt", "dbt_version": "1.12.3", "profile_name": "bodega", "target_name": "local", "node_id": "model.bodega.spending_by_week"} */

    

    create  table
      "gold"."bodega"."spending_by_week__dbt_tmp"
  
    
    as (
      SELECT
    date_trunc('week', invoice_date)  AS week_start,
    year(invoice_date)                AS year,
    week(invoice_date)                AS week_number,
    supermarket,
    COUNT(*)                          AS invoice_count,
    SUM(total_amount)                 AS total_amount,
    SUM(total_tax_amount)             AS total_tax,
    SUM(item_count)                   AS total_items,
    AVG(total_amount)                 AS avg_basket_amount,
    MAX(total_amount)                 AS max_basket_amount
FROM "silver"."bodega"."invoices"
GROUP BY
    date_trunc('week', invoice_date),
    year(invoice_date),
    week(invoice_date),
    supermarket
    );
    
  
[0m11:00:39.780804 [debug] [Thread-2 (]: Using duckdb connection "model.bodega.price_trends"
[0m11:00:39.780963 [debug] [Thread-3 (]: SQL status: OK in 0.001 seconds
[0m11:00:39.781131 [debug] [Thread-1 (]: Using duckdb connection "model.bodega.category_spending"
[0m11:00:39.781452 [debug] [Thread-2 (]: On model.bodega.price_trends: /* {"app": "dbt", "dbt_version": "1.12.3", "profile_name": "bodega", "target_name": "local", "node_id": "model.bodega.price_trends"} */

    

    create  table
      "gold"."bodega"."price_trends__dbt_tmp"
  
    
    as (
      WITH weekly AS (
    SELECT
        description_clean,
        supermarket,
        date_trunc('week', invoice_date)  AS week_start,
        -- Blended price: unit_price on receipts is €/kg for weighted lines and
        -- €/unit otherwise, so total/quantity yields the same dimension per product.
        SUM(total_amount) / NULLIF(SUM(quantity), 0) AS price,
        SUM(total_amount)                 AS total_spent,
        SUM(quantity)                     AS total_quantity,
        COUNT(*)                          AS purchase_count
    FROM "silver"."bodega"."invoice_items"
    GROUP BY description_clean, supermarket, date_trunc('week', invoice_date)
),
repeat_products AS (
    SELECT description_clean, supermarket
    FROM "silver"."bodega"."invoice_items"
    GROUP BY description_clean, supermarket
    HAVING COUNT(*) >= 2
)
SELECT
    w.description_clean,
    w.supermarket,
    w.week_start,
    w.price,
    w.total_spent,
    w.total_quantity,
    w.purchase_count,
    p.category,
    p.subcategory,
    COALESCE(p.is_weighted, FALSE) AS is_weighted
FROM weekly w
JOIN repeat_products r
    ON  w.description_clean = r.description_clean
    AND w.supermarket        = r.supermarket
LEFT JOIN (
    -- products is merge-by-key in dlt but the Iceberg filesystem destination
    -- falls back to append, so dedupe to the latest categorisation per key
    SELECT
        description_clean,
        supermarket,
        max_by(category, categorized_at)    AS category,
        max_by(subcategory, categorized_at) AS subcategory,
        max_by(is_weighted, categorized_at) AS is_weighted
    FROM "silver"."bodega"."products"
    GROUP BY description_clean, supermarket
) p
    ON  w.description_clean = p.description_clean
    AND w.supermarket        = p.supermarket
    );
    
  
[0m11:00:39.781678 [debug] [Thread-3 (]: Using duckdb connection "model.bodega.spending_by_day"
[0m11:00:39.781892 [debug] [Thread-1 (]: On model.bodega.category_spending: /* {"app": "dbt", "dbt_version": "1.12.3", "profile_name": "bodega", "target_name": "local", "node_id": "model.bodega.category_spending"} */

    

    create  table
      "gold"."bodega"."category_spending__dbt_tmp"
  
    
    as (
      SELECT
    i.invoice_date,
    date_trunc('week',  i.invoice_date)  AS week_start,
    date_trunc('month', i.invoice_date)  AS month_start,
    COALESCE(p.category, 'OTHER')        AS category,
    p.subcategory,
    i.supermarket,
    COUNT(DISTINCT i.invoice_number)     AS invoice_count,
    COUNT(*)                             AS item_count,
    SUM(i.total_amount)                  AS total_spent
FROM "silver"."bodega"."invoice_items" i
LEFT JOIN (
    -- products is merge-by-key in dlt but the Iceberg filesystem destination
    -- falls back to append, so dedupe to the latest categorisation per key
    SELECT
        description_clean,
        supermarket,
        max_by(category, categorized_at)    AS category,
        max_by(subcategory, categorized_at) AS subcategory
    FROM "silver"."bodega"."products"
    GROUP BY description_clean, supermarket
) p
    ON  i.description_clean = p.description_clean
    AND i.supermarket        = p.supermarket
GROUP BY
    i.invoice_date,
    date_trunc('week',  i.invoice_date),
    date_trunc('month', i.invoice_date),
    COALESCE(p.category, 'OTHER'),
    p.subcategory,
    i.supermarket
    );
    
  
[0m11:00:39.782279 [debug] [Thread-3 (]: On model.bodega.spending_by_day: /* {"app": "dbt", "dbt_version": "1.12.3", "profile_name": "bodega", "target_name": "local", "node_id": "model.bodega.spending_by_day"} */

    

    create  table
      "gold"."bodega"."spending_by_day__dbt_tmp"
  
    
    as (
      SELECT
    invoice_date,
    supermarket,
    COUNT(*)              AS invoice_count,
    SUM(total_amount)     AS total_amount,
    SUM(total_tax_amount) AS total_tax,
    SUM(item_count)       AS total_items,
    AVG(total_amount)     AS avg_basket_amount
FROM "silver"."bodega"."invoices"
GROUP BY invoice_date, supermarket
    );
    
  
[0m11:00:39.784768 [debug] [Thread-4 (]: SQL status: OK in 0.003 seconds
[0m11:00:39.787942 [debug] [Thread-4 (]: Using duckdb connection "model.bodega.spending_by_week"
[0m11:00:39.788195 [debug] [Thread-4 (]: On model.bodega.spending_by_week: /* {"app": "dbt", "dbt_version": "1.12.3", "profile_name": "bodega", "target_name": "local", "node_id": "model.bodega.spending_by_week"} */
alter table "gold"."bodega"."spending_by_week__dbt_tmp" rename to "spending_by_week"
[0m11:00:39.788413 [debug] [Thread-3 (]: SQL status: OK in 0.006 seconds
[0m11:00:39.788617 [debug] [Thread-2 (]: SQL status: OK in 0.006 seconds
[0m11:00:39.788863 [debug] [Thread-1 (]: SQL status: OK in 0.006 seconds
[0m11:00:39.789059 [debug] [Thread-4 (]: SQL status: OK in 0.000 seconds
[0m11:00:39.790077 [debug] [Thread-3 (]: Using duckdb connection "model.bodega.spending_by_day"
[0m11:00:39.791194 [debug] [Thread-2 (]: Using duckdb connection "model.bodega.price_trends"
[0m11:00:39.792350 [debug] [Thread-1 (]: Using duckdb connection "model.bodega.category_spending"
[0m11:00:39.799267 [debug] [Thread-4 (]: On model.bodega.spending_by_week: COMMIT
[0m11:00:39.799509 [debug] [Thread-3 (]: On model.bodega.spending_by_day: /* {"app": "dbt", "dbt_version": "1.12.3", "profile_name": "bodega", "target_name": "local", "node_id": "model.bodega.spending_by_day"} */
alter table "gold"."bodega"."spending_by_day__dbt_tmp" rename to "spending_by_day"
[0m11:00:39.799700 [debug] [Thread-2 (]: On model.bodega.price_trends: /* {"app": "dbt", "dbt_version": "1.12.3", "profile_name": "bodega", "target_name": "local", "node_id": "model.bodega.price_trends"} */
alter table "gold"."bodega"."price_trends__dbt_tmp" rename to "price_trends"
[0m11:00:39.800003 [debug] [Thread-1 (]: On model.bodega.category_spending: /* {"app": "dbt", "dbt_version": "1.12.3", "profile_name": "bodega", "target_name": "local", "node_id": "model.bodega.category_spending"} */
alter table "gold"."bodega"."category_spending__dbt_tmp" rename to "category_spending"
[0m11:00:39.800272 [debug] [Thread-4 (]: Using duckdb connection "model.bodega.spending_by_week"
[0m11:00:39.800742 [debug] [Thread-4 (]: On model.bodega.spending_by_week: COMMIT
[0m11:00:39.801010 [debug] [Thread-3 (]: SQL status: OK in 0.001 seconds
[0m11:00:39.801222 [debug] [Thread-2 (]: SQL status: OK in 0.001 seconds
[0m11:00:39.801411 [debug] [Thread-4 (]: SQL status: OK in 0.000 seconds
[0m11:00:39.801575 [debug] [Thread-1 (]: SQL status: OK in 0.001 seconds
[0m11:00:39.802301 [debug] [Thread-3 (]: On model.bodega.spending_by_day: COMMIT
[0m11:00:39.803220 [debug] [Thread-2 (]: On model.bodega.price_trends: COMMIT
[0m11:00:39.805443 [debug] [Thread-4 (]: Using duckdb connection "model.bodega.spending_by_week"
[0m11:00:39.806119 [debug] [Thread-1 (]: On model.bodega.category_spending: COMMIT
[0m11:00:39.806393 [debug] [Thread-3 (]: Using duckdb connection "model.bodega.spending_by_day"
[0m11:00:39.806672 [debug] [Thread-2 (]: Using duckdb connection "model.bodega.price_trends"
[0m11:00:39.806907 [debug] [Thread-4 (]: On model.bodega.spending_by_week: /* {"app": "dbt", "dbt_version": "1.12.3", "profile_name": "bodega", "target_name": "local", "node_id": "model.bodega.spending_by_week"} */

      drop table if exists "gold"."bodega"."spending_by_week__dbt_backup" cascade
    
[0m11:00:39.807147 [debug] [Thread-1 (]: Using duckdb connection "model.bodega.category_spending"
[0m11:00:39.807344 [debug] [Thread-3 (]: On model.bodega.spending_by_day: COMMIT
[0m11:00:39.807520 [debug] [Thread-2 (]: On model.bodega.price_trends: COMMIT
[0m11:00:39.807809 [debug] [Thread-1 (]: On model.bodega.category_spending: COMMIT
[0m11:00:39.808060 [debug] [Thread-4 (]: SQL status: OK in 0.000 seconds
[0m11:00:39.808493 [debug] [Thread-3 (]: SQL status: OK in 0.000 seconds
[0m11:00:39.809911 [debug] [Thread-4 (]: On model.bodega.spending_by_week: Close
[0m11:00:39.810191 [debug] [Thread-2 (]: SQL status: OK in 0.002 seconds
[0m11:00:39.810965 [debug] [Thread-3 (]: Using duckdb connection "model.bodega.spending_by_day"
[0m11:00:39.811166 [debug] [Thread-1 (]: SQL status: OK in 0.003 seconds
[0m11:00:39.812802 [debug] [Thread-2 (]: Using duckdb connection "model.bodega.price_trends"
[0m11:00:39.812999 [debug] [Thread-3 (]: On model.bodega.spending_by_day: /* {"app": "dbt", "dbt_version": "1.12.3", "profile_name": "bodega", "target_name": "local", "node_id": "model.bodega.spending_by_day"} */

      drop table if exists "gold"."bodega"."spending_by_day__dbt_backup" cascade
    
[0m11:00:39.813648 [debug] [Thread-1 (]: Using duckdb connection "model.bodega.category_spending"
[0m11:00:39.813876 [debug] [Thread-2 (]: On model.bodega.price_trends: /* {"app": "dbt", "dbt_version": "1.12.3", "profile_name": "bodega", "target_name": "local", "node_id": "model.bodega.price_trends"} */

      drop table if exists "gold"."bodega"."price_trends__dbt_backup" cascade
    
[0m11:00:39.814177 [debug] [Thread-1 (]: On model.bodega.category_spending: /* {"app": "dbt", "dbt_version": "1.12.3", "profile_name": "bodega", "target_name": "local", "node_id": "model.bodega.category_spending"} */

      drop table if exists "gold"."bodega"."category_spending__dbt_backup" cascade
    
[0m11:00:39.814444 [debug] [Thread-4 (]: Sending event: {'category': 'dbt', 'action': 'run_model', 'label': '3ea509b5-f616-466d-adcf-dd37a9c75843', 'context': [<snowplow_tracker.self_describing_json.SelfDescribingJson object at 0x10aea3790>]}
[0m11:00:39.814640 [debug] [Thread-3 (]: SQL status: OK in 0.001 seconds
[0m11:00:39.814869 [debug] [Thread-2 (]: SQL status: OK in 0.000 seconds
[0m11:00:39.815453 [debug] [Thread-1 (]: SQL status: OK in 0.001 seconds
[0m11:00:39.815238 [info ] [Thread-4 (]: 4 of 12 OK created sql table model gold.bodega.spending_by_week ................ [[32mOK[0m in 0.08s]
[0m11:00:39.816272 [debug] [Thread-3 (]: On model.bodega.spending_by_day: Close
[0m11:00:39.816869 [debug] [Thread-2 (]: On model.bodega.price_trends: Close
[0m11:00:39.817431 [debug] [Thread-1 (]: On model.bodega.category_spending: Close
[0m11:00:39.817736 [debug] [Thread-4 (]: Finished running node model.bodega.spending_by_week
[0m11:00:39.818051 [debug] [Thread-3 (]: Sending event: {'category': 'dbt', 'action': 'run_model', 'label': '3ea509b5-f616-466d-adcf-dd37a9c75843', 'context': [<snowplow_tracker.self_describing_json.SelfDescribingJson object at 0x10aad6690>]}
[0m11:00:39.818286 [debug] [Thread-2 (]: Sending event: {'category': 'dbt', 'action': 'run_model', 'label': '3ea509b5-f616-466d-adcf-dd37a9c75843', 'context': [<snowplow_tracker.self_describing_json.SelfDescribingJson object at 0x10acf5180>]}
[0m11:00:39.818527 [debug] [Thread-1 (]: Sending event: {'category': 'dbt', 'action': 'run_model', 'label': '3ea509b5-f616-466d-adcf-dd37a9c75843', 'context': [<snowplow_tracker.self_describing_json.SelfDescribingJson object at 0x10acf5ff0>]}
[0m11:00:39.818739 [debug] [Thread-4 (]: Began running node model.bodega.tax_summary
[0m11:00:39.819187 [info ] [Thread-2 (]: 2 of 12 OK created sql table model gold.bodega.price_trends .................... [[32mOK[0m in 0.08s]
[0m11:00:39.819454 [info ] [Thread-3 (]: 3 of 12 OK created sql table model gold.bodega.spending_by_day ................. [[32mOK[0m in 0.08s]
[0m11:00:39.819740 [info ] [Thread-1 (]: 1 of 12 OK created sql table model gold.bodega.category_spending ............... [[32mOK[0m in 0.08s]
[0m11:00:39.819974 [info ] [Thread-4 (]: 5 of 12 START sql table model gold.bodega.tax_summary .......................... [RUN]
[0m11:00:39.820251 [debug] [Thread-2 (]: Finished running node model.bodega.price_trends
[0m11:00:39.820484 [debug] [Thread-3 (]: Finished running node model.bodega.spending_by_day
[0m11:00:39.820706 [debug] [Thread-1 (]: Finished running node model.bodega.category_spending
[0m11:00:39.820916 [debug] [Thread-4 (]: Re-using an available connection from the pool (formerly model.bodega.spending_by_week, now model.bodega.tax_summary)
[0m11:00:39.821126 [debug] [Thread-2 (]: Began running node model.bodega.top_products
[0m11:00:39.821343 [debug] [Thread-3 (]: Began running node test.bodega.not_null_spending_by_week_week_start.7ecb24cdbf
[0m11:00:39.821559 [debug] [Thread-1 (]: Began running node test.bodega.not_null_price_trends_description_clean.61eebb4b94
[0m11:00:39.821774 [debug] [Thread-4 (]: Began compiling node model.bodega.tax_summary
[0m11:00:39.822013 [info ] [Thread-2 (]: 6 of 12 START sql table model gold.bodega.top_products ......................... [RUN]
[0m11:00:39.822205 [info ] [Thread-3 (]: 7 of 12 START test not_null_spending_by_week_week_start ........................ [RUN]
[0m11:00:39.822400 [info ] [Thread-1 (]: 8 of 12 START test not_null_price_trends_description_clean ..................... [RUN]
[0m11:00:39.823414 [debug] [Thread-4 (]: Writing injected SQL for node "model.bodega.tax_summary"
[0m11:00:39.823634 [debug] [Thread-2 (]: Re-using an available connection from the pool (formerly model.bodega.price_trends, now model.bodega.top_products)
[0m11:00:39.823845 [debug] [Thread-3 (]: Re-using an available connection from the pool (formerly model.bodega.spending_by_day, now test.bodega.not_null_spending_by_week_week_start.7ecb24cdbf)
[0m11:00:39.824038 [debug] [Thread-1 (]: Re-using an available connection from the pool (formerly model.bodega.category_spending, now test.bodega.not_null_price_trends_description_clean.61eebb4b94)
[0m11:00:39.824244 [debug] [Thread-2 (]: Began compiling node model.bodega.top_products
[0m11:00:39.824431 [debug] [Thread-3 (]: Began compiling node test.bodega.not_null_spending_by_week_week_start.7ecb24cdbf
[0m11:00:39.824610 [debug] [Thread-1 (]: Began compiling node test.bodega.not_null_price_trends_description_clean.61eebb4b94
[0m11:00:39.825852 [debug] [Thread-2 (]: Writing injected SQL for node "model.bodega.top_products"
[0m11:00:39.833229 [debug] [Thread-4 (]: Began executing node model.bodega.tax_summary
[0m11:00:39.833744 [debug] [Thread-3 (]: Writing injected SQL for node "test.bodega.not_null_spending_by_week_week_start.7ecb24cdbf"
[0m11:00:39.837252 [debug] [Thread-1 (]: Writing injected SQL for node "test.bodega.not_null_price_trends_description_clean.61eebb4b94"
[0m11:00:39.838940 [debug] [Thread-4 (]: Writing runtime sql for node "model.bodega.tax_summary"
[0m11:00:39.839419 [debug] [Thread-2 (]: Began executing node model.bodega.top_products
[0m11:00:39.840843 [debug] [Thread-2 (]: Writing runtime sql for node "model.bodega.top_products"
[0m11:00:39.841321 [debug] [Thread-1 (]: Began executing node test.bodega.not_null_price_trends_description_clean.61eebb4b94
[0m11:00:39.841579 [debug] [Thread-3 (]: Began executing node test.bodega.not_null_spending_by_week_week_start.7ecb24cdbf
[0m11:00:39.847576 [debug] [Thread-4 (]: Using duckdb connection "model.bodega.tax_summary"
[0m11:00:39.850920 [debug] [Thread-1 (]: Writing runtime sql for node "test.bodega.not_null_price_trends_description_clean.61eebb4b94"
[0m11:00:39.851855 [debug] [Thread-3 (]: Writing runtime sql for node "test.bodega.not_null_spending_by_week_week_start.7ecb24cdbf"
[0m11:00:39.852124 [debug] [Thread-2 (]: Using duckdb connection "model.bodega.top_products"
[0m11:00:39.852365 [debug] [Thread-4 (]: On model.bodega.tax_summary: BEGIN
[0m11:00:39.852733 [debug] [Thread-2 (]: On model.bodega.top_products: BEGIN
[0m11:00:39.852967 [debug] [Thread-4 (]: Opening a new connection, currently in state closed
[0m11:00:39.853227 [debug] [Thread-2 (]: Opening a new connection, currently in state closed
[0m11:00:39.853507 [debug] [Thread-3 (]: Using duckdb connection "test.bodega.not_null_spending_by_week_week_start.7ecb24cdbf"
[0m11:00:39.853751 [debug] [Thread-1 (]: Using duckdb connection "test.bodega.not_null_price_trends_description_clean.61eebb4b94"
[0m11:00:39.854187 [debug] [Thread-3 (]: On test.bodega.not_null_spending_by_week_week_start.7ecb24cdbf: BEGIN
[0m11:00:39.854417 [debug] [Thread-1 (]: On test.bodega.not_null_price_trends_description_clean.61eebb4b94: BEGIN
[0m11:00:39.854613 [debug] [Thread-4 (]: SQL status: OK in 0.002 seconds
[0m11:00:39.854806 [debug] [Thread-3 (]: Opening a new connection, currently in state closed
[0m11:00:39.855005 [debug] [Thread-2 (]: SQL status: OK in 0.002 seconds
[0m11:00:39.855219 [debug] [Thread-1 (]: Opening a new connection, currently in state closed
[0m11:00:39.855445 [debug] [Thread-4 (]: Using duckdb connection "model.bodega.tax_summary"
[0m11:00:39.855784 [debug] [Thread-2 (]: Using duckdb connection "model.bodega.top_products"
[0m11:00:39.856105 [debug] [Thread-3 (]: SQL status: OK in 0.001 seconds
[0m11:00:39.856338 [debug] [Thread-4 (]: On model.bodega.tax_summary: /* {"app": "dbt", "dbt_version": "1.12.3", "profile_name": "bodega", "target_name": "local", "node_id": "model.bodega.tax_summary"} */

    

    create  table
      "gold"."bodega"."tax_summary__dbt_tmp"
  
    
    as (
      SELECT
    date_trunc('month', invoice_date)  AS month_start,
    tax_rate,
    supermarket,
    SUM(base_amount)                   AS base_amount,
    SUM(tax_amount)                    AS tax_amount
FROM "silver"."bodega"."invoice_taxes"
GROUP BY date_trunc('month', invoice_date), tax_rate, supermarket
    );
    
  
[0m11:00:39.856542 [debug] [Thread-1 (]: SQL status: OK in 0.001 seconds
[0m11:00:39.856749 [debug] [Thread-2 (]: On model.bodega.top_products: /* {"app": "dbt", "dbt_version": "1.12.3", "profile_name": "bodega", "target_name": "local", "node_id": "model.bodega.top_products"} */

    

    create  table
      "gold"."bodega"."top_products__dbt_tmp"
  
    
    as (
      SELECT
    i.description_clean,
    p.category,
    p.subcategory,
    p.is_weighted,
    i.supermarket,
    COUNT(DISTINCT i.invoice_number)   AS purchase_count,
    SUM(i.quantity)                    AS total_quantity,
    SUM(i.total_amount)                AS total_spent,
    AVG(i.unit_price)                  AS avg_unit_price,
    MIN(i.unit_price)                  AS min_unit_price,
    MAX(i.unit_price)                  AS max_unit_price,
    MAX(i.invoice_date)                AS last_purchased_date
FROM "silver"."bodega"."invoice_items" i
LEFT JOIN (
    -- products is merge-by-key in dlt but the Iceberg filesystem destination
    -- falls back to append, so dedupe to the latest categorisation per key
    SELECT
        description_clean,
        supermarket,
        max_by(category, categorized_at)    AS category,
        max_by(subcategory, categorized_at) AS subcategory,
        max_by(is_weighted, categorized_at) AS is_weighted
    FROM "silver"."bodega"."products"
    GROUP BY description_clean, supermarket
) p
    ON  i.description_clean = p.description_clean
    AND i.supermarket        = p.supermarket
GROUP BY i.description_clean, p.category, p.subcategory, p.is_weighted, i.supermarket
    );
    
  
[0m11:00:39.856972 [debug] [Thread-3 (]: Using duckdb connection "test.bodega.not_null_spending_by_week_week_start.7ecb24cdbf"
[0m11:00:39.857235 [debug] [Thread-1 (]: Using duckdb connection "test.bodega.not_null_price_trends_description_clean.61eebb4b94"
[0m11:00:39.857569 [debug] [Thread-3 (]: On test.bodega.not_null_spending_by_week_week_start.7ecb24cdbf: /* {"app": "dbt", "dbt_version": "1.12.3", "profile_name": "bodega", "target_name": "local", "node_id": "test.bodega.not_null_spending_by_week_week_start.7ecb24cdbf"} */

    
    select
      count(*) as failures,
      count(*) != 0 as should_warn,
      count(*) != 0 as should_error
    from (
      
    
  
    
    



select week_start
from "gold"."bodega"."spending_by_week"
where week_start is null



  
  
      
    ) dbt_internal_test
[0m11:00:39.857836 [debug] [Thread-1 (]: On test.bodega.not_null_price_trends_description_clean.61eebb4b94: /* {"app": "dbt", "dbt_version": "1.12.3", "profile_name": "bodega", "target_name": "local", "node_id": "test.bodega.not_null_price_trends_description_clean.61eebb4b94"} */

    
    select
      count(*) as failures,
      count(*) != 0 as should_warn,
      count(*) != 0 as should_error
    from (
      
    
  
    
    



select description_clean
from "gold"."bodega"."price_trends"
where description_clean is null



  
  
      
    ) dbt_internal_test
[0m11:00:39.858450 [debug] [Thread-3 (]: SQL status: OK in 0.000 seconds
[0m11:00:39.860832 [debug] [Thread-3 (]: On test.bodega.not_null_spending_by_week_week_start.7ecb24cdbf: ROLLBACK
[0m11:00:39.861170 [debug] [Thread-4 (]: SQL status: OK in 0.004 seconds
[0m11:00:39.861445 [debug] [Thread-2 (]: SQL status: OK in 0.004 seconds
[0m11:00:39.862641 [debug] [Thread-4 (]: Using duckdb connection "model.bodega.tax_summary"
[0m11:00:39.862882 [debug] [Thread-1 (]: SQL status: OK in 0.005 seconds
[0m11:00:39.863105 [debug] [Thread-3 (]: On test.bodega.not_null_spending_by_week_week_start.7ecb24cdbf: Close
[0m11:00:39.864102 [debug] [Thread-2 (]: Using duckdb connection "model.bodega.top_products"
[0m11:00:39.864306 [debug] [Thread-4 (]: On model.bodega.tax_summary: /* {"app": "dbt", "dbt_version": "1.12.3", "profile_name": "bodega", "target_name": "local", "node_id": "model.bodega.tax_summary"} */
alter table "gold"."bodega"."tax_summary__dbt_tmp" rename to "tax_summary"
[0m11:00:39.865215 [debug] [Thread-1 (]: On test.bodega.not_null_price_trends_description_clean.61eebb4b94: ROLLBACK
[0m11:00:39.865570 [info ] [Thread-3 (]: 7 of 12 PASS not_null_spending_by_week_week_start .............................. [[32mPASS[0m in 0.04s]
[0m11:00:39.865826 [debug] [Thread-2 (]: On model.bodega.top_products: /* {"app": "dbt", "dbt_version": "1.12.3", "profile_name": "bodega", "target_name": "local", "node_id": "model.bodega.top_products"} */
alter table "gold"."bodega"."top_products__dbt_tmp" rename to "top_products"
[0m11:00:39.866382 [debug] [Thread-3 (]: Finished running node test.bodega.not_null_spending_by_week_week_start.7ecb24cdbf
[0m11:00:39.866891 [debug] [Thread-4 (]: SQL status: OK in 0.001 seconds
[0m11:00:39.867294 [debug] [Thread-1 (]: On test.bodega.not_null_price_trends_description_clean.61eebb4b94: Close
[0m11:00:39.867589 [debug] [Thread-3 (]: Began running node test.bodega.not_null_spending_by_day_invoice_date.2509f75e93
[0m11:00:39.867838 [debug] [Thread-2 (]: SQL status: OK in 0.001 seconds
[0m11:00:39.868645 [debug] [Thread-4 (]: On model.bodega.tax_summary: COMMIT
[0m11:00:39.869027 [info ] [Thread-1 (]: 8 of 12 PASS not_null_price_trends_description_clean ........................... [[32mPASS[0m in 0.04s]
[0m11:00:39.869322 [info ] [Thread-3 (]: 9 of 12 START test not_null_spending_by_day_invoice_date ....................... [RUN]
[0m11:00:39.870119 [debug] [Thread-2 (]: On model.bodega.top_products: COMMIT
[0m11:00:39.870328 [debug] [Thread-4 (]: Using duckdb connection "model.bodega.tax_summary"
[0m11:00:39.870576 [debug] [Thread-1 (]: Finished running node test.bodega.not_null_price_trends_description_clean.61eebb4b94
[0m11:00:39.870782 [debug] [Thread-3 (]: Re-using an available connection from the pool (formerly test.bodega.not_null_spending_by_week_week_start.7ecb24cdbf, now test.bodega.not_null_spending_by_day_invoice_date.2509f75e93)
[0m11:00:39.870967 [debug] [Thread-2 (]: Using duckdb connection "model.bodega.top_products"
[0m11:00:39.871131 [debug] [Thread-4 (]: On model.bodega.tax_summary: COMMIT
[0m11:00:39.871335 [debug] [Thread-1 (]: Began running node test.bodega.not_null_category_spending_invoice_date.bb466ccf3a
[0m11:00:39.871612 [debug] [Thread-3 (]: Began compiling node test.bodega.not_null_spending_by_day_invoice_date.2509f75e93
[0m11:00:39.871856 [debug] [Thread-2 (]: On model.bodega.top_products: COMMIT
[0m11:00:39.872150 [info ] [Thread-1 (]: 10 of 12 START test not_null_category_spending_invoice_date .................... [RUN]
[0m11:00:39.877625 [debug] [Thread-3 (]: Writing injected SQL for node "test.bodega.not_null_spending_by_day_invoice_date.2509f75e93"
[0m11:00:39.877955 [debug] [Thread-4 (]: SQL status: OK in 0.006 seconds
[0m11:00:39.878367 [debug] [Thread-1 (]: Re-using an available connection from the pool (formerly test.bodega.not_null_price_trends_description_clean.61eebb4b94, now test.bodega.not_null_category_spending_invoice_date.bb466ccf3a)
[0m11:00:39.879345 [debug] [Thread-4 (]: Using duckdb connection "model.bodega.tax_summary"
[0m11:00:39.879588 [debug] [Thread-1 (]: Began compiling node test.bodega.not_null_category_spending_invoice_date.bb466ccf3a
[0m11:00:39.879823 [debug] [Thread-2 (]: SQL status: OK in 0.002 seconds
[0m11:00:39.880056 [debug] [Thread-4 (]: On model.bodega.tax_summary: /* {"app": "dbt", "dbt_version": "1.12.3", "profile_name": "bodega", "target_name": "local", "node_id": "model.bodega.tax_summary"} */

      drop table if exists "gold"."bodega"."tax_summary__dbt_backup" cascade
    
[0m11:00:39.880266 [debug] [Thread-3 (]: Began executing node test.bodega.not_null_spending_by_day_invoice_date.2509f75e93
[0m11:00:39.883638 [debug] [Thread-1 (]: Writing injected SQL for node "test.bodega.not_null_category_spending_invoice_date.bb466ccf3a"
[0m11:00:39.884573 [debug] [Thread-2 (]: Using duckdb connection "model.bodega.top_products"
[0m11:00:39.885663 [debug] [Thread-3 (]: Writing runtime sql for node "test.bodega.not_null_spending_by_day_invoice_date.2509f75e93"
[0m11:00:39.885976 [debug] [Thread-4 (]: SQL status: OK in 0.001 seconds
[0m11:00:39.886243 [debug] [Thread-2 (]: On model.bodega.top_products: /* {"app": "dbt", "dbt_version": "1.12.3", "profile_name": "bodega", "target_name": "local", "node_id": "model.bodega.top_products"} */

      drop table if exists "gold"."bodega"."top_products__dbt_backup" cascade
    
[0m11:00:39.887068 [debug] [Thread-4 (]: On model.bodega.tax_summary: Close
[0m11:00:39.887608 [debug] [Thread-4 (]: Sending event: {'category': 'dbt', 'action': 'run_model', 'label': '3ea509b5-f616-466d-adcf-dd37a9c75843', 'context': [<snowplow_tracker.self_describing_json.SelfDescribingJson object at 0x10ad82cd0>]}
[0m11:00:39.887863 [debug] [Thread-2 (]: SQL status: OK in 0.001 seconds
[0m11:00:39.888111 [debug] [Thread-1 (]: Began executing node test.bodega.not_null_category_spending_invoice_date.bb466ccf3a
[0m11:00:39.888348 [debug] [Thread-3 (]: Using duckdb connection "test.bodega.not_null_spending_by_day_invoice_date.2509f75e93"
[0m11:00:39.889392 [debug] [Thread-2 (]: On model.bodega.top_products: Close
[0m11:00:39.888703 [info ] [Thread-4 (]: 5 of 12 OK created sql table model gold.bodega.tax_summary ..................... [[32mOK[0m in 0.07s]
[0m11:00:39.890277 [debug] [Thread-1 (]: Writing runtime sql for node "test.bodega.not_null_category_spending_invoice_date.bb466ccf3a"
[0m11:00:39.890519 [debug] [Thread-3 (]: On test.bodega.not_null_spending_by_day_invoice_date.2509f75e93: BEGIN
[0m11:00:39.890886 [debug] [Thread-2 (]: Sending event: {'category': 'dbt', 'action': 'run_model', 'label': '3ea509b5-f616-466d-adcf-dd37a9c75843', 'context': [<snowplow_tracker.self_describing_json.SelfDescribingJson object at 0x10ade49f0>]}
[0m11:00:39.891176 [debug] [Thread-4 (]: Finished running node model.bodega.tax_summary
[0m11:00:39.891411 [debug] [Thread-3 (]: Opening a new connection, currently in state closed
[0m11:00:39.891982 [info ] [Thread-2 (]: 6 of 12 OK created sql table model gold.bodega.top_products .................... [[32mOK[0m in 0.07s]
[0m11:00:39.892482 [debug] [Thread-4 (]: Began running node test.bodega.not_null_tax_summary_month_start.2fd9eeda3c
[0m11:00:39.892923 [debug] [Thread-2 (]: Finished running node model.bodega.top_products
[0m11:00:39.893170 [debug] [Thread-1 (]: Using duckdb connection "test.bodega.not_null_category_spending_invoice_date.bb466ccf3a"
[0m11:00:39.893592 [debug] [Thread-3 (]: SQL status: OK in 0.002 seconds
[0m11:00:39.893429 [info ] [Thread-4 (]: 11 of 12 START test not_null_tax_summary_month_start ........................... [RUN]
[0m11:00:39.893911 [debug] [Thread-1 (]: On test.bodega.not_null_category_spending_invoice_date.bb466ccf3a: BEGIN
[0m11:00:39.894102 [debug] [Thread-2 (]: Began running node test.bodega.not_null_top_products_description_clean.03adf210e6
[0m11:00:39.894292 [debug] [Thread-3 (]: Using duckdb connection "test.bodega.not_null_spending_by_day_invoice_date.2509f75e93"
[0m11:00:39.894538 [debug] [Thread-4 (]: Re-using an available connection from the pool (formerly model.bodega.tax_summary, now test.bodega.not_null_tax_summary_month_start.2fd9eeda3c)
[0m11:00:39.894728 [debug] [Thread-1 (]: Opening a new connection, currently in state closed
[0m11:00:39.894927 [info ] [Thread-2 (]: 12 of 12 START test not_null_top_products_description_clean .................... [RUN]
[0m11:00:39.895136 [debug] [Thread-3 (]: On test.bodega.not_null_spending_by_day_invoice_date.2509f75e93: /* {"app": "dbt", "dbt_version": "1.12.3", "profile_name": "bodega", "target_name": "local", "node_id": "test.bodega.not_null_spending_by_day_invoice_date.2509f75e93"} */

    
    select
      count(*) as failures,
      count(*) != 0 as should_warn,
      count(*) != 0 as should_error
    from (
      
    
  
    
    



select invoice_date
from "gold"."bodega"."spending_by_day"
where invoice_date is null



  
  
      
    ) dbt_internal_test
[0m11:00:39.895329 [debug] [Thread-4 (]: Began compiling node test.bodega.not_null_tax_summary_month_start.2fd9eeda3c
[0m11:00:39.895603 [debug] [Thread-2 (]: Re-using an available connection from the pool (formerly model.bodega.top_products, now test.bodega.not_null_top_products_description_clean.03adf210e6)
[0m11:00:39.895871 [debug] [Thread-1 (]: SQL status: OK in 0.001 seconds
[0m11:00:39.899475 [debug] [Thread-4 (]: Writing injected SQL for node "test.bodega.not_null_tax_summary_month_start.2fd9eeda3c"
[0m11:00:39.899742 [debug] [Thread-2 (]: Began compiling node test.bodega.not_null_top_products_description_clean.03adf210e6
[0m11:00:39.900062 [debug] [Thread-3 (]: SQL status: OK in 0.004 seconds
[0m11:00:39.900286 [debug] [Thread-1 (]: Using duckdb connection "test.bodega.not_null_category_spending_invoice_date.bb466ccf3a"
[0m11:00:39.903402 [debug] [Thread-2 (]: Writing injected SQL for node "test.bodega.not_null_top_products_description_clean.03adf210e6"
[0m11:00:39.903688 [debug] [Thread-1 (]: On test.bodega.not_null_category_spending_invoice_date.bb466ccf3a: /* {"app": "dbt", "dbt_version": "1.12.3", "profile_name": "bodega", "target_name": "local", "node_id": "test.bodega.not_null_category_spending_invoice_date.bb466ccf3a"} */

    
    select
      count(*) as failures,
      count(*) != 0 as should_warn,
      count(*) != 0 as should_error
    from (
      
    
  
    
    



select invoice_date
from "gold"."bodega"."category_spending"
where invoice_date is null



  
  
      
    ) dbt_internal_test
[0m11:00:39.904485 [debug] [Thread-3 (]: On test.bodega.not_null_spending_by_day_invoice_date.2509f75e93: ROLLBACK
[0m11:00:39.904994 [debug] [Thread-2 (]: Began executing node test.bodega.not_null_top_products_description_clean.03adf210e6
[0m11:00:39.905861 [debug] [Thread-2 (]: Writing runtime sql for node "test.bodega.not_null_top_products_description_clean.03adf210e6"
[0m11:00:39.906091 [debug] [Thread-1 (]: SQL status: OK in 0.001 seconds
[0m11:00:39.906281 [debug] [Thread-3 (]: On test.bodega.not_null_spending_by_day_invoice_date.2509f75e93: Close
[0m11:00:39.906462 [debug] [Thread-4 (]: Began executing node test.bodega.not_null_tax_summary_month_start.2fd9eeda3c
[0m11:00:39.907372 [debug] [Thread-1 (]: On test.bodega.not_null_category_spending_invoice_date.bb466ccf3a: ROLLBACK
[0m11:00:39.908193 [debug] [Thread-4 (]: Writing runtime sql for node "test.bodega.not_null_tax_summary_month_start.2fd9eeda3c"
[0m11:00:39.908892 [debug] [Thread-2 (]: Using duckdb connection "test.bodega.not_null_top_products_description_clean.03adf210e6"
[0m11:00:39.908578 [info ] [Thread-3 (]: 9 of 12 PASS not_null_spending_by_day_invoice_date ............................. [[32mPASS[0m in 0.04s]
[0m11:00:39.909251 [debug] [Thread-2 (]: On test.bodega.not_null_top_products_description_clean.03adf210e6: BEGIN
[0m11:00:39.909461 [debug] [Thread-1 (]: On test.bodega.not_null_category_spending_invoice_date.bb466ccf3a: Close
[0m11:00:39.909723 [debug] [Thread-3 (]: Finished running node test.bodega.not_null_spending_by_day_invoice_date.2509f75e93
[0m11:00:39.909939 [debug] [Thread-2 (]: Opening a new connection, currently in state closed
[0m11:00:39.910277 [info ] [Thread-1 (]: 10 of 12 PASS not_null_category_spending_invoice_date .......................... [[32mPASS[0m in 0.03s]
[0m11:00:39.910524 [debug] [Thread-4 (]: Using duckdb connection "test.bodega.not_null_tax_summary_month_start.2fd9eeda3c"
[0m11:00:39.910977 [debug] [Thread-1 (]: Finished running node test.bodega.not_null_category_spending_invoice_date.bb466ccf3a
[0m11:00:39.911184 [debug] [Thread-4 (]: On test.bodega.not_null_tax_summary_month_start.2fd9eeda3c: BEGIN
[0m11:00:39.911406 [debug] [Thread-2 (]: SQL status: OK in 0.001 seconds
[0m11:00:39.911613 [debug] [Thread-4 (]: Opening a new connection, currently in state closed
[0m11:00:39.911807 [debug] [Thread-2 (]: Using duckdb connection "test.bodega.not_null_top_products_description_clean.03adf210e6"
[0m11:00:39.912072 [debug] [Thread-2 (]: On test.bodega.not_null_top_products_description_clean.03adf210e6: /* {"app": "dbt", "dbt_version": "1.12.3", "profile_name": "bodega", "target_name": "local", "node_id": "test.bodega.not_null_top_products_description_clean.03adf210e6"} */

    
    select
      count(*) as failures,
      count(*) != 0 as should_warn,
      count(*) != 0 as should_error
    from (
      
    
  
    
    



select description_clean
from "gold"."bodega"."top_products"
where description_clean is null



  
  
      
    ) dbt_internal_test
[0m11:00:39.912344 [debug] [Thread-4 (]: SQL status: OK in 0.001 seconds
[0m11:00:39.912542 [debug] [Thread-4 (]: Using duckdb connection "test.bodega.not_null_tax_summary_month_start.2fd9eeda3c"
[0m11:00:39.912757 [debug] [Thread-4 (]: On test.bodega.not_null_tax_summary_month_start.2fd9eeda3c: /* {"app": "dbt", "dbt_version": "1.12.3", "profile_name": "bodega", "target_name": "local", "node_id": "test.bodega.not_null_tax_summary_month_start.2fd9eeda3c"} */

    
    select
      count(*) as failures,
      count(*) != 0 as should_warn,
      count(*) != 0 as should_error
    from (
      
    
  
    
    



select month_start
from "gold"."bodega"."tax_summary"
where month_start is null



  
  
      
    ) dbt_internal_test
[0m11:00:39.912978 [debug] [Thread-2 (]: SQL status: OK in 0.001 seconds
[0m11:00:39.913857 [debug] [Thread-2 (]: On test.bodega.not_null_top_products_description_clean.03adf210e6: ROLLBACK
[0m11:00:39.914100 [debug] [Thread-4 (]: SQL status: OK in 0.001 seconds
[0m11:00:39.914305 [debug] [Thread-2 (]: On test.bodega.not_null_top_products_description_clean.03adf210e6: Close
[0m11:00:39.914988 [debug] [Thread-4 (]: On test.bodega.not_null_tax_summary_month_start.2fd9eeda3c: ROLLBACK
[0m11:00:39.915299 [info ] [Thread-2 (]: 12 of 12 PASS not_null_top_products_description_clean .......................... [[32mPASS[0m in 0.02s]
[0m11:00:39.915625 [debug] [Thread-2 (]: Finished running node test.bodega.not_null_top_products_description_clean.03adf210e6
[0m11:00:39.915885 [debug] [Thread-4 (]: On test.bodega.not_null_tax_summary_month_start.2fd9eeda3c: Close
[0m11:00:39.916279 [info ] [Thread-4 (]: 11 of 12 PASS not_null_tax_summary_month_start ................................. [[32mPASS[0m in 0.02s]
[0m11:00:39.916587 [debug] [Thread-4 (]: Finished running node test.bodega.not_null_tax_summary_month_start.2fd9eeda3c
[0m11:00:39.917395 [debug] [MainThread]: Using duckdb connection "master"
[0m11:00:39.917582 [debug] [MainThread]: On master: BEGIN
[0m11:00:39.917740 [debug] [MainThread]: Opening a new connection, currently in state closed
[0m11:00:39.918067 [debug] [MainThread]: SQL status: OK in 0.000 seconds
[0m11:00:39.918226 [debug] [MainThread]: On master: COMMIT
[0m11:00:39.918376 [debug] [MainThread]: Using duckdb connection "master"
[0m11:00:39.918522 [debug] [MainThread]: On master: COMMIT
[0m11:00:39.918736 [debug] [MainThread]: SQL status: OK in 0.000 seconds
[0m11:00:39.918890 [debug] [MainThread]: On master: Close
[0m11:00:39.919093 [debug] [MainThread]: Connection 'master' was properly closed.
[0m11:00:39.919232 [debug] [MainThread]: Connection 'test.bodega.not_null_category_spending_invoice_date.bb466ccf3a' was properly closed.
[0m11:00:39.919364 [debug] [MainThread]: Connection 'test.bodega.not_null_top_products_description_clean.03adf210e6' was properly closed.
[0m11:00:39.919489 [debug] [MainThread]: Connection 'test.bodega.not_null_tax_summary_month_start.2fd9eeda3c' was properly closed.
[0m11:00:39.919611 [debug] [MainThread]: Connection 'test.bodega.not_null_spending_by_day_invoice_date.2509f75e93' was properly closed.
[0m11:00:39.919786 [info ] [MainThread]: 
[0m11:00:39.919946 [info ] [MainThread]: Finished running 6 table models, 6 data tests in 0 hours 0 minutes and 0.26 seconds (0.26s).
[0m11:00:39.920785 [debug] [MainThread]: Command end result
[0m11:00:39.940291 [debug] [MainThread]: Wrote artifact WritableManifest to /Users/alvarosantosandres/personal/datahub-local-ai/workflows/dbt/projects/bodega/target/manifest.json
[0m11:00:39.941952 [debug] [MainThread]: Wrote artifact SemanticManifest to /Users/alvarosantosandres/personal/datahub-local-ai/workflows/dbt/projects/bodega/target/semantic_manifest.json
[0m11:00:39.943768 [debug] [MainThread]: Wrote artifact OsiDocument to /Users/alvarosantosandres/personal/datahub-local-ai/workflows/dbt/projects/bodega/target/osi_document.json
[0m11:00:39.947526 [debug] [MainThread]: Wrote artifact RunExecutionResult to /Users/alvarosantosandres/personal/datahub-local-ai/workflows/dbt/projects/bodega/target/run_results.json
[0m11:00:39.947729 [info ] [MainThread]: 
[0m11:00:39.947943 [info ] [MainThread]: [32mCompleted successfully[0m
[0m11:00:39.948104 [info ] [MainThread]: 
[0m11:00:39.948279 [info ] [MainThread]: Done. PASS=12 WARN=0 ERROR=0 SKIP=0 NO-OP=0 REUSED=0 TOTAL=12
[0m11:00:39.948637 [debug] [MainThread]: Resource report: {"command_name": "build", "command_success": true, "command_wall_clock_time": 0.8732403, "process_in_blocks": "0", "process_kernel_time": 0.246954, "process_mem_max_rss": "188743680", "process_out_blocks": "0", "process_user_time": 1.449232}
[0m11:00:39.948885 [debug] [MainThread]: Command `cli build` succeeded at 11:00:39.948847 after 0.87 seconds
[0m11:00:39.949093 [debug] [MainThread]: Sending event: {'category': 'dbt', 'action': 'invocation', 'label': 'end', 'context': [<snowplow_tracker.self_describing_json.SelfDescribingJson object at 0x109f92270>, <snowplow_tracker.self_describing_json.SelfDescribingJson object at 0x10ad0fd70>, <snowplow_tracker.self_describing_json.SelfDescribingJson object at 0x10aed61b0>]}
[0m11:00:39.949275 [debug] [MainThread]: Flushing usage events
[0m11:00:40.564974 [debug] [MainThread]: An error was encountered while trying to flush usage events
[0m11:00:41.950090 [debug] [MainThread]: Sending event: {'category': 'dbt', 'action': 'invocation', 'label': 'start', 'context': [<snowplow_tracker.self_describing_json.SelfDescribingJson object at 0x10abf1940>, <snowplow_tracker.self_describing_json.SelfDescribingJson object at 0x10ebe39d0>, <snowplow_tracker.self_describing_json.SelfDescribingJson object at 0x10ebe3750>]}


============================== 11:00:41.953800 | 2bcbe179-5f0a-4d25-a133-b3bdd7a2ff19 ==============================
[0m11:00:41.953800 [info ] [MainThread]: Running with dbt=1.12.3
[0m11:00:41.954223 [debug] [MainThread]: running dbt with arguments {'hints_enabled': 'True', 'warn_error': 'None', 'printer_width': '80', 'debug': 'False', 'use_experimental_parser': 'False', 'log_path': '/Users/alvarosantosandres/personal/datahub-local-ai/workflows/dbt/projects/bodega/logs', 'no_print': 'None', 'cache_selected_only': 'False', 'indirect_selection': 'eager', 'profiles_dir': '/Users/alvarosantosandres/personal/datahub-local-ai/workflows/dbt/projects/bodega', 'use_colors': 'True', 'write_json': 'True', 'log_cache_events': 'False', 'introspect': 'True', 'empty': 'None', 'maximum_seed_size_mib': '1', 'fail_fast': 'False', 'quiet': 'False', 'static_parser': 'True', 'version_check': 'True', 'send_anonymous_usage_stats': 'True', 'warn_error_options': 'WarnErrorOptionsV2(error=[], warn=[], silence=[])', 'invocation_command': 'dbt tests/ --ignore=tests/example_db/test_integration.py -q', 'target_path': 'None', 'partial_parse': 'True', 'log_format': 'default'}
[0m11:00:42.082019 [debug] [MainThread]: Sending event: {'category': 'dbt', 'action': 'project_id', 'label': '2bcbe179-5f0a-4d25-a133-b3bdd7a2ff19', 'context': [<snowplow_tracker.self_describing_json.SelfDescribingJson object at 0x10af0e060>]}
[0m11:00:42.130528 [debug] [MainThread]: Sending event: {'category': 'dbt', 'action': 'adapter_info', 'label': '2bcbe179-5f0a-4d25-a133-b3bdd7a2ff19', 'context': [<snowplow_tracker.self_describing_json.SelfDescribingJson object at 0x10edb7f00>]}
[0m11:00:42.132205 [info ] [MainThread]: Registered adapter: duckdb=1.11.0
[0m11:00:42.198872 [debug] [MainThread]: checksum: 59a249011856ecdb0c0125045551a53b65cd388a4d7d6d24b99b9f67da16e401, vars: {}, profile: bodega, target: local, version: 1.12.3
[0m11:00:42.272806 [debug] [MainThread]: Partial parsing enabled: 0 files deleted, 0 files added, 0 files changed.
[0m11:00:42.273110 [debug] [MainThread]: Nothing changed, skipping partial parsing.
[0m11:00:42.273286 [debug] [MainThread]: Partial parsing enabled, no changes found, skipping parsing
[0m11:00:42.279211 [debug] [MainThread]: Sending event: {'category': 'dbt', 'action': 'load_project', 'label': '2bcbe179-5f0a-4d25-a133-b3bdd7a2ff19', 'context': [<snowplow_tracker.self_describing_json.SelfDescribingJson object at 0x10f19c050>]}
[0m11:00:42.281237 [info ] [MainThread]: Performance info: /Users/alvarosantosandres/personal/datahub-local-ai/workflows/dbt/projects/bodega/target/perf_info.json
[0m11:00:42.354652 [debug] [MainThread]: Wrote artifact WritableManifest to /Users/alvarosantosandres/personal/datahub-local-ai/workflows/dbt/projects/bodega/target/manifest.json
[0m11:00:42.356503 [debug] [MainThread]: Wrote artifact SemanticManifest to /Users/alvarosantosandres/personal/datahub-local-ai/workflows/dbt/projects/bodega/target/semantic_manifest.json
[0m11:00:42.365182 [debug] [MainThread]: Wrote artifact OsiDocument to /Users/alvarosantosandres/personal/datahub-local-ai/workflows/dbt/projects/bodega/target/osi_document.json
[0m11:00:42.365608 [debug] [MainThread]: Resource report: {"command_name": "parse", "command_success": true, "command_wall_clock_time": 0.5218679, "process_in_blocks": "0", "process_kernel_time": 0.34798, "process_mem_max_rss": "178896896", "process_out_blocks": "0", "process_user_time": 1.336398}
[0m11:00:42.365892 [debug] [MainThread]: Command `cli parse` succeeded at 11:00:42.365841 after 0.52 seconds
[0m11:00:42.366128 [debug] [MainThread]: Sending event: {'category': 'dbt', 'action': 'invocation', 'label': 'end', 'context': [<snowplow_tracker.self_describing_json.SelfDescribingJson object at 0x10ed215e0>, <snowplow_tracker.self_describing_json.SelfDescribingJson object at 0x10f4587d0>, <snowplow_tracker.self_describing_json.SelfDescribingJson object at 0x10ebebe70>]}
[0m11:00:42.366323 [debug] [MainThread]: Flushing usage events
[0m11:00:42.873355 [debug] [MainThread]: An error was encountered while trying to flush usage events
[0m11:00:45.929080 [debug] [MainThread]: Sending event: {'category': 'dbt', 'action': 'invocation', 'label': 'start', 'context': [<snowplow_tracker.self_describing_json.SelfDescribingJson object at 0x10cb3a660>, <snowplow_tracker.self_describing_json.SelfDescribingJson object at 0x10df879d0>, <snowplow_tracker.self_describing_json.SelfDescribingJson object at 0x10df87890>]}


============================== 11:00:45.932740 | a29a9f19-b376-46a6-9ade-9ce9aa0cb52d ==============================
[0m11:00:45.932740 [info ] [MainThread]: Running with dbt=1.12.3
[0m11:00:45.933129 [debug] [MainThread]: running dbt with arguments {'printer_width': '80', 'cache_selected_only': 'False', 'warn_error_options': 'WarnErrorOptionsV2(error=[], warn=[], silence=[])', 'quiet': 'False', 'log_cache_events': 'False', 'no_print': 'None', 'maximum_seed_size_mib': '1', 'warn_error': 'None', 'write_json': 'True', 'log_format': 'default', 'target_path': 'None', 'hints_enabled': 'True', 'use_colors': 'True', 'debug': 'False', 'profiles_dir': '/Users/alvarosantosandres/personal/datahub-local-ai/workflows/dbt/projects/bodega', 'fail_fast': 'False', 'partial_parse': 'True', 'indirect_selection': 'eager', 'send_anonymous_usage_stats': 'True', 'invocation_command': 'dbt ', 'introspect': 'True', 'version_check': 'True', 'use_experimental_parser': 'False', 'log_path': '/Users/alvarosantosandres/personal/datahub-local-ai/workflows/dbt/projects/bodega/logs', 'empty': 'None', 'static_parser': 'True'}
[0m11:00:46.074196 [debug] [MainThread]: Sending event: {'category': 'dbt', 'action': 'project_id', 'label': 'a29a9f19-b376-46a6-9ade-9ce9aa0cb52d', 'context': [<snowplow_tracker.self_describing_json.SelfDescribingJson object at 0x10ce435c0>]}
[0m11:00:46.121458 [debug] [MainThread]: Sending event: {'category': 'dbt', 'action': 'adapter_info', 'label': 'a29a9f19-b376-46a6-9ade-9ce9aa0cb52d', 'context': [<snowplow_tracker.self_describing_json.SelfDescribingJson object at 0x10e1f3130>]}
[0m11:00:46.122804 [info ] [MainThread]: Registered adapter: duckdb=1.11.0
[0m11:00:46.183018 [debug] [MainThread]: checksum: 59a249011856ecdb0c0125045551a53b65cd388a4d7d6d24b99b9f67da16e401, vars: {}, profile: bodega, target: local, version: 1.12.3
[0m11:00:46.285390 [info ] [MainThread]: Unable to do partial parsing because profile has changed
[0m11:00:46.285754 [debug] [MainThread]: Sending event: {'category': 'dbt', 'action': 'partial_parser', 'label': 'a29a9f19-b376-46a6-9ade-9ce9aa0cb52d', 'context': [<snowplow_tracker.self_describing_json.SelfDescribingJson object at 0x10e659f50>]}
[0m11:00:47.123220 [debug] [MainThread]: Sending event: {'category': 'dbt', 'action': 'load_project', 'label': 'a29a9f19-b376-46a6-9ade-9ce9aa0cb52d', 'context': [<snowplow_tracker.self_describing_json.SelfDescribingJson object at 0x10e4c35c0>]}
[0m11:00:47.125323 [info ] [MainThread]: Performance info: /Users/alvarosantosandres/personal/datahub-local-ai/workflows/dbt/projects/bodega/target/perf_info.json
[0m11:00:47.179794 [debug] [MainThread]: Wrote artifact WritableManifest to /Users/alvarosantosandres/personal/datahub-local-ai/workflows/dbt/projects/bodega/target/manifest.json
[0m11:00:47.181744 [debug] [MainThread]: Wrote artifact SemanticManifest to /Users/alvarosantosandres/personal/datahub-local-ai/workflows/dbt/projects/bodega/target/semantic_manifest.json
[0m11:00:47.189596 [debug] [MainThread]: Wrote artifact OsiDocument to /Users/alvarosantosandres/personal/datahub-local-ai/workflows/dbt/projects/bodega/target/osi_document.json
[0m11:00:47.189969 [debug] [MainThread]: Resource report: {"command_name": "parse", "command_success": true, "command_wall_clock_time": 1.3609774, "process_in_blocks": "0", "process_kernel_time": 0.212906, "process_mem_max_rss": "167444480", "process_out_blocks": "0", "process_user_time": 1.949177}
[0m11:00:47.190221 [debug] [MainThread]: Command `cli parse` succeeded at 11:00:47.190178 after 1.36 seconds
[0m11:00:47.190424 [debug] [MainThread]: Sending event: {'category': 'dbt', 'action': 'invocation', 'label': 'end', 'context': [<snowplow_tracker.self_describing_json.SelfDescribingJson object at 0x10df2fe70>, <snowplow_tracker.self_describing_json.SelfDescribingJson object at 0x10df2edd0>, <snowplow_tracker.self_describing_json.SelfDescribingJson object at 0x10ebb0a10>]}
[0m11:00:47.190609 [debug] [MainThread]: Flushing usage events
[0m11:00:47.698913 [debug] [MainThread]: An error was encountered while trying to flush usage events
[0m13:18:03.737331 [debug] [MainThread]: Sending event: {'category': 'dbt', 'action': 'invocation', 'label': 'start', 'context': [<snowplow_tracker.self_describing_json.SelfDescribingJson object at 0x10d0e6660>, <snowplow_tracker.self_describing_json.SelfDescribingJson object at 0x10e5279d0>, <snowplow_tracker.self_describing_json.SelfDescribingJson object at 0x10e527890>]}


============================== 13:18:03.741663 | f0d3e479-b827-4573-9418-cad9e74ff2c5 ==============================
[0m13:18:03.741663 [info ] [MainThread]: Running with dbt=1.12.3
[0m13:18:03.742051 [debug] [MainThread]: running dbt with arguments {'printer_width': '80', 'fail_fast': 'False', 'write_json': 'True', 'log_cache_events': 'False', 'profiles_dir': '/Users/alvarosantosandres/personal/datahub-local-ai/workflows/dbt/projects/bodega', 'empty': 'None', 'invocation_command': 'dbt --project bodega', 'cache_selected_only': 'False', 'debug': 'False', 'introspect': 'True', 'log_path': '/Users/alvarosantosandres/personal/datahub-local-ai/workflows/dbt/projects/bodega/logs', 'no_print': 'None', 'version_check': 'True', 'use_colors': 'True', 'partial_parse': 'True', 'static_parser': 'True', 'quiet': 'False', 'log_format': 'default', 'use_experimental_parser': 'False', 'maximum_seed_size_mib': '1', 'send_anonymous_usage_stats': 'True', 'indirect_selection': 'eager', 'warn_error': 'None', 'warn_error_options': 'WarnErrorOptionsV2(error=[], warn=[], silence=[])', 'hints_enabled': 'True', 'target_path': 'None'}
[0m13:18:03.925268 [debug] [MainThread]: Sending event: {'category': 'dbt', 'action': 'project_id', 'label': 'f0d3e479-b827-4573-9418-cad9e74ff2c5', 'context': [<snowplow_tracker.self_describing_json.SelfDescribingJson object at 0x10d3eb490>]}
[0m13:18:03.969889 [debug] [MainThread]: Sending event: {'category': 'dbt', 'action': 'adapter_info', 'label': 'f0d3e479-b827-4573-9418-cad9e74ff2c5', 'context': [<snowplow_tracker.self_describing_json.SelfDescribingJson object at 0x10e79b130>]}
[0m13:18:03.972229 [info ] [MainThread]: Registered adapter: duckdb=1.11.0
[0m13:18:04.034076 [debug] [MainThread]: checksum: 59a249011856ecdb0c0125045551a53b65cd388a4d7d6d24b99b9f67da16e401, vars: {}, profile: bodega, target: local, version: 1.12.3
[0m13:18:04.162397 [debug] [MainThread]: Partial parsing enabled: 0 files deleted, 0 files added, 0 files changed.
[0m13:18:04.162692 [debug] [MainThread]: Nothing changed, skipping partial parsing.
[0m13:18:04.162852 [debug] [MainThread]: Partial parsing enabled, no changes found, skipping parsing
[0m13:18:04.168594 [debug] [MainThread]: Sending event: {'category': 'dbt', 'action': 'load_project', 'label': 'f0d3e479-b827-4573-9418-cad9e74ff2c5', 'context': [<snowplow_tracker.self_describing_json.SelfDescribingJson object at 0x10ebca350>]}
[0m13:18:04.170772 [info ] [MainThread]: Performance info: /Users/alvarosantosandres/personal/datahub-local-ai/workflows/dbt/projects/bodega/target/perf_info.json
[0m13:18:04.243702 [debug] [MainThread]: Wrote artifact WritableManifest to /Users/alvarosantosandres/personal/datahub-local-ai/workflows/dbt/projects/bodega/target/manifest.json
[0m13:18:04.246042 [debug] [MainThread]: Wrote artifact SemanticManifest to /Users/alvarosantosandres/personal/datahub-local-ai/workflows/dbt/projects/bodega/target/semantic_manifest.json
[0m13:18:04.259079 [debug] [MainThread]: Wrote artifact OsiDocument to /Users/alvarosantosandres/personal/datahub-local-ai/workflows/dbt/projects/bodega/target/osi_document.json
[0m13:18:04.259547 [debug] [MainThread]: Resource report: {"command_name": "parse", "command_success": true, "command_wall_clock_time": 0.6406238, "process_in_blocks": "0", "process_kernel_time": 0.31483, "process_mem_max_rss": "152371200", "process_out_blocks": "0", "process_user_time": 1.208566}
[0m13:18:04.259896 [debug] [MainThread]: Command `cli parse` succeeded at 13:18:04.259823 after 0.64 seconds
[0m13:18:04.260200 [debug] [MainThread]: Sending event: {'category': 'dbt', 'action': 'invocation', 'label': 'end', 'context': [<snowplow_tracker.self_describing_json.SelfDescribingJson object at 0x10e924500>, <snowplow_tracker.self_describing_json.SelfDescribingJson object at 0x10ebaea80>, <snowplow_tracker.self_describing_json.SelfDescribingJson object at 0x10e4d7e70>]}
[0m13:18:04.260456 [debug] [MainThread]: Flushing usage events
[0m13:18:04.859335 [debug] [MainThread]: An error was encountered while trying to flush usage events
[0m13:18:13.060133 [debug] [MainThread]: Sending event: {'category': 'dbt', 'action': 'invocation', 'label': 'start', 'context': [<snowplow_tracker.self_describing_json.SelfDescribingJson object at 0x10a6e2660>, <snowplow_tracker.self_describing_json.SelfDescribingJson object at 0x10bb239d0>, <snowplow_tracker.self_describing_json.SelfDescribingJson object at 0x10bb23890>]}


============================== 13:18:13.065408 | 82f17f4e-a61c-411d-a706-63dbca14f696 ==============================
[0m13:18:13.065408 [info ] [MainThread]: Running with dbt=1.12.3
[0m13:18:13.066244 [debug] [MainThread]: running dbt with arguments {'log_path': '/Users/alvarosantosandres/personal/datahub-local-ai/workflows/dbt/projects/bodega/logs', 'version_check': 'True', 'quiet': 'False', 'log_cache_events': 'False', 'use_colors': 'True', 'cache_selected_only': 'False', 'profiles_dir': '/Users/alvarosantosandres/personal/datahub-local-ai/workflows/dbt/projects/bodega', 'send_anonymous_usage_stats': 'True', 'warn_error_options': 'WarnErrorOptionsV2(error=[], warn=[], silence=[])', 'target_path': 'None', 'printer_width': '80', 'warn_error': 'None', 'fail_fast': 'False', 'partial_parse': 'True', 'hints_enabled': 'True', 'no_print': 'None', 'invocation_command': 'dbt --project bodega', 'debug': 'False', 'empty': 'None', 'static_parser': 'True', 'log_format': 'default', 'indirect_selection': 'eager', 'write_json': 'True', 'introspect': 'True', 'maximum_seed_size_mib': '1', 'use_experimental_parser': 'False'}
[0m13:18:13.233338 [debug] [MainThread]: Sending event: {'category': 'dbt', 'action': 'project_id', 'label': '82f17f4e-a61c-411d-a706-63dbca14f696', 'context': [<snowplow_tracker.self_describing_json.SelfDescribingJson object at 0x10a9e7490>]}
[0m13:18:13.283504 [debug] [MainThread]: Sending event: {'category': 'dbt', 'action': 'adapter_info', 'label': '82f17f4e-a61c-411d-a706-63dbca14f696', 'context': [<snowplow_tracker.self_describing_json.SelfDescribingJson object at 0x10bd97130>]}
[0m13:18:13.285741 [info ] [MainThread]: Registered adapter: duckdb=1.11.0
[0m13:18:13.346338 [debug] [MainThread]: checksum: 59a249011856ecdb0c0125045551a53b65cd388a4d7d6d24b99b9f67da16e401, vars: {}, profile: bodega, target: local, version: 1.12.3
[0m13:18:13.480323 [debug] [MainThread]: Partial parsing enabled: 0 files deleted, 0 files added, 0 files changed.
[0m13:18:13.480652 [debug] [MainThread]: Nothing changed, skipping partial parsing.
[0m13:18:13.480821 [debug] [MainThread]: Partial parsing enabled, no changes found, skipping parsing
[0m13:18:13.486884 [debug] [MainThread]: Sending event: {'category': 'dbt', 'action': 'load_project', 'label': '82f17f4e-a61c-411d-a706-63dbca14f696', 'context': [<snowplow_tracker.self_describing_json.SelfDescribingJson object at 0x10c202350>]}
[0m13:18:13.489094 [info ] [MainThread]: Performance info: /Users/alvarosantosandres/personal/datahub-local-ai/workflows/dbt/projects/bodega/target/perf_info.json
[0m13:18:13.574593 [debug] [MainThread]: Wrote artifact WritableManifest to /Users/alvarosantosandres/personal/datahub-local-ai/workflows/dbt/projects/bodega/target/manifest.json
[0m13:18:13.576489 [debug] [MainThread]: Wrote artifact SemanticManifest to /Users/alvarosantosandres/personal/datahub-local-ai/workflows/dbt/projects/bodega/target/semantic_manifest.json
[0m13:18:13.590591 [debug] [MainThread]: Wrote artifact OsiDocument to /Users/alvarosantosandres/personal/datahub-local-ai/workflows/dbt/projects/bodega/target/osi_document.json
[0m13:18:13.591092 [debug] [MainThread]: Resource report: {"command_name": "parse", "command_success": true, "command_wall_clock_time": 0.65122986, "process_in_blocks": "0", "process_kernel_time": 0.276586, "process_mem_max_rss": "152715264", "process_out_blocks": "0", "process_user_time": 1.277854}
[0m13:18:13.591411 [debug] [MainThread]: Command `cli parse` succeeded at 13:18:13.591353 after 0.65 seconds
[0m13:18:13.591629 [debug] [MainThread]: Sending event: {'category': 'dbt', 'action': 'invocation', 'label': 'end', 'context': [<snowplow_tracker.self_describing_json.SelfDescribingJson object at 0x10bf20500>, <snowplow_tracker.self_describing_json.SelfDescribingJson object at 0x10c1aaa80>, <snowplow_tracker.self_describing_json.SelfDescribingJson object at 0x10bad3e70>]}
[0m13:18:13.591837 [debug] [MainThread]: Flushing usage events
[0m13:18:14.096369 [debug] [MainThread]: An error was encountered while trying to flush usage events
[0m13:18:24.004045 [debug] [MainThread]: Sending event: {'category': 'dbt', 'action': 'invocation', 'label': 'start', 'context': [<snowplow_tracker.self_describing_json.SelfDescribingJson object at 0x1093d6660>, <snowplow_tracker.self_describing_json.SelfDescribingJson object at 0x10a8179d0>, <snowplow_tracker.self_describing_json.SelfDescribingJson object at 0x10a817890>]}


============================== 13:18:24.008039 | fad44d5e-7e30-4cf9-8cc4-3122b2b25909 ==============================
[0m13:18:24.008039 [info ] [MainThread]: Running with dbt=1.12.3
[0m13:18:24.008410 [debug] [MainThread]: running dbt with arguments {'log_path': '/Users/alvarosantosandres/personal/datahub-local-ai/workflows/dbt/projects/bodega/logs', 'send_anonymous_usage_stats': 'True', 'profiles_dir': '/Users/alvarosantosandres/personal/datahub-local-ai/workflows/dbt/projects/bodega', 'hints_enabled': 'True', 'log_cache_events': 'False', 'warn_error': 'None', 'partial_parse': 'True', 'write_json': 'True', 'fail_fast': 'False', 'static_parser': 'True', 'quiet': 'False', 'target_path': 'None', 'maximum_seed_size_mib': '1', 'use_experimental_parser': 'False', 'indirect_selection': 'eager', 'use_colors': 'True', 'invocation_command': 'dbt --project bodega', 'log_format': 'default', 'debug': 'False', 'cache_selected_only': 'False', 'introspect': 'True', 'empty': 'None', 'warn_error_options': 'WarnErrorOptionsV2(error=[], warn=[], silence=[])', 'no_print': 'None', 'version_check': 'True', 'printer_width': '80'}
[0m13:18:24.239128 [debug] [MainThread]: Sending event: {'category': 'dbt', 'action': 'project_id', 'label': 'fad44d5e-7e30-4cf9-8cc4-3122b2b25909', 'context': [<snowplow_tracker.self_describing_json.SelfDescribingJson object at 0x1096df490>]}
[0m13:18:24.284738 [debug] [MainThread]: Sending event: {'category': 'dbt', 'action': 'adapter_info', 'label': 'fad44d5e-7e30-4cf9-8cc4-3122b2b25909', 'context': [<snowplow_tracker.self_describing_json.SelfDescribingJson object at 0x10aa8b130>]}
[0m13:18:24.286967 [info ] [MainThread]: Registered adapter: duckdb=1.11.0
[0m13:18:24.349969 [debug] [MainThread]: checksum: 59a249011856ecdb0c0125045551a53b65cd388a4d7d6d24b99b9f67da16e401, vars: {}, profile: bodega, target: local, version: 1.12.3
[0m13:18:24.482974 [debug] [MainThread]: Partial parsing enabled: 0 files deleted, 0 files added, 0 files changed.
[0m13:18:24.483312 [debug] [MainThread]: Nothing changed, skipping partial parsing.
[0m13:18:24.483485 [debug] [MainThread]: Partial parsing enabled, no changes found, skipping parsing
[0m13:18:24.488859 [debug] [MainThread]: Sending event: {'category': 'dbt', 'action': 'load_project', 'label': 'fad44d5e-7e30-4cf9-8cc4-3122b2b25909', 'context': [<snowplow_tracker.self_describing_json.SelfDescribingJson object at 0x10aef6350>]}
[0m13:18:24.490710 [info ] [MainThread]: Performance info: /Users/alvarosantosandres/personal/datahub-local-ai/workflows/dbt/projects/bodega/target/perf_info.json
[0m13:18:24.564426 [debug] [MainThread]: Wrote artifact WritableManifest to /Users/alvarosantosandres/personal/datahub-local-ai/workflows/dbt/projects/bodega/target/manifest.json
[0m13:18:24.566866 [debug] [MainThread]: Wrote artifact SemanticManifest to /Users/alvarosantosandres/personal/datahub-local-ai/workflows/dbt/projects/bodega/target/semantic_manifest.json
[0m13:18:24.579622 [debug] [MainThread]: Wrote artifact OsiDocument to /Users/alvarosantosandres/personal/datahub-local-ai/workflows/dbt/projects/bodega/target/osi_document.json
[0m13:18:24.580066 [debug] [MainThread]: Resource report: {"command_name": "parse", "command_success": true, "command_wall_clock_time": 0.6527271, "process_in_blocks": "0", "process_kernel_time": 0.265775, "process_mem_max_rss": "152092672", "process_out_blocks": "0", "process_user_time": 1.187653}
[0m13:18:24.580332 [debug] [MainThread]: Command `cli parse` succeeded at 13:18:24.580284 after 0.65 seconds
[0m13:18:24.580541 [debug] [MainThread]: Sending event: {'category': 'dbt', 'action': 'invocation', 'label': 'end', 'context': [<snowplow_tracker.self_describing_json.SelfDescribingJson object at 0x10ac14500>, <snowplow_tracker.self_describing_json.SelfDescribingJson object at 0x10ae9ea80>, <snowplow_tracker.self_describing_json.SelfDescribingJson object at 0x10a7c7e70>]}
[0m13:18:24.580730 [debug] [MainThread]: Flushing usage events
[0m13:18:25.122077 [debug] [MainThread]: An error was encountered while trying to flush usage events
[0m13:20:17.220962 [debug] [MainThread]: Sending event: {'category': 'dbt', 'action': 'invocation', 'label': 'start', 'context': [<snowplow_tracker.self_describing_json.SelfDescribingJson object at 0x108d3e660>, <snowplow_tracker.self_describing_json.SelfDescribingJson object at 0x10a17f9d0>, <snowplow_tracker.self_describing_json.SelfDescribingJson object at 0x10a17f890>]}


============================== 13:20:17.225076 | d2538f4e-3824-4735-abfa-ebfd61d9d5bf ==============================
[0m13:20:17.225076 [info ] [MainThread]: Running with dbt=1.12.3
[0m13:20:17.225432 [debug] [MainThread]: running dbt with arguments {'log_path': '/Users/alvarosantosandres/personal/datahub-local-ai/workflows/dbt/projects/bodega/logs', 'send_anonymous_usage_stats': 'True', 'use_colors': 'True', 'introspect': 'True', 'log_cache_events': 'False', 'empty': 'None', 'write_json': 'True', 'warn_error': 'None', 'maximum_seed_size_mib': '1', 'warn_error_options': 'WarnErrorOptionsV2(error=[], warn=[], silence=[])', 'target_path': 'None', 'no_print': 'None', 'version_check': 'True', 'hints_enabled': 'True', 'quiet': 'False', 'invocation_command': 'dbt --project bodega', 'use_experimental_parser': 'False', 'partial_parse': 'True', 'indirect_selection': 'eager', 'fail_fast': 'False', 'debug': 'False', 'profiles_dir': '/Users/alvarosantosandres/personal/datahub-local-ai/workflows/dbt/projects/bodega', 'cache_selected_only': 'False', 'log_format': 'default', 'static_parser': 'True', 'printer_width': '80'}
[0m13:20:17.447782 [debug] [MainThread]: Sending event: {'category': 'dbt', 'action': 'project_id', 'label': 'd2538f4e-3824-4735-abfa-ebfd61d9d5bf', 'context': [<snowplow_tracker.self_describing_json.SelfDescribingJson object at 0x109043490>]}
[0m13:20:17.493266 [debug] [MainThread]: Sending event: {'category': 'dbt', 'action': 'adapter_info', 'label': 'd2538f4e-3824-4735-abfa-ebfd61d9d5bf', 'context': [<snowplow_tracker.self_describing_json.SelfDescribingJson object at 0x10a3f3130>]}
[0m13:20:17.495473 [info ] [MainThread]: Registered adapter: duckdb=1.11.0
[0m13:20:17.555851 [debug] [MainThread]: checksum: 59a249011856ecdb0c0125045551a53b65cd388a4d7d6d24b99b9f67da16e401, vars: {}, profile: bodega, target: local, version: 1.12.3
[0m13:20:17.683725 [debug] [MainThread]: Partial parsing enabled: 0 files deleted, 0 files added, 0 files changed.
[0m13:20:17.684060 [debug] [MainThread]: Nothing changed, skipping partial parsing.
[0m13:20:17.684245 [debug] [MainThread]: Partial parsing enabled, no changes found, skipping parsing
[0m13:20:17.689507 [debug] [MainThread]: Sending event: {'category': 'dbt', 'action': 'load_project', 'label': 'd2538f4e-3824-4735-abfa-ebfd61d9d5bf', 'context': [<snowplow_tracker.self_describing_json.SelfDescribingJson object at 0x10a85a350>]}
[0m13:20:17.691788 [info ] [MainThread]: Performance info: /Users/alvarosantosandres/personal/datahub-local-ai/workflows/dbt/projects/bodega/target/perf_info.json
[0m13:20:17.764809 [debug] [MainThread]: Wrote artifact WritableManifest to /Users/alvarosantosandres/personal/datahub-local-ai/workflows/dbt/projects/bodega/target/manifest.json
[0m13:20:17.767008 [debug] [MainThread]: Wrote artifact SemanticManifest to /Users/alvarosantosandres/personal/datahub-local-ai/workflows/dbt/projects/bodega/target/semantic_manifest.json
[0m13:20:17.779024 [debug] [MainThread]: Wrote artifact OsiDocument to /Users/alvarosantosandres/personal/datahub-local-ai/workflows/dbt/projects/bodega/target/osi_document.json
[0m13:20:17.779399 [debug] [MainThread]: Resource report: {"command_name": "parse", "command_success": true, "command_wall_clock_time": 0.6391082, "process_in_blocks": "0", "process_kernel_time": 0.283346, "process_mem_max_rss": "153223168", "process_out_blocks": "0", "process_user_time": 1.162253}
[0m13:20:17.779660 [debug] [MainThread]: Command `cli parse` succeeded at 13:20:17.779614 after 0.64 seconds
[0m13:20:17.779870 [debug] [MainThread]: Sending event: {'category': 'dbt', 'action': 'invocation', 'label': 'end', 'context': [<snowplow_tracker.self_describing_json.SelfDescribingJson object at 0x10a57c500>, <snowplow_tracker.self_describing_json.SelfDescribingJson object at 0x10a806a80>, <snowplow_tracker.self_describing_json.SelfDescribingJson object at 0x10a12fe70>]}
[0m13:20:17.780080 [debug] [MainThread]: Flushing usage events
[0m13:20:18.459119 [debug] [MainThread]: An error was encountered while trying to flush usage events
[0m13:20:19.779793 [debug] [MainThread]: Sending event: {'category': 'dbt', 'action': 'invocation', 'label': 'start', 'context': [<snowplow_tracker.self_describing_json.SelfDescribingJson object at 0x10b2b6660>, <snowplow_tracker.self_describing_json.SelfDescribingJson object at 0x10c6f79d0>, <snowplow_tracker.self_describing_json.SelfDescribingJson object at 0x10c6f7890>]}


============================== 13:20:19.783217 | 8ab0ee86-b4b1-4526-97a7-228b2f53fec0 ==============================
[0m13:20:19.783217 [info ] [MainThread]: Running with dbt=1.12.3
[0m13:20:19.783774 [debug] [MainThread]: running dbt with arguments {'invocation_command': 'dbt --project bodega', 'warn_error': 'None', 'send_anonymous_usage_stats': 'True', 'use_experimental_parser': 'False', 'debug': 'False', 'partial_parse': 'True', 'log_cache_events': 'False', 'static_parser': 'True', 'use_colors': 'True', 'profiles_dir': '/Users/alvarosantosandres/personal/datahub-local-ai/workflows/dbt/projects/bodega', 'no_print': 'None', 'cache_selected_only': 'False', 'hints_enabled': 'True', 'log_path': '/Users/alvarosantosandres/personal/datahub-local-ai/workflows/dbt/projects/bodega/logs', 'maximum_seed_size_mib': '1', 'indirect_selection': 'eager', 'printer_width': '80', 'quiet': 'False', 'fail_fast': 'False', 'target_path': 'None', 'warn_error_options': 'WarnErrorOptionsV2(error=[], warn=[], silence=[])', 'log_format': 'default', 'empty': 'None', 'version_check': 'True', 'write_json': 'True', 'introspect': 'True'}
[0m13:20:19.936819 [debug] [MainThread]: Sending event: {'category': 'dbt', 'action': 'project_id', 'label': '8ab0ee86-b4b1-4526-97a7-228b2f53fec0', 'context': [<snowplow_tracker.self_describing_json.SelfDescribingJson object at 0x10b5bf490>]}
[0m13:20:19.984196 [debug] [MainThread]: Sending event: {'category': 'dbt', 'action': 'adapter_info', 'label': '8ab0ee86-b4b1-4526-97a7-228b2f53fec0', 'context': [<snowplow_tracker.self_describing_json.SelfDescribingJson object at 0x10c96b130>]}
[0m13:20:19.986094 [info ] [MainThread]: Registered adapter: duckdb=1.11.0
[0m13:20:20.043183 [debug] [MainThread]: checksum: 59a249011856ecdb0c0125045551a53b65cd388a4d7d6d24b99b9f67da16e401, vars: {}, profile: bodega, target: local, version: 1.12.3
[0m13:20:20.167745 [debug] [MainThread]: Partial parsing enabled: 0 files deleted, 0 files added, 0 files changed.
[0m13:20:20.168026 [debug] [MainThread]: Nothing changed, skipping partial parsing.
[0m13:20:20.168178 [debug] [MainThread]: Partial parsing enabled, no changes found, skipping parsing
[0m13:20:20.174311 [debug] [MainThread]: Sending event: {'category': 'dbt', 'action': 'load_project', 'label': '8ab0ee86-b4b1-4526-97a7-228b2f53fec0', 'context': [<snowplow_tracker.self_describing_json.SelfDescribingJson object at 0x10cdd6350>]}
[0m13:20:20.176354 [info ] [MainThread]: Performance info: /Users/alvarosantosandres/personal/datahub-local-ai/workflows/dbt/projects/bodega/target/perf_info.json
[0m13:20:20.251135 [debug] [MainThread]: Wrote artifact WritableManifest to /Users/alvarosantosandres/personal/datahub-local-ai/workflows/dbt/projects/bodega/target/manifest.json
[0m13:20:20.253230 [debug] [MainThread]: Wrote artifact SemanticManifest to /Users/alvarosantosandres/personal/datahub-local-ai/workflows/dbt/projects/bodega/target/semantic_manifest.json
[0m13:20:20.262277 [debug] [MainThread]: Wrote artifact OsiDocument to /Users/alvarosantosandres/personal/datahub-local-ai/workflows/dbt/projects/bodega/target/osi_document.json
[0m13:20:20.262692 [debug] [MainThread]: Resource report: {"command_name": "parse", "command_success": true, "command_wall_clock_time": 0.5598081, "process_in_blocks": "0", "process_kernel_time": 0.209575, "process_mem_max_rss": "152174592", "process_out_blocks": "0", "process_user_time": 1.15339}
[0m13:20:20.262962 [debug] [MainThread]: Command `cli parse` succeeded at 13:20:20.262909 after 0.56 seconds
[0m13:20:20.263169 [debug] [MainThread]: Sending event: {'category': 'dbt', 'action': 'invocation', 'label': 'end', 'context': [<snowplow_tracker.self_describing_json.SelfDescribingJson object at 0x10caf4500>, <snowplow_tracker.self_describing_json.SelfDescribingJson object at 0x10cd7ea80>, <snowplow_tracker.self_describing_json.SelfDescribingJson object at 0x10c6a7e70>]}
[0m13:20:20.263356 [debug] [MainThread]: Flushing usage events
[0m13:20:20.808910 [debug] [MainThread]: An error was encountered while trying to flush usage events
[0m16:08:35.911292 [debug] [MainThread]: Sending event: {'category': 'dbt', 'action': 'invocation', 'label': 'start', 'context': [<snowplow_tracker.self_describing_json.SelfDescribingJson object at 0x10cda6660>, <snowplow_tracker.self_describing_json.SelfDescribingJson object at 0x10e1e79d0>, <snowplow_tracker.self_describing_json.SelfDescribingJson object at 0x10e1e7890>]}


============================== 16:08:35.915641 | b6c61e94-37c5-4c6e-bc7a-c728d784dbfb ==============================
[0m16:08:35.915641 [info ] [MainThread]: Running with dbt=1.12.3
[0m16:08:35.916034 [debug] [MainThread]: running dbt with arguments {'fail_fast': 'False', 'log_format': 'default', 'partial_parse': 'True', 'warn_error': 'None', 'static_parser': 'True', 'debug': 'False', 'log_path': '/Users/alvarosantosandres/personal/datahub-local-ai/workflows/dbt/projects/bodega/logs', 'quiet': 'False', 'empty': 'None', 'target_path': 'None', 'hints_enabled': 'True', 'use_colors': 'True', 'printer_width': '80', 'warn_error_options': 'WarnErrorOptionsV2(error=[], warn=[], silence=[])', 'introspect': 'True', 'write_json': 'True', 'profiles_dir': '/Users/alvarosantosandres/personal/datahub-local-ai/workflows/dbt/projects/bodega', 'version_check': 'True', 'cache_selected_only': 'False', 'invocation_command': 'dbt --project bodega', 'use_experimental_parser': 'False', 'log_cache_events': 'False', 'indirect_selection': 'eager', 'maximum_seed_size_mib': '1', 'no_print': 'None', 'send_anonymous_usage_stats': 'True'}
[0m16:08:36.155651 [debug] [MainThread]: Sending event: {'category': 'dbt', 'action': 'project_id', 'label': 'b6c61e94-37c5-4c6e-bc7a-c728d784dbfb', 'context': [<snowplow_tracker.self_describing_json.SelfDescribingJson object at 0x10d0ab490>]}
[0m16:08:36.204208 [debug] [MainThread]: Sending event: {'category': 'dbt', 'action': 'adapter_info', 'label': 'b6c61e94-37c5-4c6e-bc7a-c728d784dbfb', 'context': [<snowplow_tracker.self_describing_json.SelfDescribingJson object at 0x10e45b130>]}
[0m16:08:36.206340 [info ] [MainThread]: Registered adapter: duckdb=1.11.0
[0m16:08:36.269627 [debug] [MainThread]: checksum: 59a249011856ecdb0c0125045551a53b65cd388a4d7d6d24b99b9f67da16e401, vars: {}, profile: bodega, target: local, version: 1.12.3
[0m16:08:36.409009 [debug] [MainThread]: Partial parsing enabled: 0 files deleted, 0 files added, 0 files changed.
[0m16:08:36.409351 [debug] [MainThread]: Nothing changed, skipping partial parsing.
[0m16:08:36.409521 [debug] [MainThread]: Partial parsing enabled, no changes found, skipping parsing
[0m16:08:36.414785 [debug] [MainThread]: Sending event: {'category': 'dbt', 'action': 'load_project', 'label': 'b6c61e94-37c5-4c6e-bc7a-c728d784dbfb', 'context': [<snowplow_tracker.self_describing_json.SelfDescribingJson object at 0x10e8c6350>]}
[0m16:08:36.416939 [info ] [MainThread]: Performance info: /Users/alvarosantosandres/personal/datahub-local-ai/workflows/dbt/projects/bodega/target/perf_info.json
[0m16:08:36.502750 [debug] [MainThread]: Wrote artifact WritableManifest to /Users/alvarosantosandres/personal/datahub-local-ai/workflows/dbt/projects/bodega/target/manifest.json
[0m16:08:36.506553 [debug] [MainThread]: Wrote artifact SemanticManifest to /Users/alvarosantosandres/personal/datahub-local-ai/workflows/dbt/projects/bodega/target/semantic_manifest.json
[0m16:08:36.530930 [debug] [MainThread]: Wrote artifact OsiDocument to /Users/alvarosantosandres/personal/datahub-local-ai/workflows/dbt/projects/bodega/target/osi_document.json
[0m16:08:36.531446 [debug] [MainThread]: Resource report: {"command_name": "parse", "command_success": true, "command_wall_clock_time": 0.71307164, "process_in_blocks": "0", "process_kernel_time": 0.322554, "process_mem_max_rss": "152977408", "process_out_blocks": "0", "process_user_time": 1.265666}
[0m16:08:36.531763 [debug] [MainThread]: Command `cli parse` succeeded at 16:08:36.531707 after 0.71 seconds
[0m16:08:36.531982 [debug] [MainThread]: Sending event: {'category': 'dbt', 'action': 'invocation', 'label': 'end', 'context': [<snowplow_tracker.self_describing_json.SelfDescribingJson object at 0x10e5e4500>, <snowplow_tracker.self_describing_json.SelfDescribingJson object at 0x10e86ea80>, <snowplow_tracker.self_describing_json.SelfDescribingJson object at 0x10e197e70>]}
[0m16:08:36.532196 [debug] [MainThread]: Flushing usage events
[0m16:08:37.099348 [debug] [MainThread]: An error was encountered while trying to flush usage events
[0m16:08:39.321535 [debug] [MainThread]: Sending event: {'category': 'dbt', 'action': 'invocation', 'label': 'start', 'context': [<snowplow_tracker.self_describing_json.SelfDescribingJson object at 0x10888a660>, <snowplow_tracker.self_describing_json.SelfDescribingJson object at 0x109ccb9d0>, <snowplow_tracker.self_describing_json.SelfDescribingJson object at 0x109ccb890>]}


============================== 16:08:39.326525 | fc535abc-5d74-452f-a968-ccaf78558e28 ==============================
[0m16:08:39.326525 [info ] [MainThread]: Running with dbt=1.12.3
[0m16:08:39.327095 [debug] [MainThread]: running dbt with arguments {'partial_parse': 'True', 'send_anonymous_usage_stats': 'True', 'use_colors': 'True', 'use_experimental_parser': 'False', 'version_check': 'True', 'static_parser': 'True', 'log_cache_events': 'False', 'hints_enabled': 'True', 'introspect': 'True', 'log_path': '/Users/alvarosantosandres/personal/datahub-local-ai/workflows/dbt/projects/bodega/logs', 'warn_error': 'None', 'profiles_dir': '/Users/alvarosantosandres/personal/datahub-local-ai/workflows/dbt/projects/bodega', 'debug': 'False', 'log_format': 'default', 'no_print': 'None', 'indirect_selection': 'eager', 'write_json': 'True', 'maximum_seed_size_mib': '1', 'cache_selected_only': 'False', 'empty': 'None', 'target_path': 'None', 'printer_width': '80', 'fail_fast': 'False', 'warn_error_options': 'WarnErrorOptionsV2(error=[], warn=[], silence=[])', 'quiet': 'False', 'invocation_command': 'dbt --project bodega'}
[0m16:08:39.491236 [debug] [MainThread]: Sending event: {'category': 'dbt', 'action': 'project_id', 'label': 'fc535abc-5d74-452f-a968-ccaf78558e28', 'context': [<snowplow_tracker.self_describing_json.SelfDescribingJson object at 0x108b8f490>]}
[0m16:08:39.545555 [debug] [MainThread]: Sending event: {'category': 'dbt', 'action': 'adapter_info', 'label': 'fc535abc-5d74-452f-a968-ccaf78558e28', 'context': [<snowplow_tracker.self_describing_json.SelfDescribingJson object at 0x109f3f130>]}
[0m16:08:39.547162 [info ] [MainThread]: Registered adapter: duckdb=1.11.0
[0m16:08:39.610512 [debug] [MainThread]: checksum: 59a249011856ecdb0c0125045551a53b65cd388a4d7d6d24b99b9f67da16e401, vars: {}, profile: bodega, target: local, version: 1.12.3
[0m16:08:39.731743 [debug] [MainThread]: Partial parsing enabled: 0 files deleted, 0 files added, 0 files changed.
[0m16:08:39.732034 [debug] [MainThread]: Nothing changed, skipping partial parsing.
[0m16:08:39.732189 [debug] [MainThread]: Partial parsing enabled, no changes found, skipping parsing
[0m16:08:39.737780 [debug] [MainThread]: Sending event: {'category': 'dbt', 'action': 'load_project', 'label': 'fc535abc-5d74-452f-a968-ccaf78558e28', 'context': [<snowplow_tracker.self_describing_json.SelfDescribingJson object at 0x10a3aa350>]}
[0m16:08:39.739694 [info ] [MainThread]: Performance info: /Users/alvarosantosandres/personal/datahub-local-ai/workflows/dbt/projects/bodega/target/perf_info.json
[0m16:08:39.816097 [debug] [MainThread]: Wrote artifact WritableManifest to /Users/alvarosantosandres/personal/datahub-local-ai/workflows/dbt/projects/bodega/target/manifest.json
[0m16:08:39.818130 [debug] [MainThread]: Wrote artifact SemanticManifest to /Users/alvarosantosandres/personal/datahub-local-ai/workflows/dbt/projects/bodega/target/semantic_manifest.json
[0m16:08:39.825572 [debug] [MainThread]: Wrote artifact OsiDocument to /Users/alvarosantosandres/personal/datahub-local-ai/workflows/dbt/projects/bodega/target/osi_document.json
[0m16:08:39.825935 [debug] [MainThread]: Resource report: {"command_name": "parse", "command_success": true, "command_wall_clock_time": 0.59637016, "process_in_blocks": "0", "process_kernel_time": 0.251623, "process_mem_max_rss": "152764416", "process_out_blocks": "0", "process_user_time": 1.30131}
[0m16:08:39.826197 [debug] [MainThread]: Command `cli parse` succeeded at 16:08:39.826148 after 0.60 seconds
[0m16:08:39.826399 [debug] [MainThread]: Sending event: {'category': 'dbt', 'action': 'invocation', 'label': 'end', 'context': [<snowplow_tracker.self_describing_json.SelfDescribingJson object at 0x10a0c8500>, <snowplow_tracker.self_describing_json.SelfDescribingJson object at 0x10a352a80>, <snowplow_tracker.self_describing_json.SelfDescribingJson object at 0x109c7be70>]}
[0m16:08:39.826707 [debug] [MainThread]: Flushing usage events
[0m16:08:40.334614 [debug] [MainThread]: An error was encountered while trying to flush usage events
[0m16:28:07.069216 [debug] [MainThread]: Sending event: {'category': 'dbt', 'action': 'invocation', 'label': 'start', 'context': [<snowplow_tracker.self_describing_json.SelfDescribingJson object at 0x10d426660>, <snowplow_tracker.self_describing_json.SelfDescribingJson object at 0x10e8679d0>, <snowplow_tracker.self_describing_json.SelfDescribingJson object at 0x10e867890>]}


============================== 16:28:07.073341 | 5f7c5efc-1730-4216-921d-ea1552735042 ==============================
[0m16:28:07.073341 [info ] [MainThread]: Running with dbt=1.12.3
[0m16:28:07.073737 [debug] [MainThread]: running dbt with arguments {'target_path': 'None', 'invocation_command': 'dbt --project bodega', 'warn_error_options': 'WarnErrorOptionsV2(error=[], warn=[], silence=[])', 'hints_enabled': 'True', 'maximum_seed_size_mib': '1', 'no_print': 'None', 'log_format': 'default', 'quiet': 'False', 'indirect_selection': 'eager', 'warn_error': 'None', 'printer_width': '80', 'fail_fast': 'False', 'log_cache_events': 'False', 'use_colors': 'True', 'send_anonymous_usage_stats': 'True', 'log_path': '/Users/alvarosantosandres/personal/datahub-local-ai/workflows/dbt/projects/bodega/logs', 'debug': 'False', 'write_json': 'True', 'profiles_dir': '/Users/alvarosantosandres/personal/datahub-local-ai/workflows/dbt/projects/bodega', 'version_check': 'True', 'use_experimental_parser': 'False', 'partial_parse': 'True', 'static_parser': 'True', 'introspect': 'True', 'cache_selected_only': 'False', 'empty': 'None'}
[0m16:28:07.276709 [debug] [MainThread]: Sending event: {'category': 'dbt', 'action': 'project_id', 'label': '5f7c5efc-1730-4216-921d-ea1552735042', 'context': [<snowplow_tracker.self_describing_json.SelfDescribingJson object at 0x10d72f490>]}
[0m16:28:07.319532 [debug] [MainThread]: Sending event: {'category': 'dbt', 'action': 'adapter_info', 'label': '5f7c5efc-1730-4216-921d-ea1552735042', 'context': [<snowplow_tracker.self_describing_json.SelfDescribingJson object at 0x10eadb130>]}
[0m16:28:07.321450 [info ] [MainThread]: Registered adapter: duckdb=1.11.0
[0m16:28:07.385149 [debug] [MainThread]: checksum: 59a249011856ecdb0c0125045551a53b65cd388a4d7d6d24b99b9f67da16e401, vars: {}, profile: bodega, target: local, version: 1.12.3
[0m16:28:07.512522 [debug] [MainThread]: Partial parsing enabled: 0 files deleted, 0 files added, 0 files changed.
[0m16:28:07.512799 [debug] [MainThread]: Nothing changed, skipping partial parsing.
[0m16:28:07.512954 [debug] [MainThread]: Partial parsing enabled, no changes found, skipping parsing
[0m16:28:07.518237 [debug] [MainThread]: Sending event: {'category': 'dbt', 'action': 'load_project', 'label': '5f7c5efc-1730-4216-921d-ea1552735042', 'context': [<snowplow_tracker.self_describing_json.SelfDescribingJson object at 0x10ef46350>]}
[0m16:28:07.520106 [info ] [MainThread]: Performance info: /Users/alvarosantosandres/personal/datahub-local-ai/workflows/dbt/projects/bodega/target/perf_info.json
[0m16:28:07.590234 [debug] [MainThread]: Wrote artifact WritableManifest to /Users/alvarosantosandres/personal/datahub-local-ai/workflows/dbt/projects/bodega/target/manifest.json
[0m16:28:07.592219 [debug] [MainThread]: Wrote artifact SemanticManifest to /Users/alvarosantosandres/personal/datahub-local-ai/workflows/dbt/projects/bodega/target/semantic_manifest.json
[0m16:28:07.605117 [debug] [MainThread]: Wrote artifact OsiDocument to /Users/alvarosantosandres/personal/datahub-local-ai/workflows/dbt/projects/bodega/target/osi_document.json
[0m16:28:07.605487 [debug] [MainThread]: Resource report: {"command_name": "parse", "command_success": true, "command_wall_clock_time": 0.62542695, "process_in_blocks": "0", "process_kernel_time": 0.266137, "process_mem_max_rss": "152879104", "process_out_blocks": "0", "process_user_time": 1.150732}
[0m16:28:07.605751 [debug] [MainThread]: Command `cli parse` succeeded at 16:28:07.605701 after 0.63 seconds
[0m16:28:07.605958 [debug] [MainThread]: Sending event: {'category': 'dbt', 'action': 'invocation', 'label': 'end', 'context': [<snowplow_tracker.self_describing_json.SelfDescribingJson object at 0x10ec64500>, <snowplow_tracker.self_describing_json.SelfDescribingJson object at 0x10eeeea80>, <snowplow_tracker.self_describing_json.SelfDescribingJson object at 0x10e817e70>]}
[0m16:28:07.606158 [debug] [MainThread]: Flushing usage events
[0m16:28:08.352574 [debug] [MainThread]: An error was encountered while trying to flush usage events
[0m16:39:57.272810 [debug] [MainThread]: Sending event: {'category': 'dbt', 'action': 'invocation', 'label': 'start', 'context': [<snowplow_tracker.self_describing_json.SelfDescribingJson object at 0x108cda660>, <snowplow_tracker.self_describing_json.SelfDescribingJson object at 0x10a11b9d0>, <snowplow_tracker.self_describing_json.SelfDescribingJson object at 0x10a11b890>]}


============================== 16:39:57.277617 | 1588fec0-9ff0-4e7d-aa45-260023cdb486 ==============================
[0m16:39:57.277617 [info ] [MainThread]: Running with dbt=1.12.3
[0m16:39:57.278136 [debug] [MainThread]: running dbt with arguments {'maximum_seed_size_mib': '1', 'send_anonymous_usage_stats': 'True', 'debug': 'False', 'invocation_command': 'dbt --project bodega', 'target_path': 'None', 'log_format': 'default', 'warn_error': 'None', 'indirect_selection': 'eager', 'log_cache_events': 'False', 'printer_width': '80', 'use_colors': 'True', 'empty': 'None', 'hints_enabled': 'True', 'warn_error_options': 'WarnErrorOptionsV2(error=[], warn=[], silence=[])', 'fail_fast': 'False', 'cache_selected_only': 'False', 'static_parser': 'True', 'log_path': '/Users/alvarosantosandres/personal/datahub-local-ai/workflows/dbt/projects/bodega/logs', 'introspect': 'True', 'use_experimental_parser': 'False', 'profiles_dir': '/Users/alvarosantosandres/personal/datahub-local-ai/workflows/dbt/projects/bodega', 'partial_parse': 'True', 'write_json': 'True', 'quiet': 'False', 'no_print': 'None', 'version_check': 'True'}
[0m16:39:57.512005 [debug] [MainThread]: Sending event: {'category': 'dbt', 'action': 'project_id', 'label': '1588fec0-9ff0-4e7d-aa45-260023cdb486', 'context': [<snowplow_tracker.self_describing_json.SelfDescribingJson object at 0x108fdf490>]}
[0m16:39:57.557123 [debug] [MainThread]: Sending event: {'category': 'dbt', 'action': 'adapter_info', 'label': '1588fec0-9ff0-4e7d-aa45-260023cdb486', 'context': [<snowplow_tracker.self_describing_json.SelfDescribingJson object at 0x10a38f130>]}
[0m16:39:57.559278 [info ] [MainThread]: Registered adapter: duckdb=1.11.0
[0m16:39:57.619852 [debug] [MainThread]: checksum: 59a249011856ecdb0c0125045551a53b65cd388a4d7d6d24b99b9f67da16e401, vars: {}, profile: bodega, target: local, version: 1.12.3
[0m16:39:57.752365 [debug] [MainThread]: Partial parsing enabled: 0 files deleted, 0 files added, 0 files changed.
[0m16:39:57.752670 [debug] [MainThread]: Nothing changed, skipping partial parsing.
[0m16:39:57.752829 [debug] [MainThread]: Partial parsing enabled, no changes found, skipping parsing
[0m16:39:57.758093 [debug] [MainThread]: Sending event: {'category': 'dbt', 'action': 'load_project', 'label': '1588fec0-9ff0-4e7d-aa45-260023cdb486', 'context': [<snowplow_tracker.self_describing_json.SelfDescribingJson object at 0x10a7fa350>]}
[0m16:39:57.759931 [info ] [MainThread]: Performance info: /Users/alvarosantosandres/personal/datahub-local-ai/workflows/dbt/projects/bodega/target/perf_info.json
[0m16:39:57.832864 [debug] [MainThread]: Wrote artifact WritableManifest to /Users/alvarosantosandres/personal/datahub-local-ai/workflows/dbt/projects/bodega/target/manifest.json
[0m16:39:57.835050 [debug] [MainThread]: Wrote artifact SemanticManifest to /Users/alvarosantosandres/personal/datahub-local-ai/workflows/dbt/projects/bodega/target/semantic_manifest.json
[0m16:39:57.847812 [debug] [MainThread]: Wrote artifact OsiDocument to /Users/alvarosantosandres/personal/datahub-local-ai/workflows/dbt/projects/bodega/target/osi_document.json
[0m16:39:57.848219 [debug] [MainThread]: Resource report: {"command_name": "parse", "command_success": true, "command_wall_clock_time": 0.6593418, "process_in_blocks": "0", "process_kernel_time": 0.309198, "process_mem_max_rss": "151896064", "process_out_blocks": "0", "process_user_time": 1.227211}
[0m16:39:57.848476 [debug] [MainThread]: Command `cli parse` succeeded at 16:39:57.848428 after 0.66 seconds
[0m16:39:57.848683 [debug] [MainThread]: Sending event: {'category': 'dbt', 'action': 'invocation', 'label': 'end', 'context': [<snowplow_tracker.self_describing_json.SelfDescribingJson object at 0x10a518500>, <snowplow_tracker.self_describing_json.SelfDescribingJson object at 0x10a7a2a80>, <snowplow_tracker.self_describing_json.SelfDescribingJson object at 0x10a0cbe70>]}
[0m16:39:57.848869 [debug] [MainThread]: Flushing usage events
[0m16:39:58.427917 [debug] [MainThread]: An error was encountered while trying to flush usage events
[0m16:58:52.642449 [debug] [MainThread]: Sending event: {'category': 'dbt', 'action': 'invocation', 'label': 'start', 'context': [<snowplow_tracker.self_describing_json.SelfDescribingJson object at 0x10af06660>, <snowplow_tracker.self_describing_json.SelfDescribingJson object at 0x10c3479d0>, <snowplow_tracker.self_describing_json.SelfDescribingJson object at 0x10c347890>]}


============================== 16:58:52.653925 | 335fa000-1d3b-421f-abb8-6b1653a9cd48 ==============================
[0m16:58:52.653925 [info ] [MainThread]: Running with dbt=1.12.3
[0m16:58:52.654382 [debug] [MainThread]: running dbt with arguments {'warn_error': 'None', 'profiles_dir': '/Users/alvarosantosandres/personal/datahub-local-ai/workflows/dbt/projects/bodega', 'warn_error_options': 'WarnErrorOptionsV2(error=[], warn=[], silence=[])', 'partial_parse': 'True', 'quiet': 'False', 'debug': 'False', 'use_experimental_parser': 'False', 'version_check': 'True', 'fail_fast': 'False', 'indirect_selection': 'eager', 'printer_width': '80', 'log_format': 'default', 'log_path': '/Users/alvarosantosandres/personal/datahub-local-ai/workflows/dbt/projects/bodega/logs', 'use_colors': 'True', 'hints_enabled': 'True', 'invocation_command': 'dbt --project bodega', 'log_cache_events': 'False', 'cache_selected_only': 'False', 'write_json': 'True', 'empty': 'None', 'send_anonymous_usage_stats': 'True', 'target_path': 'None', 'maximum_seed_size_mib': '1', 'static_parser': 'True', 'introspect': 'True', 'no_print': 'None'}
[0m16:58:53.153564 [debug] [MainThread]: Sending event: {'category': 'dbt', 'action': 'project_id', 'label': '335fa000-1d3b-421f-abb8-6b1653a9cd48', 'context': [<snowplow_tracker.self_describing_json.SelfDescribingJson object at 0x10b20b490>]}
[0m16:58:53.248881 [debug] [MainThread]: Sending event: {'category': 'dbt', 'action': 'adapter_info', 'label': '335fa000-1d3b-421f-abb8-6b1653a9cd48', 'context': [<snowplow_tracker.self_describing_json.SelfDescribingJson object at 0x10c5bb130>]}
[0m16:58:53.251575 [info ] [MainThread]: Registered adapter: duckdb=1.11.0
[0m16:58:53.555033 [debug] [MainThread]: checksum: 59a249011856ecdb0c0125045551a53b65cd388a4d7d6d24b99b9f67da16e401, vars: {}, profile: bodega, target: local, version: 1.12.3
[0m16:58:54.335881 [debug] [MainThread]: Partial parsing enabled: 0 files deleted, 0 files added, 1 files changed.
[0m16:58:54.336999 [debug] [MainThread]: Partial parsing: updated file: bodega://models/schema.yml
[0m16:58:54.789042 [debug] [MainThread]: Sending event: {'category': 'dbt', 'action': 'load_project', 'label': '335fa000-1d3b-421f-abb8-6b1653a9cd48', 'context': [<snowplow_tracker.self_describing_json.SelfDescribingJson object at 0x10ca26350>]}
[0m16:58:54.792272 [info ] [MainThread]: Performance info: /Users/alvarosantosandres/personal/datahub-local-ai/workflows/dbt/projects/bodega/target/perf_info.json
[0m16:58:54.859331 [debug] [MainThread]: Wrote artifact WritableManifest to /Users/alvarosantosandres/personal/datahub-local-ai/workflows/dbt/projects/bodega/target/manifest.json
[0m16:58:54.862528 [debug] [MainThread]: Wrote artifact SemanticManifest to /Users/alvarosantosandres/personal/datahub-local-ai/workflows/dbt/projects/bodega/target/semantic_manifest.json
[0m16:58:54.883240 [debug] [MainThread]: Wrote artifact OsiDocument to /Users/alvarosantosandres/personal/datahub-local-ai/workflows/dbt/projects/bodega/target/osi_document.json
[0m16:58:54.883765 [debug] [MainThread]: Resource report: {"command_name": "parse", "command_success": true, "command_wall_clock_time": 2.5382092, "process_in_blocks": "0", "process_kernel_time": 0.380308, "process_mem_max_rss": "167526400", "process_out_blocks": "0", "process_user_time": 1.799178}
[0m16:58:54.884050 [debug] [MainThread]: Command `cli parse` succeeded at 16:58:54.883997 after 2.54 seconds
[0m16:58:54.884273 [debug] [MainThread]: Sending event: {'category': 'dbt', 'action': 'invocation', 'label': 'end', 'context': [<snowplow_tracker.self_describing_json.SelfDescribingJson object at 0x10c744500>, <snowplow_tracker.self_describing_json.SelfDescribingJson object at 0x10ced57c0>, <snowplow_tracker.self_describing_json.SelfDescribingJson object at 0x10c2f7e70>]}
[0m16:58:54.884476 [debug] [MainThread]: Flushing usage events
[0m16:58:55.538344 [debug] [MainThread]: An error was encountered while trying to flush usage events
[0m16:59:23.167445 [debug] [MainThread]: Sending event: {'category': 'dbt', 'action': 'invocation', 'label': 'start', 'context': [<snowplow_tracker.self_describing_json.SelfDescribingJson object at 0x108ecdfd0>, <snowplow_tracker.self_describing_json.SelfDescribingJson object at 0x10a297610>, <snowplow_tracker.self_describing_json.SelfDescribingJson object at 0x10a297890>]}


============================== 16:59:23.172668 | 7c678872-00a5-46a5-aadc-c20356cdf941 ==============================
[0m16:59:23.172668 [info ] [MainThread]: Running with dbt=1.12.3
[0m16:59:23.173516 [debug] [MainThread]: running dbt with arguments {'fail_fast': 'False', 'hints_enabled': 'True', 'printer_width': '80', 'no_print': 'None', 'empty': 'None', 'use_colors': 'True', 'warn_error': 'None', 'target_path': 'None', 'version_check': 'True', 'static_parser': 'True', 'partial_parse': 'True', 'warn_error_options': 'WarnErrorOptionsV2(error=[], warn=[], silence=[])', 'write_json': 'True', 'profiles_dir': 'projects/bodega', 'debug': 'False', 'maximum_seed_size_mib': '1', 'introspect': 'True', 'log_format': 'default', 'indirect_selection': 'eager', 'log_cache_events': 'False', 'send_anonymous_usage_stats': 'True', 'use_experimental_parser': 'False', 'quiet': 'False', 'cache_selected_only': 'False', 'log_path': 'projects/bodega/logs', 'invocation_command': 'dbt parse --project-dir projects/bodega --profiles-dir projects/bodega --target local'}
[0m16:59:23.392606 [debug] [MainThread]: Sending event: {'category': 'dbt', 'action': 'project_id', 'label': '7c678872-00a5-46a5-aadc-c20356cdf941', 'context': [<snowplow_tracker.self_describing_json.SelfDescribingJson object at 0x109202060>]}
[0m16:59:23.437446 [debug] [MainThread]: Sending event: {'category': 'dbt', 'action': 'adapter_info', 'label': '7c678872-00a5-46a5-aadc-c20356cdf941', 'context': [<snowplow_tracker.self_describing_json.SelfDescribingJson object at 0x10a56ecf0>]}
[0m16:59:23.439613 [info ] [MainThread]: Registered adapter: duckdb=1.11.0
[0m16:59:23.502610 [debug] [MainThread]: checksum: 59a249011856ecdb0c0125045551a53b65cd388a4d7d6d24b99b9f67da16e401, vars: {}, profile: bodega, target: local, version: 1.12.3
[0m16:59:23.616374 [info ] [MainThread]: Unable to do partial parsing because a project config has changed
[0m16:59:23.616756 [debug] [MainThread]: Sending event: {'category': 'dbt', 'action': 'partial_parser', 'label': '7c678872-00a5-46a5-aadc-c20356cdf941', 'context': [<snowplow_tracker.self_describing_json.SelfDescribingJson object at 0x10a9a5750>]}
[0m16:59:24.485974 [debug] [MainThread]: Sending event: {'category': 'dbt', 'action': 'load_project', 'label': '7c678872-00a5-46a5-aadc-c20356cdf941', 'context': [<snowplow_tracker.self_describing_json.SelfDescribingJson object at 0x10a82b200>]}
[0m16:59:24.488235 [info ] [MainThread]: Performance info: projects/bodega/target/perf_info.json
[0m16:59:24.543823 [debug] [MainThread]: Wrote artifact WritableManifest to projects/bodega/target/manifest.json
[0m16:59:24.545906 [debug] [MainThread]: Wrote artifact SemanticManifest to projects/bodega/target/semantic_manifest.json
[0m16:59:24.557159 [debug] [MainThread]: Wrote artifact OsiDocument to projects/bodega/target/osi_document.json
[0m16:59:24.557683 [debug] [MainThread]: Resource report: {"command_name": "parse", "command_success": true, "command_wall_clock_time": 1.5159947, "process_in_blocks": "0", "process_kernel_time": 0.337274, "process_mem_max_rss": "167690240", "process_out_blocks": "0", "process_user_time": 2.037881}
[0m16:59:24.557963 [debug] [MainThread]: Command `dbt parse` succeeded at 16:59:24.557915 after 1.52 seconds
[0m16:59:24.558171 [debug] [MainThread]: Sending event: {'category': 'dbt', 'action': 'invocation', 'label': 'end', 'context': [<snowplow_tracker.self_describing_json.SelfDescribingJson object at 0x10a29fe70>, <snowplow_tracker.self_describing_json.SelfDescribingJson object at 0x10a29def0>, <snowplow_tracker.self_describing_json.SelfDescribingJson object at 0x10af2cef0>]}
[0m16:59:24.558369 [debug] [MainThread]: Flushing usage events
[0m16:59:25.131198 [debug] [MainThread]: An error was encountered while trying to flush usage events
[0m17:01:22.213557 [debug] [MainThread]: Sending event: {'category': 'dbt', 'action': 'invocation', 'label': 'start', 'context': [<snowplow_tracker.self_describing_json.SelfDescribingJson object at 0x108d82270>, <snowplow_tracker.self_describing_json.SelfDescribingJson object at 0x10a213890>, <snowplow_tracker.self_describing_json.SelfDescribingJson object at 0x10a2139d0>]}


============================== 17:01:22.217470 | b95d83d5-0973-4bb2-8f9f-476c5aa43557 ==============================
[0m17:01:22.217470 [info ] [MainThread]: Running with dbt=1.12.3
[0m17:01:22.218058 [debug] [MainThread]: running dbt with arguments {'hints_enabled': 'True', 'log_cache_events': 'False', 'static_parser': 'True', 'debug': 'False', 'maximum_seed_size_mib': '1', 'write_json': 'True', 'empty': 'False', 'cache_selected_only': 'False', 'invocation_command': 'dbt --project bodega --target local --select silver.* --full-refresh', 'introspect': 'True', 'target_path': 'None', 'no_print': 'None', 'partial_parse': 'True', 'use_colors': 'True', 'indirect_selection': 'eager', 'log_path': '/Users/alvarosantosandres/personal/datahub-local-ai/workflows/dbt/projects/bodega/logs', 'quiet': 'False', 'printer_width': '80', 'warn_error_options': 'WarnErrorOptionsV2(error=[], warn=[], silence=[])', 'version_check': 'True', 'send_anonymous_usage_stats': 'True', 'fail_fast': 'False', 'profiles_dir': '/Users/alvarosantosandres/personal/datahub-local-ai/workflows/dbt/projects/bodega', 'log_format': 'default', 'warn_error': 'None', 'use_experimental_parser': 'False'}
[0m17:01:22.370365 [debug] [MainThread]: Sending event: {'category': 'dbt', 'action': 'project_id', 'label': 'b95d83d5-0973-4bb2-8f9f-476c5aa43557', 'context': [<snowplow_tracker.self_describing_json.SelfDescribingJson object at 0x1090ba190>]}
[0m17:01:22.454513 [debug] [MainThread]: Sending event: {'category': 'dbt', 'action': 'adapter_info', 'label': 'b95d83d5-0973-4bb2-8f9f-476c5aa43557', 'context': [<snowplow_tracker.self_describing_json.SelfDescribingJson object at 0x10a1a1370>]}
[0m17:01:22.456771 [info ] [MainThread]: Registered adapter: duckdb=1.11.0
[0m17:01:22.528776 [debug] [MainThread]: checksum: 59a249011856ecdb0c0125045551a53b65cd388a4d7d6d24b99b9f67da16e401, vars: {}, profile: bodega, target: local, version: 1.12.3
[0m17:01:22.591074 [info ] [MainThread]: Unable to do partial parsing because profile has changed
[0m17:01:22.591413 [debug] [MainThread]: Sending event: {'category': 'dbt', 'action': 'partial_parser', 'label': 'b95d83d5-0973-4bb2-8f9f-476c5aa43557', 'context': [<snowplow_tracker.self_describing_json.SelfDescribingJson object at 0x10a7db350>]}
[0m17:01:23.518347 [debug] [MainThread]: Sending event: {'category': 'dbt', 'action': 'load_project', 'label': 'b95d83d5-0973-4bb2-8f9f-476c5aa43557', 'context': [<snowplow_tracker.self_describing_json.SelfDescribingJson object at 0x10aa58e60>]}
[0m17:01:23.573346 [debug] [MainThread]: Wrote artifact WritableManifest to /Users/alvarosantosandres/personal/datahub-local-ai/workflows/dbt/projects/bodega/target/manifest.json
[0m17:01:23.575795 [debug] [MainThread]: Wrote artifact SemanticManifest to /Users/alvarosantosandres/personal/datahub-local-ai/workflows/dbt/projects/bodega/target/semantic_manifest.json
[0m17:01:23.591839 [debug] [MainThread]: Wrote artifact OsiDocument to /Users/alvarosantosandres/personal/datahub-local-ai/workflows/dbt/projects/bodega/target/osi_document.json
[0m17:01:23.612801 [debug] [MainThread]: Sending event: {'category': 'dbt', 'action': 'resource_counts', 'label': 'b95d83d5-0973-4bb2-8f9f-476c5aa43557', 'context': [<snowplow_tracker.self_describing_json.SelfDescribingJson object at 0x10af1e430>]}
[0m17:01:23.613283 [info ] [MainThread]: Found 10 models, 14 data tests, 2 sources, 516 macros
[0m17:01:23.614744 [info ] [MainThread]: 
[0m17:01:23.614970 [info ] [MainThread]: Concurrency: 4 threads (target='local')
[0m17:01:23.615122 [info ] [MainThread]: 
[0m17:01:23.615408 [debug] [MainThread]: Acquiring new duckdb connection 'master'
[0m17:01:23.618194 [debug] [ThreadPool]: Acquiring new duckdb connection 'list_silver'
[0m17:01:23.683148 [debug] [ThreadPool]: Using duckdb connection "list_silver"
[0m17:01:23.683459 [debug] [ThreadPool]: On list_silver: /* {"app": "dbt", "dbt_version": "1.12.3", "profile_name": "bodega", "target_name": "local", "connection_name": "list_silver"} */

    
    select schema_name
    from system.information_schema.schemata
    
    where lower(catalog_name) = '"silver"'
    
  
  
[0m17:01:23.683644 [debug] [ThreadPool]: Opening a new connection, currently in state init
[0m17:01:23.693189 [debug] [ThreadPool]: SQL status: OK in 0.009 seconds
[0m17:01:23.694031 [debug] [ThreadPool]: On list_silver: Close
[0m17:01:23.694517 [debug] [ThreadPool]: Re-using an available connection from the pool (formerly list_silver, now create_silver_bodega)
[0m17:01:23.694909 [debug] [ThreadPool]: Creating schema "database: "silver"
schema: "bodega"
"
[0m17:01:23.698518 [debug] [ThreadPool]: Using duckdb connection "create_silver_bodega"
[0m17:01:23.698717 [debug] [ThreadPool]: On create_silver_bodega: /* {"app": "dbt", "dbt_version": "1.12.3", "profile_name": "bodega", "target_name": "local", "connection_name": "create_silver_bodega"} */

    
        select type from duckdb_databases()
        where lower(database_name)='silver'
        and type != 'duckdb'
    
  
[0m17:01:23.698878 [debug] [ThreadPool]: Opening a new connection, currently in state closed
[0m17:01:23.699464 [debug] [ThreadPool]: SQL status: OK in 0.001 seconds
[0m17:01:23.700306 [debug] [ThreadPool]: Using duckdb connection "create_silver_bodega"
[0m17:01:23.700491 [debug] [ThreadPool]: On create_silver_bodega: BEGIN
[0m17:01:23.700722 [debug] [ThreadPool]: SQL status: OK in 0.000 seconds
[0m17:01:23.700857 [debug] [ThreadPool]: Using duckdb connection "create_silver_bodega"
[0m17:01:23.700991 [debug] [ThreadPool]: On create_silver_bodega: /* {"app": "dbt", "dbt_version": "1.12.3", "profile_name": "bodega", "target_name": "local", "connection_name": "create_silver_bodega"} */

    
    
        create schema if not exists "silver"."bodega"
    
[0m17:01:23.701219 [debug] [ThreadPool]: SQL status: OK in 0.000 seconds
[0m17:01:23.701614 [debug] [ThreadPool]: On create_silver_bodega: COMMIT
[0m17:01:23.701770 [debug] [ThreadPool]: Using duckdb connection "create_silver_bodega"
[0m17:01:23.701909 [debug] [ThreadPool]: On create_silver_bodega: COMMIT
[0m17:01:23.702459 [debug] [ThreadPool]: SQL status: OK in 0.000 seconds
[0m17:01:23.702732 [debug] [ThreadPool]: On create_silver_bodega: Close
[0m17:01:23.703621 [debug] [ThreadPool]: Re-using an available connection from the pool (formerly create_silver_bodega, now list_gold_bodega)
[0m17:01:23.705972 [debug] [ThreadPool]: Using duckdb connection "list_gold_bodega"
[0m17:01:23.706166 [debug] [ThreadPool]: On list_gold_bodega: BEGIN
[0m17:01:23.706405 [debug] [ThreadPool]: Acquiring new duckdb connection 'list_silver_bodega'
[0m17:01:23.706563 [debug] [ThreadPool]: Opening a new connection, currently in state closed
[0m17:01:23.707052 [debug] [ThreadPool]: Using duckdb connection "list_silver_bodega"
[0m17:01:23.707511 [debug] [ThreadPool]: On list_silver_bodega: BEGIN
[0m17:01:23.707672 [debug] [ThreadPool]: Opening a new connection, currently in state init
[0m17:01:23.707821 [debug] [ThreadPool]: SQL status: OK in 0.001 seconds
[0m17:01:23.708099 [debug] [ThreadPool]: Using duckdb connection "list_gold_bodega"
[0m17:01:23.708275 [debug] [ThreadPool]: On list_gold_bodega: /* {"app": "dbt", "dbt_version": "1.12.3", "profile_name": "bodega", "target_name": "local", "connection_name": "list_gold_bodega"} */
select
      'gold' as database,
      table_name as name,
      table_schema as schema,
      CASE table_type
        WHEN 'BASE TABLE' THEN 'table'
        WHEN 'VIEW' THEN 'view'
        WHEN 'LOCAL TEMPORARY' THEN 'table'
        END as type
    from system.information_schema.tables
    where lower(table_schema) = 'bodega'
    and lower(table_catalog) = 'gold'
  
[0m17:01:23.708506 [debug] [ThreadPool]: SQL status: OK in 0.001 seconds
[0m17:01:23.708789 [debug] [ThreadPool]: Using duckdb connection "list_silver_bodega"
[0m17:01:23.708938 [debug] [ThreadPool]: On list_silver_bodega: /* {"app": "dbt", "dbt_version": "1.12.3", "profile_name": "bodega", "target_name": "local", "connection_name": "list_silver_bodega"} */
select
      'silver' as database,
      table_name as name,
      table_schema as schema,
      CASE table_type
        WHEN 'BASE TABLE' THEN 'table'
        WHEN 'VIEW' THEN 'view'
        WHEN 'LOCAL TEMPORARY' THEN 'table'
        END as type
    from system.information_schema.tables
    where lower(table_schema) = 'bodega'
    and lower(table_catalog) = 'silver'
  
[0m17:01:23.710732 [debug] [ThreadPool]: SQL status: OK in 0.002 seconds
[0m17:01:23.710941 [debug] [ThreadPool]: SQL status: OK in 0.002 seconds
[0m17:01:23.711654 [debug] [ThreadPool]: On list_gold_bodega: ROLLBACK
[0m17:01:23.712328 [debug] [ThreadPool]: On list_silver_bodega: ROLLBACK
[0m17:01:23.712546 [debug] [ThreadPool]: On list_gold_bodega: Close
[0m17:01:23.712721 [debug] [ThreadPool]: On list_silver_bodega: Close
[0m17:01:23.713182 [debug] [MainThread]: Sending event: {'category': 'dbt', 'action': 'runnable_timing', 'label': 'b95d83d5-0973-4bb2-8f9f-476c5aa43557', 'context': [<snowplow_tracker.self_describing_json.SelfDescribingJson object at 0x10b197040>]}
[0m17:01:23.713444 [debug] [MainThread]: Using duckdb connection "master"
[0m17:01:23.713596 [debug] [MainThread]: On master: BEGIN
[0m17:01:23.713736 [debug] [MainThread]: Opening a new connection, currently in state init
[0m17:01:23.713968 [debug] [MainThread]: SQL status: OK in 0.000 seconds
[0m17:01:23.714116 [debug] [MainThread]: On master: COMMIT
[0m17:01:23.714265 [debug] [MainThread]: Using duckdb connection "master"
[0m17:01:23.714398 [debug] [MainThread]: On master: COMMIT
[0m17:01:23.714624 [debug] [MainThread]: SQL status: OK in 0.000 seconds
[0m17:01:23.714821 [debug] [MainThread]: On master: Close
[0m17:01:23.716773 [debug] [Thread-4 (]: Began running node model.bodega.stores
[0m17:01:23.717257 [debug] [Thread-3 (]: Began running node model.bodega.invoices
[0m17:01:23.717533 [debug] [Thread-1 (]: Began running node model.bodega.invoice_items
[0m17:01:23.717070 [info ] [Thread-4 (]: 4 of 12 START sql table model silver.bodega.stores ............................. [RUN]
[0m17:01:23.717838 [info ] [Thread-3 (]: 3 of 12 START sql table model silver.bodega.invoices ........................... [RUN]
[0m17:01:23.718054 [debug] [Thread-2 (]: Began running node model.bodega.invoice_taxes
[0m17:01:23.718269 [info ] [Thread-1 (]: 1 of 12 START sql table model silver.bodega.invoice_items ...................... [RUN]
[0m17:01:23.718553 [debug] [Thread-4 (]: Acquiring new duckdb connection 'model.bodega.stores'
[0m17:01:23.718795 [debug] [Thread-3 (]: Acquiring new duckdb connection 'model.bodega.invoices'
[0m17:01:23.719013 [info ] [Thread-2 (]: 2 of 12 START sql table model silver.bodega.invoice_taxes ...................... [RUN]
[0m17:01:23.719243 [debug] [Thread-1 (]: Re-using an available connection from the pool (formerly list_gold_bodega, now model.bodega.invoice_items)
[0m17:01:23.719443 [debug] [Thread-4 (]: Began compiling node model.bodega.stores
[0m17:01:23.719630 [debug] [Thread-3 (]: Began compiling node model.bodega.invoices
[0m17:01:23.719831 [debug] [Thread-2 (]: Re-using an available connection from the pool (formerly list_silver_bodega, now model.bodega.invoice_taxes)
[0m17:01:23.720010 [debug] [Thread-1 (]: Began compiling node model.bodega.invoice_items
[0m17:01:23.724080 [debug] [Thread-4 (]: Writing injected SQL for node "model.bodega.stores"
[0m17:01:23.726469 [debug] [Thread-3 (]: Writing injected SQL for node "model.bodega.invoices"
[0m17:01:23.726752 [debug] [Thread-2 (]: Began compiling node model.bodega.invoice_taxes
[0m17:01:23.729097 [debug] [Thread-1 (]: Writing injected SQL for node "model.bodega.invoice_items"
[0m17:01:23.731383 [debug] [Thread-2 (]: Writing injected SQL for node "model.bodega.invoice_taxes"
[0m17:01:23.732109 [debug] [Thread-4 (]: Began executing node model.bodega.stores
[0m17:01:23.750466 [debug] [Thread-2 (]: Began executing node model.bodega.invoice_taxes
[0m17:01:23.760074 [debug] [Thread-4 (]: Writing runtime sql for node "model.bodega.stores"
[0m17:01:23.761355 [debug] [Thread-2 (]: Writing runtime sql for node "model.bodega.invoice_taxes"
[0m17:01:23.761558 [debug] [Thread-1 (]: Began executing node model.bodega.invoice_items
[0m17:01:23.761954 [debug] [Thread-3 (]: Began executing node model.bodega.invoices
[0m17:01:23.763537 [debug] [Thread-1 (]: Writing runtime sql for node "model.bodega.invoice_items"
[0m17:01:23.764803 [debug] [Thread-3 (]: Writing runtime sql for node "model.bodega.invoices"
[0m17:01:23.765101 [debug] [Thread-4 (]: Using duckdb connection "model.bodega.stores"
[0m17:01:23.765345 [debug] [Thread-2 (]: Using duckdb connection "model.bodega.invoice_taxes"
[0m17:01:23.765583 [debug] [Thread-4 (]: On model.bodega.stores: BEGIN
[0m17:01:23.765784 [debug] [Thread-2 (]: On model.bodega.invoice_taxes: BEGIN
[0m17:01:23.766026 [debug] [Thread-4 (]: Opening a new connection, currently in state init
[0m17:01:23.766228 [debug] [Thread-3 (]: Using duckdb connection "model.bodega.invoices"
[0m17:01:23.766399 [debug] [Thread-2 (]: Opening a new connection, currently in state closed
[0m17:01:23.766620 [debug] [Thread-1 (]: Using duckdb connection "model.bodega.invoice_items"
[0m17:01:23.766966 [debug] [Thread-3 (]: On model.bodega.invoices: BEGIN
[0m17:01:23.767215 [debug] [Thread-4 (]: SQL status: OK in 0.001 seconds
[0m17:01:23.767407 [debug] [Thread-1 (]: On model.bodega.invoice_items: BEGIN
[0m17:01:23.767591 [debug] [Thread-2 (]: SQL status: OK in 0.001 seconds
[0m17:01:23.767756 [debug] [Thread-3 (]: Opening a new connection, currently in state init
[0m17:01:23.767935 [debug] [Thread-4 (]: Using duckdb connection "model.bodega.stores"
[0m17:01:23.768101 [debug] [Thread-1 (]: Opening a new connection, currently in state closed
[0m17:01:23.768271 [debug] [Thread-2 (]: Using duckdb connection "model.bodega.invoice_taxes"
[0m17:01:23.768550 [debug] [Thread-4 (]: On model.bodega.stores: /* {"app": "dbt", "dbt_version": "1.12.3", "profile_name": "bodega", "target_name": "local", "node_id": "model.bodega.stores"} */

    

    create  table
      "silver"."bodega"."stores__dbt_tmp"
  
    
    as (
      
WITH ranked AS (
    SELECT
        store_vat_id,
        store_name,
        store_address,
        store_phone,
        supermarket,
        CAST(strptime(invoice_date, '%Y-%m-%dT%H:%M:%S') AS DATE)                     AS invoice_date,
        ROW_NUMBER() OVER (
            PARTITION BY store_vat_id
            ORDER BY strptime(invoice_date, '%Y-%m-%dT%H:%M:%S') DESC, invoice_number DESC
        )                                                                       AS rn
    FROM "bronze"."bodega"."raw_invoices"
)

SELECT
    ranked.store_vat_id                                                         AS store_id,
    trim(upper(ranked.store_name))                                              AS name,
    ranked.store_vat_id                                                         AS vat_id,
    ranked.store_address                                                        AS address,
    ranked.store_phone                                                          AS phone,
    ranked.supermarket,
    seen.first_seen_date,
    seen.last_seen_date
FROM ranked
JOIN (
    SELECT
        store_vat_id,
        MIN(invoice_date)                                                       AS first_seen_date,
        MAX(invoice_date)                                                       AS last_seen_date
    FROM ranked
    GROUP BY store_vat_id
) AS seen ON seen.store_vat_id = ranked.store_vat_id
WHERE ranked.rn = 1
    );
    
  
[0m17:01:23.768772 [debug] [Thread-3 (]: SQL status: OK in 0.001 seconds
[0m17:01:23.769002 [debug] [Thread-2 (]: On model.bodega.invoice_taxes: /* {"app": "dbt", "dbt_version": "1.12.3", "profile_name": "bodega", "target_name": "local", "node_id": "model.bodega.invoice_taxes"} */

    

    create  table
      "silver"."bodega"."invoice_taxes__dbt_tmp"
  
    
    as (
      SELECT
    b.invoice_number,
    b.supermarket,
    CAST(strptime(b.invoice_date, '%Y-%m-%dT%H:%M:%S') AS DATE)              AS invoice_date,
    json_extract_string(_it.elem, '$.rate')                     AS tax_rate,
    CAST(json_extract_string(_it.elem, '$.base') AS DOUBLE)     AS base_amount,
    CAST(json_extract_string(_it.elem, '$.tax') AS DOUBLE)     AS tax_amount
FROM "bronze"."bodega"."raw_invoices" AS b
CROSS JOIN (
        SELECT json_extract(b.taxes_json, '$[' || g.i || ']') AS elem, g.i + 1 AS pos
        FROM range(CAST(json_array_length(CAST(b.taxes_json AS JSON)) AS BIGINT)) AS g(i)
    ) AS _it
    );
    
  
[0m17:01:23.769348 [debug] [Thread-3 (]: Using duckdb connection "model.bodega.invoices"
[0m17:01:23.769537 [debug] [Thread-1 (]: SQL status: OK in 0.001 seconds
[0m17:01:23.769897 [debug] [Thread-3 (]: On model.bodega.invoices: /* {"app": "dbt", "dbt_version": "1.12.3", "profile_name": "bodega", "target_name": "local", "node_id": "model.bodega.invoices"} */

    

    create  table
      "silver"."bodega"."invoices__dbt_tmp"
  
    
    as (
      SELECT
    invoice_number,
    strptime(invoice_date, '%Y-%m-%dT%H:%M:%S')                               AS invoice_datetime,
    CAST(strptime(invoice_date, '%Y-%m-%dT%H:%M:%S') AS DATE)                 AS invoice_date,
    year(strptime(invoice_date, '%Y-%m-%dT%H:%M:%S'))                        AS invoice_year,
    month(strptime(invoice_date, '%Y-%m-%dT%H:%M:%S'))                       AS invoice_month,
    week(strptime(invoice_date, '%Y-%m-%dT%H:%M:%S'))                        AS invoice_week,
    operator_id,
    store_vat_id,
    trim(upper(store_name))                                             AS store_name,
    total_amount,
    (
        SELECT SUM(CAST(json_extract_string(e, '$.tax') AS DOUBLE))
        FROM UNNEST(json_extract(taxes_json, '$[*]')) AS u(e)
    )                          AS total_tax_amount,
    (
        SELECT SUM(CAST(json_extract_string(e, '$.base') AS DOUBLE))
        FROM UNNEST(json_extract(taxes_json, '$[*]')) AS u(e)
    )                         AS total_base_amount,
    payment_method,
    card_type,
    card_number_masked,
    supermarket,
    json_array_length(CAST(items_json AS JSON))                                 AS item_count,
    _ingested_at
FROM "bronze"."bodega"."raw_invoices"
    );
    
  
[0m17:01:23.770153 [debug] [Thread-1 (]: Using duckdb connection "model.bodega.invoice_items"
[0m17:01:23.770692 [debug] [Thread-1 (]: On model.bodega.invoice_items: /* {"app": "dbt", "dbt_version": "1.12.3", "profile_name": "bodega", "target_name": "local", "node_id": "model.bodega.invoice_items"} */

    

    create  table
      "silver"."bodega"."invoice_items__dbt_tmp"
  
    
    as (
      SELECT
    b.invoice_number,
    CAST(_it.pos AS INTEGER)                                                       AS item_position,
    CAST(strptime(b.invoice_date, '%Y-%m-%dT%H:%M:%S') AS DATE)                          AS invoice_date,
    b.store_vat_id,
    b.supermarket,
    json_extract_string(_it.elem, '$.description')                          AS description_raw,
    trim(upper(json_extract_string(_it.elem, '$.description')))             AS description_clean,
    CAST(json_extract_string(_it.elem, '$.quantity') AS DOUBLE)             AS quantity,
    CASE
        WHEN CAST(json_extract_string(_it.elem, '$.quantity') AS DOUBLE)
             != FLOOR(CAST(json_extract_string(_it.elem, '$.quantity') AS DOUBLE))
        THEN 'KG' ELSE 'EA'
    END                                                                            AS unit,
    CAST(json_extract_string(_it.elem, '$.unit_price') AS DOUBLE)           AS unit_price,
    CAST(json_extract_string(_it.elem, '$.total') AS DOUBLE)                AS total_amount
FROM "bronze"."bodega"."raw_invoices" AS b
CROSS JOIN (
        SELECT json_extract(b.items_json, '$[' || g.i || ']') AS elem, g.i + 1 AS pos
        FROM range(CAST(json_array_length(CAST(b.items_json AS JSON)) AS BIGINT)) AS g(i)
    ) AS _it
    );
    
  
[0m17:01:23.773006 [debug] [Thread-2 (]: SQL status: OK in 0.003 seconds
[0m17:01:23.776265 [debug] [Thread-2 (]: Using duckdb connection "model.bodega.invoice_taxes"
[0m17:01:23.776520 [debug] [Thread-2 (]: On model.bodega.invoice_taxes: /* {"app": "dbt", "dbt_version": "1.12.3", "profile_name": "bodega", "target_name": "local", "node_id": "model.bodega.invoice_taxes"} */
alter table "silver"."bodega"."invoice_taxes__dbt_tmp" rename to "invoice_taxes"
[0m17:01:23.776738 [debug] [Thread-1 (]: SQL status: OK in 0.006 seconds
[0m17:01:23.776953 [debug] [Thread-3 (]: SQL status: OK in 0.007 seconds
[0m17:01:23.777234 [debug] [Thread-4 (]: SQL status: OK in 0.008 seconds
[0m17:01:23.777435 [debug] [Thread-2 (]: SQL status: OK in 0.000 seconds
[0m17:01:23.778475 [debug] [Thread-1 (]: Using duckdb connection "model.bodega.invoice_items"
[0m17:01:23.779608 [debug] [Thread-3 (]: Using duckdb connection "model.bodega.invoices"
[0m17:01:23.780512 [debug] [Thread-4 (]: Using duckdb connection "model.bodega.stores"
[0m17:01:23.790463 [debug] [Thread-2 (]: Using duckdb connection "model.bodega.invoice_taxes"
[0m17:01:23.790704 [debug] [Thread-1 (]: On model.bodega.invoice_items: /* {"app": "dbt", "dbt_version": "1.12.3", "profile_name": "bodega", "target_name": "local", "node_id": "model.bodega.invoice_items"} */
alter table "silver"."bodega"."invoice_items__dbt_tmp" rename to "invoice_items"
[0m17:01:23.790908 [debug] [Thread-3 (]: On model.bodega.invoices: /* {"app": "dbt", "dbt_version": "1.12.3", "profile_name": "bodega", "target_name": "local", "node_id": "model.bodega.invoices"} */
alter table "silver"."bodega"."invoices__dbt_tmp" rename to "invoices"
[0m17:01:23.791102 [debug] [Thread-4 (]: On model.bodega.stores: /* {"app": "dbt", "dbt_version": "1.12.3", "profile_name": "bodega", "target_name": "local", "node_id": "model.bodega.stores"} */
alter table "silver"."bodega"."stores__dbt_tmp" rename to "stores"
[0m17:01:23.791286 [debug] [Thread-2 (]: On model.bodega.invoice_taxes: /* {"app": "dbt", "dbt_version": "1.12.3", "profile_name": "bodega", "target_name": "local", "node_id": "model.bodega.invoice_taxes"} */

    
  
  comment on table "silver"."bodega"."invoice_taxes" is $dbt_comment_literal_block$Exploded tax breakdown. One row per tax rate per invoice.$dbt_comment_literal_block$;

  
[0m17:01:23.791742 [debug] [Thread-1 (]: SQL status: OK in 0.000 seconds
[0m17:01:23.791964 [debug] [Thread-3 (]: SQL status: OK in 0.000 seconds
[0m17:01:23.792181 [debug] [Thread-4 (]: SQL status: OK in 0.001 seconds
[0m17:01:23.793111 [debug] [Thread-1 (]: Using duckdb connection "model.bodega.invoice_items"
[0m17:01:23.793329 [debug] [Thread-2 (]: SQL status: OK in 0.001 seconds
[0m17:01:23.794079 [debug] [Thread-3 (]: Using duckdb connection "model.bodega.invoices"
[0m17:01:23.794806 [debug] [Thread-4 (]: Using duckdb connection "model.bodega.stores"
[0m17:01:23.794998 [debug] [Thread-1 (]: On model.bodega.invoice_items: /* {"app": "dbt", "dbt_version": "1.12.3", "profile_name": "bodega", "target_name": "local", "node_id": "model.bodega.invoice_items"} */

    
  
  comment on table "silver"."bodega"."invoice_items" is $dbt_comment_literal_block$Exploded line items. One row per product per invoice.$dbt_comment_literal_block$;

  
[0m17:01:23.797813 [debug] [Thread-2 (]: Using duckdb connection "model.bodega.invoice_taxes"
[0m17:01:23.798038 [debug] [Thread-3 (]: On model.bodega.invoices: /* {"app": "dbt", "dbt_version": "1.12.3", "profile_name": "bodega", "target_name": "local", "node_id": "model.bodega.invoices"} */

    
  
  comment on table "silver"."bodega"."invoices" is $dbt_comment_literal_block$Cleaned invoice headers. One row per shopping trip.$dbt_comment_literal_block$;

  
[0m17:01:23.798247 [debug] [Thread-4 (]: On model.bodega.stores: /* {"app": "dbt", "dbt_version": "1.12.3", "profile_name": "bodega", "target_name": "local", "node_id": "model.bodega.stores"} */

    
  
  comment on table "silver"."bodega"."stores" is $dbt_comment_literal_block$SCD Type 1 store dimension. One row per distinct store VAT ID.$dbt_comment_literal_block$;

  
[0m17:01:23.798533 [debug] [Thread-2 (]: On model.bodega.invoice_taxes: /* {"app": "dbt", "dbt_version": "1.12.3", "profile_name": "bodega", "target_name": "local", "node_id": "model.bodega.invoice_taxes"} */

      select
          column_name,
          column_type as data_type,
          cast(null as bigint) as character_maximum_length,
          cast(null as bigint) as numeric_precision,
          cast(null as bigint) as numeric_scale
      from (describe "silver"."bodega"."invoice_taxes")
  
[0m17:01:23.798837 [debug] [Thread-1 (]: SQL status: OK in 0.000 seconds
[0m17:01:23.799167 [debug] [Thread-3 (]: SQL status: OK in 0.000 seconds
[0m17:01:23.799478 [debug] [Thread-4 (]: SQL status: OK in 0.000 seconds
[0m17:01:23.800522 [debug] [Thread-1 (]: Using duckdb connection "model.bodega.invoice_items"
[0m17:01:23.801537 [debug] [Thread-3 (]: Using duckdb connection "model.bodega.invoices"
[0m17:01:23.801736 [debug] [Thread-2 (]: SQL status: OK in 0.002 seconds
[0m17:01:23.802004 [debug] [Thread-1 (]: On model.bodega.invoice_items: /* {"app": "dbt", "dbt_version": "1.12.3", "profile_name": "bodega", "target_name": "local", "node_id": "model.bodega.invoice_items"} */

      select
          column_name,
          column_type as data_type,
          cast(null as bigint) as character_maximum_length,
          cast(null as bigint) as numeric_precision,
          cast(null as bigint) as numeric_scale
      from (describe "silver"."bodega"."invoice_items")
  
[0m17:01:23.803041 [debug] [Thread-4 (]: Using duckdb connection "model.bodega.stores"
[0m17:01:23.803269 [debug] [Thread-3 (]: On model.bodega.invoices: /* {"app": "dbt", "dbt_version": "1.12.3", "profile_name": "bodega", "target_name": "local", "node_id": "model.bodega.invoices"} */

      select
          column_name,
          column_type as data_type,
          cast(null as bigint) as character_maximum_length,
          cast(null as bigint) as numeric_precision,
          cast(null as bigint) as numeric_scale
      from (describe "silver"."bodega"."invoices")
  
[0m17:01:23.810626 [debug] [Thread-2 (]: Using duckdb connection "model.bodega.invoice_taxes"
[0m17:01:23.810956 [debug] [Thread-4 (]: On model.bodega.stores: /* {"app": "dbt", "dbt_version": "1.12.3", "profile_name": "bodega", "target_name": "local", "node_id": "model.bodega.stores"} */

      select
          column_name,
          column_type as data_type,
          cast(null as bigint) as character_maximum_length,
          cast(null as bigint) as numeric_precision,
          cast(null as bigint) as numeric_scale
      from (describe "silver"."bodega"."stores")
  
[0m17:01:23.811226 [debug] [Thread-1 (]: SQL status: OK in 0.001 seconds
[0m17:01:23.811661 [debug] [Thread-2 (]: On model.bodega.invoice_taxes: /* {"app": "dbt", "dbt_version": "1.12.3", "profile_name": "bodega", "target_name": "local", "node_id": "model.bodega.invoice_taxes"} */

      select
          column_name,
          column_type as data_type,
          cast(null as bigint) as character_maximum_length,
          cast(null as bigint) as numeric_precision,
          cast(null as bigint) as numeric_scale
      from (describe "silver"."bodega"."invoice_taxes")
  
[0m17:01:23.812292 [debug] [Thread-3 (]: SQL status: OK in 0.001 seconds
[0m17:01:23.813726 [debug] [Thread-1 (]: Using duckdb connection "model.bodega.invoice_items"
[0m17:01:23.814058 [debug] [Thread-1 (]: On model.bodega.invoice_items: /* {"app": "dbt", "dbt_version": "1.12.3", "profile_name": "bodega", "target_name": "local", "node_id": "model.bodega.invoice_items"} */

      select
          column_name,
          column_type as data_type,
          cast(null as bigint) as character_maximum_length,
          cast(null as bigint) as numeric_precision,
          cast(null as bigint) as numeric_scale
      from (describe "silver"."bodega"."invoice_items")
  
[0m17:01:23.814433 [debug] [Thread-4 (]: SQL status: OK in 0.002 seconds
[0m17:01:23.814671 [debug] [Thread-2 (]: SQL status: OK in 0.002 seconds
[0m17:01:23.816475 [debug] [Thread-3 (]: Using duckdb connection "model.bodega.invoices"
[0m17:01:23.817953 [debug] [Thread-4 (]: Using duckdb connection "model.bodega.stores"
[0m17:01:23.818459 [debug] [Thread-3 (]: On model.bodega.invoices: /* {"app": "dbt", "dbt_version": "1.12.3", "profile_name": "bodega", "target_name": "local", "node_id": "model.bodega.invoices"} */

      select
          column_name,
          column_type as data_type,
          cast(null as bigint) as character_maximum_length,
          cast(null as bigint) as numeric_precision,
          cast(null as bigint) as numeric_scale
      from (describe "silver"."bodega"."invoices")
  
[0m17:01:23.818864 [debug] [Thread-1 (]: SQL status: OK in 0.004 seconds
[0m17:01:23.819241 [debug] [Thread-4 (]: On model.bodega.stores: /* {"app": "dbt", "dbt_version": "1.12.3", "profile_name": "bodega", "target_name": "local", "node_id": "model.bodega.stores"} */

      select
          column_name,
          column_type as data_type,
          cast(null as bigint) as character_maximum_length,
          cast(null as bigint) as numeric_precision,
          cast(null as bigint) as numeric_scale
      from (describe "silver"."bodega"."stores")
  
[0m17:01:23.820148 [debug] [Thread-2 (]: Using duckdb connection "model.bodega.invoice_taxes"
[0m17:01:23.821459 [debug] [Thread-1 (]: Using duckdb connection "model.bodega.invoice_items"
[0m17:01:23.821806 [debug] [Thread-3 (]: SQL status: OK in 0.001 seconds
[0m17:01:23.822211 [debug] [Thread-2 (]: On model.bodega.invoice_taxes: /* {"app": "dbt", "dbt_version": "1.12.3", "profile_name": "bodega", "target_name": "local", "node_id": "model.bodega.invoice_taxes"} */

    
  
  
    
    
    comment on column "silver"."bodega"."invoice_taxes".invoice_number is $dbt_comment_literal_block$Invoice this tax line belongs to. Joins to invoices.invoice_number.$dbt_comment_literal_block$;
  
    
    
    comment on column "silver"."bodega"."invoice_taxes".tax_rate is $dbt_comment_literal_block$VAT rate for this breakdown line, as printed on the receipt.$dbt_comment_literal_block$;
  

  
[0m17:01:23.822403 [debug] [Thread-4 (]: SQL status: OK in 0.001 seconds
[0m17:01:23.822740 [debug] [Thread-1 (]: On model.bodega.invoice_items: /* {"app": "dbt", "dbt_version": "1.12.3", "profile_name": "bodega", "target_name": "local", "node_id": "model.bodega.invoice_items"} */

    
  
  
    
    
    comment on column "silver"."bodega"."invoice_items".invoice_number is $dbt_comment_literal_block$Invoice this line belongs to. Joins to invoices.invoice_number.$dbt_comment_literal_block$;
  
    
    
    comment on column "silver"."bodega"."invoice_items".item_position is $dbt_comment_literal_block$1-based position of the line on the receipt. Unique within an invoice.$dbt_comment_literal_block$;
  
    
    
    comment on column "silver"."bodega"."invoice_items".invoice_date is $dbt_comment_literal_block$Purchase date, denormalised from the header.$dbt_comment_literal_block$;
  
    
    
    comment on column "silver"."bodega"."invoice_items".store_vat_id is $dbt_comment_literal_block$Store VAT identifier, denormalised from the header.$dbt_comment_literal_block$;
  
    
    
    comment on column "silver"."bodega"."invoice_items".supermarket is $dbt_comment_literal_block$Retail brand, denormalised from the header.$dbt_comment_literal_block$;
  
    
    
    comment on column "silver"."bodega"."invoice_items".description_raw is $dbt_comment_literal_block$Product description exactly as printed.$dbt_comment_literal_block$;
  
    
    
    comment on column "silver"."bodega"."invoice_items".description_clean is $dbt_comment_literal_block$description_raw trimmed and uppercased. The product key.$dbt_comment_literal_block$;
  
    
    
    comment on column "silver"."bodega"."invoice_items".quantity is $dbt_comment_literal_block$Units for EA lines, kilograms for KG lines.$dbt_comment_literal_block$;
  
    
    
    comment on column "silver"."bodega"."invoice_items".unit is $dbt_comment_literal_block$KG for weighted lines, EA otherwise. Derived from quantity.$dbt_comment_literal_block$;
  
    
    
    comment on column "silver"."bodega"."invoice_items".unit_price is $dbt_comment_literal_block$Per-unit price as printed. Do NOT average this for a price metric — avg(unit_price) and sum(total)/sum(quantity) differ by 5.2% on this data. See ../../../semantic/PHASE0.md.
$dbt_comment_literal_block$;
  
    
    
    comment on column "silver"."bodega"."invoice_items".total_amount is $dbt_comment_literal_block$Line total, VAT included.$dbt_comment_literal_block$;
  

  
[0m17:01:23.824234 [debug] [Thread-3 (]: Using duckdb connection "model.bodega.invoices"
[0m17:01:23.825304 [debug] [Thread-4 (]: Using duckdb connection "model.bodega.stores"
[0m17:01:23.825818 [debug] [Thread-3 (]: On model.bodega.invoices: /* {"app": "dbt", "dbt_version": "1.12.3", "profile_name": "bodega", "target_name": "local", "node_id": "model.bodega.invoices"} */

    
  
  
    
    
    comment on column "silver"."bodega"."invoices".invoice_number is $dbt_comment_literal_block$Natural primary key.$dbt_comment_literal_block$;
  
    
    
    comment on column "silver"."bodega"."invoices".invoice_datetime is $dbt_comment_literal_block$Purchase instant as parsed from the receipt.$dbt_comment_literal_block$;
  
    
    
    comment on column "silver"."bodega"."invoices".invoice_date is $dbt_comment_literal_block$Purchase date. The aggregation time dimension.$dbt_comment_literal_block$;
  
    
    
    comment on column "silver"."bodega"."invoices".invoice_year is $dbt_comment_literal_block$Calendar year of invoice_date.$dbt_comment_literal_block$;
  
    
    
    comment on column "silver"."bodega"."invoices".invoice_month is $dbt_comment_literal_block$Calendar month of invoice_date, 1-12. Not a date - use invoice_date to aggregate.$dbt_comment_literal_block$;
  
    
    
    comment on column "silver"."bodega"."invoices".invoice_week is $dbt_comment_literal_block$ISO week number of invoice_date, 1-53. Not a date, and not comparable across years.$dbt_comment_literal_block$;
  
    
    
    comment on column "silver"."bodega"."invoices".operator_id is $dbt_comment_literal_block$Till operator on the receipt.$dbt_comment_literal_block$;
  
    
    
    comment on column "silver"."bodega"."invoices".store_vat_id is $dbt_comment_literal_block$Store VAT identifier. Joins to stores.store_id.$dbt_comment_literal_block$;
  
    
    
    comment on column "silver"."bodega"."invoices".store_name is $dbt_comment_literal_block$Store name, trimmed and uppercased.$dbt_comment_literal_block$;
  
    
    
    comment on column "silver"."bodega"."invoices".total_amount is $dbt_comment_literal_block$Receipt total, VAT included.$dbt_comment_literal_block$;
  
    
    
    comment on column "silver"."bodega"."invoices".total_tax_amount is $dbt_comment_literal_block$VAT summed from the receipt's own tax breakdown.$dbt_comment_literal_block$;
  
    
    
    comment on column "silver"."bodega"."invoices".total_base_amount is $dbt_comment_literal_block$Pre-VAT base summed from the receipt's tax breakdown.$dbt_comment_literal_block$;
  
    
    
    comment on column "silver"."bodega"."invoices".payment_method is $dbt_comment_literal_block$Payment method as printed on the receipt. TARJETA BANCARIA only, so far.$dbt_comment_literal_block$;
  
    
    
    comment on column "silver"."bodega"."invoices".card_type is $dbt_comment_literal_block$Card brand as printed. DEBIT MASTERCARD only, so far.$dbt_comment_literal_block$;
  
    
    
    comment on column "silver"."bodega"."invoices".card_number_masked is $dbt_comment_literal_block$Card number with all but the last digits masked, as printed on the receipt.$dbt_comment_literal_block$;
  
    
    
    comment on column "silver"."bodega"."invoices".supermarket is $dbt_comment_literal_block$Retail brand. MERCADONA only, so far.$dbt_comment_literal_block$;
  
    
    
    comment on column "silver"."bodega"."invoices".item_count is $dbt_comment_literal_block$Number of line items on the receipt.$dbt_comment_literal_block$;
  
    
    
    comment on column "silver"."bodega"."invoices"._ingested_at is $dbt_comment_literal_block$Ingest timestamp written by the dlt pipeline. Pipeline metadata, not receipt data.$dbt_comment_literal_block$;
  

  
[0m17:01:23.826192 [debug] [Thread-4 (]: On model.bodega.stores: /* {"app": "dbt", "dbt_version": "1.12.3", "profile_name": "bodega", "target_name": "local", "node_id": "model.bodega.stores"} */

    
  
  
    
    
    comment on column "silver"."bodega"."stores".store_id is $dbt_comment_literal_block$Store VAT identifier. The dimension key; joins to invoices.store_vat_id.$dbt_comment_literal_block$;
  

  
[0m17:01:23.826453 [debug] [Thread-2 (]: SQL status: OK in 0.002 seconds
[0m17:01:23.827393 [debug] [Thread-2 (]: On model.bodega.invoice_taxes: COMMIT
[0m17:01:23.827653 [debug] [Thread-4 (]: SQL status: OK in 0.001 seconds
[0m17:01:23.827905 [debug] [Thread-2 (]: Using duckdb connection "model.bodega.invoice_taxes"
[0m17:01:23.828577 [debug] [Thread-4 (]: On model.bodega.stores: COMMIT
[0m17:01:23.828775 [debug] [Thread-2 (]: On model.bodega.invoice_taxes: COMMIT
[0m17:01:23.828982 [debug] [Thread-4 (]: Using duckdb connection "model.bodega.stores"
[0m17:01:23.829305 [debug] [Thread-4 (]: On model.bodega.stores: COMMIT
[0m17:01:23.829658 [debug] [Thread-2 (]: SQL status: OK in 0.000 seconds
[0m17:01:23.832148 [debug] [Thread-2 (]: Using duckdb connection "model.bodega.invoice_taxes"
[0m17:01:23.832392 [debug] [Thread-2 (]: On model.bodega.invoice_taxes: /* {"app": "dbt", "dbt_version": "1.12.3", "profile_name": "bodega", "target_name": "local", "node_id": "model.bodega.invoice_taxes"} */

      drop table if exists "silver"."bodega"."invoice_taxes__dbt_backup" cascade
    
[0m17:01:23.832696 [debug] [Thread-4 (]: SQL status: OK in 0.003 seconds
[0m17:01:23.833755 [debug] [Thread-4 (]: Using duckdb connection "model.bodega.stores"
[0m17:01:23.834097 [debug] [Thread-4 (]: On model.bodega.stores: /* {"app": "dbt", "dbt_version": "1.12.3", "profile_name": "bodega", "target_name": "local", "node_id": "model.bodega.stores"} */

      drop table if exists "silver"."bodega"."stores__dbt_backup" cascade
    
[0m17:01:23.834411 [debug] [Thread-2 (]: SQL status: OK in 0.002 seconds
[0m17:01:23.834650 [debug] [Thread-1 (]: SQL status: OK in 0.009 seconds
[0m17:01:23.836030 [debug] [Thread-2 (]: On model.bodega.invoice_taxes: Close
[0m17:01:23.836230 [debug] [Thread-4 (]: SQL status: OK in 0.002 seconds
[0m17:01:23.836813 [debug] [Thread-1 (]: On model.bodega.invoice_items: COMMIT
[0m17:01:23.838185 [debug] [Thread-4 (]: On model.bodega.stores: Close
[0m17:01:23.838484 [debug] [Thread-1 (]: Using duckdb connection "model.bodega.invoice_items"
[0m17:01:23.838848 [debug] [Thread-1 (]: On model.bodega.invoice_items: COMMIT
[0m17:01:23.839375 [debug] [Thread-2 (]: Sending event: {'category': 'dbt', 'action': 'run_model', 'label': 'b95d83d5-0973-4bb2-8f9f-476c5aa43557', 'context': [<snowplow_tracker.self_describing_json.SelfDescribingJson object at 0x10af925d0>]}
[0m17:01:23.839773 [info ] [Thread-2 (]: 2 of 12 OK created sql table model silver.bodega.invoice_taxes ................. [[32mOK[0m in 0.12s]
[0m17:01:23.840080 [debug] [Thread-2 (]: Finished running node model.bodega.invoice_taxes
[0m17:01:23.840372 [debug] [Thread-1 (]: SQL status: OK in 0.001 seconds
[0m17:01:23.841243 [debug] [Thread-1 (]: Using duckdb connection "model.bodega.invoice_items"
[0m17:01:23.841464 [debug] [Thread-3 (]: SQL status: OK in 0.015 seconds
[0m17:01:23.841663 [debug] [Thread-4 (]: Sending event: {'category': 'dbt', 'action': 'run_model', 'label': 'b95d83d5-0973-4bb2-8f9f-476c5aa43557', 'context': [<snowplow_tracker.self_describing_json.SelfDescribingJson object at 0x10b464100>]}
[0m17:01:23.841938 [debug] [Thread-1 (]: On model.bodega.invoice_items: /* {"app": "dbt", "dbt_version": "1.12.3", "profile_name": "bodega", "target_name": "local", "node_id": "model.bodega.invoice_items"} */

      drop table if exists "silver"."bodega"."invoice_items__dbt_backup" cascade
    
[0m17:01:23.842152 [debug] [Thread-2 (]: Began running node test.bodega.not_null_invoice_taxes_invoice_number.eaa6223ed8
[0m17:01:23.842800 [debug] [Thread-3 (]: On model.bodega.invoices: COMMIT
[0m17:01:23.843134 [info ] [Thread-4 (]: 4 of 12 OK created sql table model silver.bodega.stores ........................ [[32mOK[0m in 0.12s]
[0m17:01:23.843423 [info ] [Thread-2 (]: 5 of 12 START test not_null_invoice_taxes_invoice_number ....................... [RUN]
[0m17:01:23.843618 [debug] [Thread-1 (]: SQL status: OK in 0.000 seconds
[0m17:01:23.843817 [debug] [Thread-3 (]: Using duckdb connection "model.bodega.invoices"
[0m17:01:23.844077 [debug] [Thread-4 (]: Finished running node model.bodega.stores
[0m17:01:23.844309 [debug] [Thread-2 (]: Re-using an available connection from the pool (formerly model.bodega.invoice_taxes, now test.bodega.not_null_invoice_taxes_invoice_number.eaa6223ed8)
[0m17:01:23.844949 [debug] [Thread-1 (]: On model.bodega.invoice_items: Close
[0m17:01:23.845138 [debug] [Thread-3 (]: On model.bodega.invoices: COMMIT
[0m17:01:23.845352 [debug] [Thread-4 (]: Began running node test.bodega.not_null_invoice_taxes_tax_rate.c53c617772
[0m17:01:23.845574 [debug] [Thread-2 (]: Began compiling node test.bodega.not_null_invoice_taxes_invoice_number.eaa6223ed8
[0m17:01:23.845882 [debug] [Thread-1 (]: Sending event: {'category': 'dbt', 'action': 'run_model', 'label': 'b95d83d5-0973-4bb2-8f9f-476c5aa43557', 'context': [<snowplow_tracker.self_describing_json.SelfDescribingJson object at 0x10b3e9b30>]}
[0m17:01:23.846108 [info ] [Thread-4 (]: 6 of 12 START test not_null_invoice_taxes_tax_rate ............................. [RUN]
[0m17:01:23.853295 [debug] [Thread-2 (]: Writing injected SQL for node "test.bodega.not_null_invoice_taxes_invoice_number.eaa6223ed8"
[0m17:01:23.853609 [debug] [Thread-3 (]: SQL status: OK in 0.008 seconds
[0m17:01:23.853983 [info ] [Thread-1 (]: 1 of 12 OK created sql table model silver.bodega.invoice_items ................. [[32mOK[0m in 0.13s]
[0m17:01:23.854258 [debug] [Thread-4 (]: Re-using an available connection from the pool (formerly model.bodega.stores, now test.bodega.not_null_invoice_taxes_tax_rate.c53c617772)
[0m17:01:23.855054 [debug] [Thread-3 (]: Using duckdb connection "model.bodega.invoices"
[0m17:01:23.855340 [debug] [Thread-1 (]: Finished running node model.bodega.invoice_items
[0m17:01:23.855547 [debug] [Thread-4 (]: Began compiling node test.bodega.not_null_invoice_taxes_tax_rate.c53c617772
[0m17:01:23.855767 [debug] [Thread-3 (]: On model.bodega.invoices: /* {"app": "dbt", "dbt_version": "1.12.3", "profile_name": "bodega", "target_name": "local", "node_id": "model.bodega.invoices"} */

      drop table if exists "silver"."bodega"."invoices__dbt_backup" cascade
    
[0m17:01:23.855984 [debug] [Thread-1 (]: Began running node test.bodega.not_null_stores_store_id.547272002d
[0m17:01:23.856170 [debug] [Thread-2 (]: Began executing node test.bodega.not_null_invoice_taxes_invoice_number.eaa6223ed8
[0m17:01:23.859645 [debug] [Thread-4 (]: Writing injected SQL for node "test.bodega.not_null_invoice_taxes_tax_rate.c53c617772"
[0m17:01:23.868424 [debug] [Thread-2 (]: Writing runtime sql for node "test.bodega.not_null_invoice_taxes_invoice_number.eaa6223ed8"
[0m17:01:23.868654 [debug] [Thread-3 (]: SQL status: OK in 0.009 seconds
[0m17:01:23.860076 [info ] [Thread-1 (]: 7 of 12 START test not_null_stores_store_id .................................... [RUN]
[0m17:01:23.869619 [debug] [Thread-3 (]: On model.bodega.invoices: Close
[0m17:01:23.869885 [debug] [Thread-1 (]: Re-using an available connection from the pool (formerly model.bodega.invoice_items, now test.bodega.not_null_stores_store_id.547272002d)
[0m17:01:23.870263 [debug] [Thread-1 (]: Began compiling node test.bodega.not_null_stores_store_id.547272002d
[0m17:01:23.873400 [debug] [Thread-1 (]: Writing injected SQL for node "test.bodega.not_null_stores_store_id.547272002d"
[0m17:01:23.873770 [debug] [Thread-3 (]: Sending event: {'category': 'dbt', 'action': 'run_model', 'label': 'b95d83d5-0973-4bb2-8f9f-476c5aa43557', 'context': [<snowplow_tracker.self_describing_json.SelfDescribingJson object at 0x10b474f50>]}
[0m17:01:23.874277 [debug] [Thread-2 (]: Using duckdb connection "test.bodega.not_null_invoice_taxes_invoice_number.eaa6223ed8"
[0m17:01:23.874094 [info ] [Thread-3 (]: 3 of 12 OK created sql table model silver.bodega.invoices ...................... [[32mOK[0m in 0.15s]
[0m17:01:23.874533 [debug] [Thread-4 (]: Began executing node test.bodega.not_null_invoice_taxes_tax_rate.c53c617772
[0m17:01:23.874715 [debug] [Thread-2 (]: On test.bodega.not_null_invoice_taxes_invoice_number.eaa6223ed8: BEGIN
[0m17:01:23.875007 [debug] [Thread-3 (]: Finished running node model.bodega.invoices
[0m17:01:23.875838 [debug] [Thread-4 (]: Writing runtime sql for node "test.bodega.not_null_invoice_taxes_tax_rate.c53c617772"
[0m17:01:23.876047 [debug] [Thread-2 (]: Opening a new connection, currently in state closed
[0m17:01:23.876238 [debug] [Thread-1 (]: Began executing node test.bodega.not_null_stores_store_id.547272002d
[0m17:01:23.876479 [debug] [Thread-3 (]: Began running node test.bodega.unique_stores_store_id.e26ff2d91e
[0m17:01:23.877420 [debug] [Thread-1 (]: Writing runtime sql for node "test.bodega.not_null_stores_store_id.547272002d"
[0m17:01:23.877850 [debug] [Thread-2 (]: SQL status: OK in 0.002 seconds
[0m17:01:23.877680 [info ] [Thread-3 (]: 8 of 12 START test unique_stores_store_id ...................................... [RUN]
[0m17:01:23.878134 [debug] [Thread-2 (]: Using duckdb connection "test.bodega.not_null_invoice_taxes_invoice_number.eaa6223ed8"
[0m17:01:23.878485 [debug] [Thread-3 (]: Re-using an available connection from the pool (formerly model.bodega.invoices, now test.bodega.unique_stores_store_id.e26ff2d91e)
[0m17:01:23.878715 [debug] [Thread-2 (]: On test.bodega.not_null_invoice_taxes_invoice_number.eaa6223ed8: /* {"app": "dbt", "dbt_version": "1.12.3", "profile_name": "bodega", "target_name": "local", "node_id": "test.bodega.not_null_invoice_taxes_invoice_number.eaa6223ed8"} */

    
    select
      count(*) as failures,
      count(*) != 0 as should_warn,
      count(*) != 0 as should_error
    from (
      
    
  
    
    



select invoice_number
from "silver"."bodega"."invoice_taxes"
where invoice_number is null



  
  
      
    ) dbt_internal_test
[0m17:01:23.878935 [debug] [Thread-4 (]: Using duckdb connection "test.bodega.not_null_invoice_taxes_tax_rate.c53c617772"
[0m17:01:23.879124 [debug] [Thread-3 (]: Began compiling node test.bodega.unique_stores_store_id.e26ff2d91e
[0m17:01:23.879317 [debug] [Thread-1 (]: Using duckdb connection "test.bodega.not_null_stores_store_id.547272002d"
[0m17:01:23.879574 [debug] [Thread-4 (]: On test.bodega.not_null_invoice_taxes_tax_rate.c53c617772: BEGIN
[0m17:01:23.884107 [debug] [Thread-3 (]: Writing injected SQL for node "test.bodega.unique_stores_store_id.e26ff2d91e"
[0m17:01:23.884341 [debug] [Thread-1 (]: On test.bodega.not_null_stores_store_id.547272002d: BEGIN
[0m17:01:23.884527 [debug] [Thread-2 (]: SQL status: OK in 0.005 seconds
[0m17:01:23.884717 [debug] [Thread-4 (]: Opening a new connection, currently in state closed
[0m17:01:23.884928 [debug] [Thread-1 (]: Opening a new connection, currently in state closed
[0m17:01:23.886889 [debug] [Thread-2 (]: On test.bodega.not_null_invoice_taxes_invoice_number.eaa6223ed8: ROLLBACK
[0m17:01:23.887271 [debug] [Thread-1 (]: SQL status: OK in 0.002 seconds
[0m17:01:23.887525 [debug] [Thread-4 (]: SQL status: OK in 0.003 seconds
[0m17:01:23.887773 [debug] [Thread-1 (]: Using duckdb connection "test.bodega.not_null_stores_store_id.547272002d"
[0m17:01:23.887956 [debug] [Thread-2 (]: On test.bodega.not_null_invoice_taxes_invoice_number.eaa6223ed8: Close
[0m17:01:23.888162 [debug] [Thread-4 (]: Using duckdb connection "test.bodega.not_null_invoice_taxes_tax_rate.c53c617772"
[0m17:01:23.888353 [debug] [Thread-3 (]: Began executing node test.bodega.unique_stores_store_id.e26ff2d91e
[0m17:01:23.888542 [debug] [Thread-1 (]: On test.bodega.not_null_stores_store_id.547272002d: /* {"app": "dbt", "dbt_version": "1.12.3", "profile_name": "bodega", "target_name": "local", "node_id": "test.bodega.not_null_stores_store_id.547272002d"} */

    
    select
      count(*) as failures,
      count(*) != 0 as should_warn,
      count(*) != 0 as should_error
    from (
      
    
  
    
    



select store_id
from "silver"."bodega"."stores"
where store_id is null



  
  
      
    ) dbt_internal_test
[0m17:01:23.888885 [info ] [Thread-2 (]: 5 of 12 PASS not_null_invoice_taxes_invoice_number ............................. [[32mPASS[0m in 0.04s]
[0m17:01:23.889105 [debug] [Thread-4 (]: On test.bodega.not_null_invoice_taxes_tax_rate.c53c617772: /* {"app": "dbt", "dbt_version": "1.12.3", "profile_name": "bodega", "target_name": "local", "node_id": "test.bodega.not_null_invoice_taxes_tax_rate.c53c617772"} */

    
    select
      count(*) as failures,
      count(*) != 0 as should_warn,
      count(*) != 0 as should_error
    from (
      
    
  
    
    



select tax_rate
from "silver"."bodega"."invoice_taxes"
where tax_rate is null



  
  
      
    ) dbt_internal_test
[0m17:01:23.889886 [debug] [Thread-3 (]: Writing runtime sql for node "test.bodega.unique_stores_store_id.e26ff2d91e"
[0m17:01:23.890242 [debug] [Thread-2 (]: Finished running node test.bodega.not_null_invoice_taxes_invoice_number.eaa6223ed8
[0m17:01:23.890486 [debug] [Thread-1 (]: SQL status: OK in 0.000 seconds
[0m17:01:23.890729 [debug] [Thread-4 (]: SQL status: OK in 0.000 seconds
[0m17:01:23.890975 [debug] [Thread-2 (]: Began running node test.bodega.not_null_invoice_items_invoice_number.5077b52dca
[0m17:01:23.891879 [debug] [Thread-1 (]: On test.bodega.not_null_stores_store_id.547272002d: ROLLBACK
[0m17:01:23.892555 [debug] [Thread-4 (]: On test.bodega.not_null_invoice_taxes_tax_rate.c53c617772: ROLLBACK
[0m17:01:23.892771 [debug] [Thread-3 (]: Using duckdb connection "test.bodega.unique_stores_store_id.e26ff2d91e"
[0m17:01:23.892998 [info ] [Thread-2 (]: 9 of 12 START test not_null_invoice_items_invoice_number ....................... [RUN]
[0m17:01:23.893297 [debug] [Thread-3 (]: On test.bodega.unique_stores_store_id.e26ff2d91e: BEGIN
[0m17:01:23.893488 [debug] [Thread-1 (]: On test.bodega.not_null_stores_store_id.547272002d: Close
[0m17:01:23.893702 [debug] [Thread-2 (]: Re-using an available connection from the pool (formerly test.bodega.not_null_invoice_taxes_invoice_number.eaa6223ed8, now test.bodega.not_null_invoice_items_invoice_number.5077b52dca)
[0m17:01:23.893876 [debug] [Thread-4 (]: On test.bodega.not_null_invoice_taxes_tax_rate.c53c617772: Close
[0m17:01:23.894030 [debug] [Thread-3 (]: Opening a new connection, currently in state closed
[0m17:01:23.894439 [debug] [Thread-2 (]: Began compiling node test.bodega.not_null_invoice_items_invoice_number.5077b52dca
[0m17:01:23.894302 [info ] [Thread-1 (]: 7 of 12 PASS not_null_stores_store_id .......................................... [[32mPASS[0m in 0.02s]
[0m17:01:23.894800 [info ] [Thread-4 (]: 6 of 12 PASS not_null_invoice_taxes_tax_rate ................................... [[32mPASS[0m in 0.04s]
[0m17:01:23.897870 [debug] [Thread-2 (]: Writing injected SQL for node "test.bodega.not_null_invoice_items_invoice_number.5077b52dca"
[0m17:01:23.898106 [debug] [Thread-3 (]: SQL status: OK in 0.004 seconds
[0m17:01:23.898360 [debug] [Thread-1 (]: Finished running node test.bodega.not_null_stores_store_id.547272002d
[0m17:01:23.898610 [debug] [Thread-4 (]: Finished running node test.bodega.not_null_invoice_taxes_tax_rate.c53c617772
[0m17:01:23.898823 [debug] [Thread-3 (]: Using duckdb connection "test.bodega.unique_stores_store_id.e26ff2d91e"
[0m17:01:23.899039 [debug] [Thread-1 (]: Began running node test.bodega.not_null_invoice_items_item_position.4c35b37ffa
[0m17:01:23.899288 [debug] [Thread-4 (]: Began running node test.bodega.not_null_invoices_invoice_number.7e145b2d89
[0m17:01:23.899546 [debug] [Thread-3 (]: On test.bodega.unique_stores_store_id.e26ff2d91e: /* {"app": "dbt", "dbt_version": "1.12.3", "profile_name": "bodega", "target_name": "local", "node_id": "test.bodega.unique_stores_store_id.e26ff2d91e"} */

    
    select
      count(*) as failures,
      count(*) != 0 as should_warn,
      count(*) != 0 as should_error
    from (
      
    
  
    
    

select
    store_id as unique_field,
    count(*) as n_records

from "silver"."bodega"."stores"
where store_id is not null
group by store_id
having count(*) > 1



  
  
      
    ) dbt_internal_test
[0m17:01:23.899746 [info ] [Thread-1 (]: 10 of 12 START test not_null_invoice_items_item_position ....................... [RUN]
[0m17:01:23.899957 [info ] [Thread-4 (]: 11 of 12 START test not_null_invoices_invoice_number ........................... [RUN]
[0m17:01:23.900169 [debug] [Thread-2 (]: Began executing node test.bodega.not_null_invoice_items_invoice_number.5077b52dca
[0m17:01:23.900528 [debug] [Thread-1 (]: Re-using an available connection from the pool (formerly test.bodega.not_null_stores_store_id.547272002d, now test.bodega.not_null_invoice_items_item_position.4c35b37ffa)
[0m17:01:23.900791 [debug] [Thread-4 (]: Re-using an available connection from the pool (formerly test.bodega.not_null_invoice_taxes_tax_rate.c53c617772, now test.bodega.not_null_invoices_invoice_number.7e145b2d89)
[0m17:01:23.901550 [debug] [Thread-2 (]: Writing runtime sql for node "test.bodega.not_null_invoice_items_invoice_number.5077b52dca"
[0m17:01:23.901777 [debug] [Thread-3 (]: SQL status: OK in 0.001 seconds
[0m17:01:23.901990 [debug] [Thread-1 (]: Began compiling node test.bodega.not_null_invoice_items_item_position.4c35b37ffa
[0m17:01:23.902210 [debug] [Thread-4 (]: Began compiling node test.bodega.not_null_invoices_invoice_number.7e145b2d89
[0m17:01:23.905652 [debug] [Thread-1 (]: Writing injected SQL for node "test.bodega.not_null_invoice_items_item_position.4c35b37ffa"
[0m17:01:23.906485 [debug] [Thread-3 (]: On test.bodega.unique_stores_store_id.e26ff2d91e: ROLLBACK
[0m17:01:23.910283 [debug] [Thread-4 (]: Writing injected SQL for node "test.bodega.not_null_invoices_invoice_number.7e145b2d89"
[0m17:01:23.910910 [debug] [Thread-2 (]: Using duckdb connection "test.bodega.not_null_invoice_items_invoice_number.5077b52dca"
[0m17:01:23.911247 [debug] [Thread-3 (]: On test.bodega.unique_stores_store_id.e26ff2d91e: Close
[0m17:01:23.911619 [debug] [Thread-2 (]: On test.bodega.not_null_invoice_items_invoice_number.5077b52dca: BEGIN
[0m17:01:23.912069 [debug] [Thread-1 (]: Began executing node test.bodega.not_null_invoice_items_item_position.4c35b37ffa
[0m17:01:23.913039 [debug] [Thread-4 (]: Began executing node test.bodega.not_null_invoices_invoice_number.7e145b2d89
[0m17:01:23.912824 [info ] [Thread-3 (]: 8 of 12 PASS unique_stores_store_id ............................................ [[32mPASS[0m in 0.03s]
[0m17:01:23.913387 [debug] [Thread-2 (]: Opening a new connection, currently in state closed
[0m17:01:23.914368 [debug] [Thread-1 (]: Writing runtime sql for node "test.bodega.not_null_invoice_items_item_position.4c35b37ffa"
[0m17:01:23.915363 [debug] [Thread-4 (]: Writing runtime sql for node "test.bodega.not_null_invoices_invoice_number.7e145b2d89"
[0m17:01:23.915694 [debug] [Thread-3 (]: Finished running node test.bodega.unique_stores_store_id.e26ff2d91e
[0m17:01:23.916202 [debug] [Thread-3 (]: Began running node test.bodega.unique_invoices_invoice_number.653cfe1331
[0m17:01:23.916639 [debug] [Thread-2 (]: SQL status: OK in 0.003 seconds
[0m17:01:23.916873 [debug] [Thread-2 (]: Using duckdb connection "test.bodega.not_null_invoice_items_invoice_number.5077b52dca"
[0m17:01:23.916462 [info ] [Thread-3 (]: 12 of 12 START test unique_invoices_invoice_number ............................. [RUN]
[0m17:01:23.917235 [debug] [Thread-2 (]: On test.bodega.not_null_invoice_items_invoice_number.5077b52dca: /* {"app": "dbt", "dbt_version": "1.12.3", "profile_name": "bodega", "target_name": "local", "node_id": "test.bodega.not_null_invoice_items_invoice_number.5077b52dca"} */

    
    select
      count(*) as failures,
      count(*) != 0 as should_warn,
      count(*) != 0 as should_error
    from (
      
    
  
    
    



select invoice_number
from "silver"."bodega"."invoice_items"
where invoice_number is null



  
  
      
    ) dbt_internal_test
[0m17:01:23.917480 [debug] [Thread-1 (]: Using duckdb connection "test.bodega.not_null_invoice_items_item_position.4c35b37ffa"
[0m17:01:23.917697 [debug] [Thread-4 (]: Using duckdb connection "test.bodega.not_null_invoices_invoice_number.7e145b2d89"
[0m17:01:23.917932 [debug] [Thread-3 (]: Re-using an available connection from the pool (formerly test.bodega.unique_stores_store_id.e26ff2d91e, now test.bodega.unique_invoices_invoice_number.653cfe1331)
[0m17:01:23.918217 [debug] [Thread-1 (]: On test.bodega.not_null_invoice_items_item_position.4c35b37ffa: BEGIN
[0m17:01:23.918405 [debug] [Thread-4 (]: On test.bodega.not_null_invoices_invoice_number.7e145b2d89: BEGIN
[0m17:01:23.918600 [debug] [Thread-3 (]: Began compiling node test.bodega.unique_invoices_invoice_number.653cfe1331
[0m17:01:23.918783 [debug] [Thread-2 (]: SQL status: OK in 0.001 seconds
[0m17:01:23.918951 [debug] [Thread-1 (]: Opening a new connection, currently in state closed
[0m17:01:23.919135 [debug] [Thread-4 (]: Opening a new connection, currently in state closed
[0m17:01:23.924006 [debug] [Thread-3 (]: Writing injected SQL for node "test.bodega.unique_invoices_invoice_number.653cfe1331"
[0m17:01:23.924951 [debug] [Thread-2 (]: On test.bodega.not_null_invoice_items_invoice_number.5077b52dca: ROLLBACK
[0m17:01:23.925268 [debug] [Thread-1 (]: SQL status: OK in 0.006 seconds
[0m17:01:23.925565 [debug] [Thread-4 (]: SQL status: OK in 0.006 seconds
[0m17:01:23.925815 [debug] [Thread-1 (]: Using duckdb connection "test.bodega.not_null_invoice_items_item_position.4c35b37ffa"
[0m17:01:23.926046 [debug] [Thread-4 (]: Using duckdb connection "test.bodega.not_null_invoices_invoice_number.7e145b2d89"
[0m17:01:23.926252 [debug] [Thread-2 (]: On test.bodega.not_null_invoice_items_invoice_number.5077b52dca: Close
[0m17:01:23.926503 [debug] [Thread-1 (]: On test.bodega.not_null_invoice_items_item_position.4c35b37ffa: /* {"app": "dbt", "dbt_version": "1.12.3", "profile_name": "bodega", "target_name": "local", "node_id": "test.bodega.not_null_invoice_items_item_position.4c35b37ffa"} */

    
    select
      count(*) as failures,
      count(*) != 0 as should_warn,
      count(*) != 0 as should_error
    from (
      
    
  
    
    



select item_position
from "silver"."bodega"."invoice_items"
where item_position is null



  
  
      
    ) dbt_internal_test
[0m17:01:23.926706 [debug] [Thread-3 (]: Began executing node test.bodega.unique_invoices_invoice_number.653cfe1331
[0m17:01:23.926900 [debug] [Thread-4 (]: On test.bodega.not_null_invoices_invoice_number.7e145b2d89: /* {"app": "dbt", "dbt_version": "1.12.3", "profile_name": "bodega", "target_name": "local", "node_id": "test.bodega.not_null_invoices_invoice_number.7e145b2d89"} */

    
    select
      count(*) as failures,
      count(*) != 0 as should_warn,
      count(*) != 0 as should_error
    from (
      
    
  
    
    



select invoice_number
from "silver"."bodega"."invoices"
where invoice_number is null



  
  
      
    ) dbt_internal_test
[0m17:01:23.927213 [info ] [Thread-2 (]: 9 of 12 PASS not_null_invoice_items_invoice_number ............................. [[32mPASS[0m in 0.03s]
[0m17:01:23.928092 [debug] [Thread-3 (]: Writing runtime sql for node "test.bodega.unique_invoices_invoice_number.653cfe1331"
[0m17:01:23.928422 [debug] [Thread-2 (]: Finished running node test.bodega.not_null_invoice_items_invoice_number.5077b52dca
[0m17:01:23.928599 [debug] [Thread-1 (]: SQL status: OK in 0.001 seconds
[0m17:01:23.928815 [debug] [Thread-4 (]: SQL status: OK in 0.001 seconds
[0m17:01:23.929638 [debug] [Thread-1 (]: On test.bodega.not_null_invoice_items_item_position.4c35b37ffa: ROLLBACK
[0m17:01:23.930339 [debug] [Thread-4 (]: On test.bodega.not_null_invoices_invoice_number.7e145b2d89: ROLLBACK
[0m17:01:23.930584 [debug] [Thread-3 (]: Using duckdb connection "test.bodega.unique_invoices_invoice_number.653cfe1331"
[0m17:01:23.930766 [debug] [Thread-3 (]: On test.bodega.unique_invoices_invoice_number.653cfe1331: BEGIN
[0m17:01:23.930937 [debug] [Thread-1 (]: On test.bodega.not_null_invoice_items_item_position.4c35b37ffa: Close
[0m17:01:23.931100 [debug] [Thread-4 (]: On test.bodega.not_null_invoices_invoice_number.7e145b2d89: Close
[0m17:01:23.931255 [debug] [Thread-3 (]: Opening a new connection, currently in state closed
[0m17:01:23.931531 [info ] [Thread-1 (]: 10 of 12 PASS not_null_invoice_items_item_position ............................. [[32mPASS[0m in 0.03s]
[0m17:01:23.932100 [debug] [Thread-1 (]: Finished running node test.bodega.not_null_invoice_items_item_position.4c35b37ffa
[0m17:01:23.931774 [info ] [Thread-4 (]: 11 of 12 PASS not_null_invoices_invoice_number ................................. [[32mPASS[0m in 0.03s]
[0m17:01:23.932359 [debug] [Thread-3 (]: SQL status: OK in 0.001 seconds
[0m17:01:23.932595 [debug] [Thread-4 (]: Finished running node test.bodega.not_null_invoices_invoice_number.7e145b2d89
[0m17:01:23.932767 [debug] [Thread-3 (]: Using duckdb connection "test.bodega.unique_invoices_invoice_number.653cfe1331"
[0m17:01:23.932986 [debug] [Thread-3 (]: On test.bodega.unique_invoices_invoice_number.653cfe1331: /* {"app": "dbt", "dbt_version": "1.12.3", "profile_name": "bodega", "target_name": "local", "node_id": "test.bodega.unique_invoices_invoice_number.653cfe1331"} */

    
    select
      count(*) as failures,
      count(*) != 0 as should_warn,
      count(*) != 0 as should_error
    from (
      
    
  
    
    

select
    invoice_number as unique_field,
    count(*) as n_records

from "silver"."bodega"."invoices"
where invoice_number is not null
group by invoice_number
having count(*) > 1



  
  
      
    ) dbt_internal_test
[0m17:01:23.933724 [debug] [Thread-3 (]: SQL status: OK in 0.001 seconds
[0m17:01:23.934435 [debug] [Thread-3 (]: On test.bodega.unique_invoices_invoice_number.653cfe1331: ROLLBACK
[0m17:01:23.934695 [debug] [Thread-3 (]: On test.bodega.unique_invoices_invoice_number.653cfe1331: Close
[0m17:01:23.934976 [info ] [Thread-3 (]: 12 of 12 PASS unique_invoices_invoice_number ................................... [[32mPASS[0m in 0.02s]
[0m17:01:23.935231 [debug] [Thread-3 (]: Finished running node test.bodega.unique_invoices_invoice_number.653cfe1331
[0m17:01:23.935932 [debug] [MainThread]: Using duckdb connection "master"
[0m17:01:23.936094 [debug] [MainThread]: On master: BEGIN
[0m17:01:23.936227 [debug] [MainThread]: Opening a new connection, currently in state closed
[0m17:01:23.936461 [debug] [MainThread]: SQL status: OK in 0.000 seconds
[0m17:01:23.936602 [debug] [MainThread]: On master: COMMIT
[0m17:01:23.936741 [debug] [MainThread]: Using duckdb connection "master"
[0m17:01:23.936867 [debug] [MainThread]: On master: COMMIT
[0m17:01:23.937060 [debug] [MainThread]: SQL status: OK in 0.000 seconds
[0m17:01:23.937203 [debug] [MainThread]: On master: Close
[0m17:01:23.937388 [debug] [MainThread]: Connection 'master' was properly closed.
[0m17:01:23.937524 [debug] [MainThread]: Connection 'test.bodega.not_null_invoice_items_item_position.4c35b37ffa' was properly closed.
[0m17:01:23.937649 [debug] [MainThread]: Connection 'test.bodega.not_null_invoice_items_invoice_number.5077b52dca' was properly closed.
[0m17:01:23.937771 [debug] [MainThread]: Connection 'test.bodega.not_null_invoices_invoice_number.7e145b2d89' was properly closed.
[0m17:01:23.937893 [debug] [MainThread]: Connection 'test.bodega.unique_invoices_invoice_number.653cfe1331' was properly closed.
[0m17:01:23.938062 [info ] [MainThread]: 
[0m17:01:23.938223 [info ] [MainThread]: Finished running 4 table models, 8 data tests in 0 hours 0 minutes and 0.32 seconds (0.32s).
[0m17:01:23.939100 [debug] [MainThread]: Command end result
[0m17:01:23.959066 [debug] [MainThread]: Wrote artifact WritableManifest to /Users/alvarosantosandres/personal/datahub-local-ai/workflows/dbt/projects/bodega/target/manifest.json
[0m17:01:23.960780 [debug] [MainThread]: Wrote artifact SemanticManifest to /Users/alvarosantosandres/personal/datahub-local-ai/workflows/dbt/projects/bodega/target/semantic_manifest.json
[0m17:01:23.962174 [debug] [MainThread]: Wrote artifact OsiDocument to /Users/alvarosantosandres/personal/datahub-local-ai/workflows/dbt/projects/bodega/target/osi_document.json
[0m17:01:23.965947 [debug] [MainThread]: Wrote artifact RunExecutionResult to /Users/alvarosantosandres/personal/datahub-local-ai/workflows/dbt/projects/bodega/target/run_results.json
[0m17:01:23.966133 [info ] [MainThread]: 
[0m17:01:23.966323 [info ] [MainThread]: [32mCompleted successfully[0m
[0m17:01:23.966479 [info ] [MainThread]: 
[0m17:01:23.966646 [info ] [MainThread]: Done. PASS=12 WARN=0 ERROR=0 SKIP=0 NO-OP=0 REUSED=0 TOTAL=12
[0m17:01:23.967073 [debug] [MainThread]: Resource report: {"command_name": "build", "command_success": true, "command_wall_clock_time": 1.8687692, "process_in_blocks": "0", "process_kernel_time": 0.376602, "process_mem_max_rss": "195624960", "process_out_blocks": "0", "process_user_time": 2.385836}
[0m17:01:23.967362 [debug] [MainThread]: Command `cli build` succeeded at 17:01:23.967319 after 1.87 seconds
[0m17:01:23.967555 [debug] [MainThread]: Sending event: {'category': 'dbt', 'action': 'invocation', 'label': 'end', 'context': [<snowplow_tracker.self_describing_json.SelfDescribingJson object at 0x10a2b87c0>, <snowplow_tracker.self_describing_json.SelfDescribingJson object at 0x109feac10>, <snowplow_tracker.self_describing_json.SelfDescribingJson object at 0x10a1e6f30>]}
[0m17:01:23.967748 [debug] [MainThread]: Flushing usage events
[0m17:01:24.542625 [debug] [MainThread]: An error was encountered while trying to flush usage events
[0m17:01:25.908391 [debug] [MainThread]: Sending event: {'category': 'dbt', 'action': 'invocation', 'label': 'start', 'context': [<snowplow_tracker.self_describing_json.SelfDescribingJson object at 0x108936270>, <snowplow_tracker.self_describing_json.SelfDescribingJson object at 0x109dcb890>, <snowplow_tracker.self_describing_json.SelfDescribingJson object at 0x109dcb9d0>]}


============================== 17:01:25.911487 | 1c24410f-c945-44d5-82ff-f681f8ce0778 ==============================
[0m17:01:25.911487 [info ] [MainThread]: Running with dbt=1.12.3
[0m17:01:25.911871 [debug] [MainThread]: running dbt with arguments {'invocation_command': 'dbt --project bodega --target local --select gold.* --full-refresh', 'warn_error_options': 'WarnErrorOptionsV2(error=[], warn=[], silence=[])', 'send_anonymous_usage_stats': 'True', 'fail_fast': 'False', 'log_path': '/Users/alvarosantosandres/personal/datahub-local-ai/workflows/dbt/projects/bodega/logs', 'empty': 'False', 'use_experimental_parser': 'False', 'static_parser': 'True', 'partial_parse': 'True', 'cache_selected_only': 'False', 'profiles_dir': '/Users/alvarosantosandres/personal/datahub-local-ai/workflows/dbt/projects/bodega', 'no_print': 'None', 'log_cache_events': 'False', 'debug': 'False', 'target_path': 'None', 'quiet': 'False', 'write_json': 'True', 'use_colors': 'True', 'printer_width': '80', 'version_check': 'True', 'introspect': 'True', 'hints_enabled': 'True', 'maximum_seed_size_mib': '1', 'indirect_selection': 'eager', 'warn_error': 'None', 'log_format': 'default'}
[0m17:01:26.059891 [debug] [MainThread]: Sending event: {'category': 'dbt', 'action': 'project_id', 'label': '1c24410f-c945-44d5-82ff-f681f8ce0778', 'context': [<snowplow_tracker.self_describing_json.SelfDescribingJson object at 0x108c72190>]}
[0m17:01:26.162637 [debug] [MainThread]: Sending event: {'category': 'dbt', 'action': 'adapter_info', 'label': '1c24410f-c945-44d5-82ff-f681f8ce0778', 'context': [<snowplow_tracker.self_describing_json.SelfDescribingJson object at 0x109d59370>]}
[0m17:01:26.164164 [info ] [MainThread]: Registered adapter: duckdb=1.11.0
[0m17:01:26.239606 [debug] [MainThread]: checksum: 59a249011856ecdb0c0125045551a53b65cd388a4d7d6d24b99b9f67da16e401, vars: {}, profile: bodega, target: local, version: 1.12.3
[0m17:01:26.322749 [debug] [MainThread]: Partial parsing enabled: 0 files deleted, 0 files added, 0 files changed.
[0m17:01:26.323029 [debug] [MainThread]: Nothing changed, skipping partial parsing.
[0m17:01:26.323197 [debug] [MainThread]: Partial parsing enabled, no changes found, skipping parsing
[0m17:01:26.329107 [debug] [MainThread]: Sending event: {'category': 'dbt', 'action': 'load_project', 'label': '1c24410f-c945-44d5-82ff-f681f8ce0778', 'context': [<snowplow_tracker.self_describing_json.SelfDescribingJson object at 0x10a393750>]}
[0m17:01:26.403827 [debug] [MainThread]: Wrote artifact WritableManifest to /Users/alvarosantosandres/personal/datahub-local-ai/workflows/dbt/projects/bodega/target/manifest.json
[0m17:01:26.406016 [debug] [MainThread]: Wrote artifact SemanticManifest to /Users/alvarosantosandres/personal/datahub-local-ai/workflows/dbt/projects/bodega/target/semantic_manifest.json
[0m17:01:26.413871 [debug] [MainThread]: Wrote artifact OsiDocument to /Users/alvarosantosandres/personal/datahub-local-ai/workflows/dbt/projects/bodega/target/osi_document.json
[0m17:01:26.429519 [debug] [MainThread]: Sending event: {'category': 'dbt', 'action': 'resource_counts', 'label': '1c24410f-c945-44d5-82ff-f681f8ce0778', 'context': [<snowplow_tracker.self_describing_json.SelfDescribingJson object at 0x10a61c230>]}
[0m17:01:26.429839 [info ] [MainThread]: Found 10 models, 14 data tests, 2 sources, 516 macros
[0m17:01:26.431130 [info ] [MainThread]: 
[0m17:01:26.431366 [info ] [MainThread]: Concurrency: 4 threads (target='local')
[0m17:01:26.431526 [info ] [MainThread]: 
[0m17:01:26.431862 [debug] [MainThread]: Acquiring new duckdb connection 'master'
[0m17:01:26.434308 [debug] [ThreadPool]: Acquiring new duckdb connection 'list_gold'
[0m17:01:26.471221 [debug] [ThreadPool]: Using duckdb connection "list_gold"
[0m17:01:26.471494 [debug] [ThreadPool]: On list_gold: /* {"app": "dbt", "dbt_version": "1.12.3", "profile_name": "bodega", "target_name": "local", "connection_name": "list_gold"} */

    
    select schema_name
    from system.information_schema.schemata
    
    where lower(catalog_name) = '"gold"'
    
  
  
[0m17:01:26.471657 [debug] [ThreadPool]: Opening a new connection, currently in state init
[0m17:01:26.479904 [debug] [ThreadPool]: SQL status: OK in 0.008 seconds
[0m17:01:26.480838 [debug] [ThreadPool]: On list_gold: Close
[0m17:01:26.481346 [debug] [ThreadPool]: Re-using an available connection from the pool (formerly list_gold, now create_gold_bodega)
[0m17:01:26.481668 [debug] [ThreadPool]: Creating schema "database: "gold"
schema: "bodega"
"
[0m17:01:26.485447 [debug] [ThreadPool]: Using duckdb connection "create_gold_bodega"
[0m17:01:26.485675 [debug] [ThreadPool]: On create_gold_bodega: /* {"app": "dbt", "dbt_version": "1.12.3", "profile_name": "bodega", "target_name": "local", "connection_name": "create_gold_bodega"} */

    
        select type from duckdb_databases()
        where lower(database_name)='gold'
        and type != 'duckdb'
    
  
[0m17:01:26.485827 [debug] [ThreadPool]: Opening a new connection, currently in state closed
[0m17:01:26.486283 [debug] [ThreadPool]: SQL status: OK in 0.000 seconds
[0m17:01:26.486927 [debug] [ThreadPool]: Using duckdb connection "create_gold_bodega"
[0m17:01:26.487093 [debug] [ThreadPool]: On create_gold_bodega: BEGIN
[0m17:01:26.487364 [debug] [ThreadPool]: SQL status: OK in 0.000 seconds
[0m17:01:26.487589 [debug] [ThreadPool]: Using duckdb connection "create_gold_bodega"
[0m17:01:26.487743 [debug] [ThreadPool]: On create_gold_bodega: /* {"app": "dbt", "dbt_version": "1.12.3", "profile_name": "bodega", "target_name": "local", "connection_name": "create_gold_bodega"} */

    
    
        create schema if not exists "gold"."bodega"
    
[0m17:01:26.488063 [debug] [ThreadPool]: SQL status: OK in 0.000 seconds
[0m17:01:26.488583 [debug] [ThreadPool]: On create_gold_bodega: COMMIT
[0m17:01:26.488773 [debug] [ThreadPool]: Using duckdb connection "create_gold_bodega"
[0m17:01:26.488928 [debug] [ThreadPool]: On create_gold_bodega: COMMIT
[0m17:01:26.489533 [debug] [ThreadPool]: SQL status: OK in 0.000 seconds
[0m17:01:26.489700 [debug] [ThreadPool]: On create_gold_bodega: Close
[0m17:01:26.490566 [debug] [ThreadPool]: Re-using an available connection from the pool (formerly create_gold_bodega, now list_silver_bodega)
[0m17:01:26.492772 [debug] [ThreadPool]: Using duckdb connection "list_silver_bodega"
[0m17:01:26.492970 [debug] [ThreadPool]: On list_silver_bodega: BEGIN
[0m17:01:26.493182 [debug] [ThreadPool]: Opening a new connection, currently in state closed
[0m17:01:26.493905 [debug] [ThreadPool]: Acquiring new duckdb connection 'list_gold_bodega'
[0m17:01:26.494277 [debug] [ThreadPool]: SQL status: OK in 0.001 seconds
[0m17:01:26.495043 [debug] [ThreadPool]: Using duckdb connection "list_gold_bodega"
[0m17:01:26.495293 [debug] [ThreadPool]: Using duckdb connection "list_silver_bodega"
[0m17:01:26.496292 [debug] [ThreadPool]: On list_gold_bodega: BEGIN
[0m17:01:26.497163 [debug] [ThreadPool]: Opening a new connection, currently in state init
[0m17:01:26.496968 [debug] [ThreadPool]: On list_silver_bodega: /* {"app": "dbt", "dbt_version": "1.12.3", "profile_name": "bodega", "target_name": "local", "connection_name": "list_silver_bodega"} */
select
      'silver' as database,
      table_name as name,
      table_schema as schema,
      CASE table_type
        WHEN 'BASE TABLE' THEN 'table'
        WHEN 'VIEW' THEN 'view'
        WHEN 'LOCAL TEMPORARY' THEN 'table'
        END as type
    from system.information_schema.tables
    where lower(table_schema) = 'bodega'
    and lower(table_catalog) = 'silver'
  
[0m17:01:26.497525 [debug] [ThreadPool]: SQL status: OK in 0.000 seconds
[0m17:01:26.498190 [debug] [ThreadPool]: Using duckdb connection "list_gold_bodega"
[0m17:01:26.498445 [debug] [ThreadPool]: On list_gold_bodega: /* {"app": "dbt", "dbt_version": "1.12.3", "profile_name": "bodega", "target_name": "local", "connection_name": "list_gold_bodega"} */
select
      'gold' as database,
      table_name as name,
      table_schema as schema,
      CASE table_type
        WHEN 'BASE TABLE' THEN 'table'
        WHEN 'VIEW' THEN 'view'
        WHEN 'LOCAL TEMPORARY' THEN 'table'
        END as type
    from system.information_schema.tables
    where lower(table_schema) = 'bodega'
    and lower(table_catalog) = 'gold'
  
[0m17:01:26.500113 [debug] [ThreadPool]: SQL status: OK in 0.001 seconds
[0m17:01:26.500862 [debug] [ThreadPool]: On list_gold_bodega: ROLLBACK
[0m17:01:26.501145 [debug] [ThreadPool]: SQL status: OK in 0.003 seconds
[0m17:01:26.501421 [debug] [ThreadPool]: On list_gold_bodega: Close
[0m17:01:26.502312 [debug] [ThreadPool]: On list_silver_bodega: ROLLBACK
[0m17:01:26.502601 [debug] [ThreadPool]: On list_silver_bodega: Close
[0m17:01:26.503287 [debug] [MainThread]: Sending event: {'category': 'dbt', 'action': 'runnable_timing', 'label': '1c24410f-c945-44d5-82ff-f681f8ce0778', 'context': [<snowplow_tracker.self_describing_json.SelfDescribingJson object at 0x10a657e70>]}
[0m17:01:26.503592 [debug] [MainThread]: Using duckdb connection "master"
[0m17:01:26.503760 [debug] [MainThread]: On master: BEGIN
[0m17:01:26.503915 [debug] [MainThread]: Opening a new connection, currently in state init
[0m17:01:26.504178 [debug] [MainThread]: SQL status: OK in 0.000 seconds
[0m17:01:26.504331 [debug] [MainThread]: On master: COMMIT
[0m17:01:26.504475 [debug] [MainThread]: Using duckdb connection "master"
[0m17:01:26.504615 [debug] [MainThread]: On master: COMMIT
[0m17:01:26.504812 [debug] [MainThread]: SQL status: OK in 0.000 seconds
[0m17:01:26.504979 [debug] [MainThread]: On master: Close
[0m17:01:26.506391 [debug] [Thread-1 (]: Began running node model.bodega.category_spending
[0m17:01:26.506640 [debug] [Thread-2 (]: Began running node model.bodega.price_trends
[0m17:01:26.506852 [debug] [Thread-4 (]: Began running node model.bodega.spending_by_week
[0m17:01:26.507011 [debug] [Thread-3 (]: Began running node model.bodega.spending_by_day
[0m17:01:26.507251 [info ] [Thread-1 (]: 1 of 12 START sql table model gold.bodega.category_spending .................... [RUN]
[0m17:01:26.507485 [info ] [Thread-2 (]: 2 of 12 START sql table model gold.bodega.price_trends ......................... [RUN]
[0m17:01:26.507698 [info ] [Thread-4 (]: 4 of 12 START sql table model gold.bodega.spending_by_week ..................... [RUN]
[0m17:01:26.507902 [info ] [Thread-3 (]: 3 of 12 START sql table model gold.bodega.spending_by_day ...................... [RUN]
[0m17:01:26.508632 [debug] [Thread-1 (]: Re-using an available connection from the pool (formerly list_silver_bodega, now model.bodega.category_spending)
[0m17:01:26.508850 [debug] [Thread-2 (]: Re-using an available connection from the pool (formerly list_gold_bodega, now model.bodega.price_trends)
[0m17:01:26.509108 [debug] [Thread-4 (]: Acquiring new duckdb connection 'model.bodega.spending_by_week'
[0m17:01:26.509353 [debug] [Thread-3 (]: Acquiring new duckdb connection 'model.bodega.spending_by_day'
[0m17:01:26.509551 [debug] [Thread-1 (]: Began compiling node model.bodega.category_spending
[0m17:01:26.509723 [debug] [Thread-2 (]: Began compiling node model.bodega.price_trends
[0m17:01:26.509885 [debug] [Thread-4 (]: Began compiling node model.bodega.spending_by_week
[0m17:01:26.510045 [debug] [Thread-3 (]: Began compiling node model.bodega.spending_by_day
[0m17:01:26.513401 [debug] [Thread-1 (]: Writing injected SQL for node "model.bodega.category_spending"
[0m17:01:26.514543 [debug] [Thread-2 (]: Writing injected SQL for node "model.bodega.price_trends"
[0m17:01:26.515308 [debug] [Thread-4 (]: Writing injected SQL for node "model.bodega.spending_by_week"
[0m17:01:26.516024 [debug] [Thread-3 (]: Writing injected SQL for node "model.bodega.spending_by_day"
[0m17:01:26.516892 [debug] [Thread-4 (]: Began executing node model.bodega.spending_by_week
[0m17:01:26.523492 [debug] [Thread-3 (]: Began executing node model.bodega.spending_by_day
[0m17:01:26.529906 [debug] [Thread-1 (]: Began executing node model.bodega.category_spending
[0m17:01:26.557888 [debug] [Thread-1 (]: Writing runtime sql for node "model.bodega.category_spending"
[0m17:01:26.560289 [debug] [Thread-4 (]: Writing runtime sql for node "model.bodega.spending_by_week"
[0m17:01:26.562836 [debug] [Thread-3 (]: Writing runtime sql for node "model.bodega.spending_by_day"
[0m17:01:26.563173 [debug] [Thread-2 (]: Began executing node model.bodega.price_trends
[0m17:01:26.564576 [debug] [Thread-2 (]: Writing runtime sql for node "model.bodega.price_trends"
[0m17:01:26.564882 [debug] [Thread-1 (]: Using duckdb connection "model.bodega.category_spending"
[0m17:01:26.565082 [debug] [Thread-1 (]: On model.bodega.category_spending: BEGIN
[0m17:01:26.565261 [debug] [Thread-1 (]: Opening a new connection, currently in state closed
[0m17:01:26.565643 [debug] [Thread-4 (]: Using duckdb connection "model.bodega.spending_by_week"
[0m17:01:26.565844 [debug] [Thread-4 (]: On model.bodega.spending_by_week: BEGIN
[0m17:01:26.566035 [debug] [Thread-1 (]: SQL status: OK in 0.001 seconds
[0m17:01:26.566232 [debug] [Thread-3 (]: Using duckdb connection "model.bodega.spending_by_day"
[0m17:01:26.566404 [debug] [Thread-4 (]: Opening a new connection, currently in state init
[0m17:01:26.566616 [debug] [Thread-2 (]: Using duckdb connection "model.bodega.price_trends"
[0m17:01:26.566849 [debug] [Thread-1 (]: Using duckdb connection "model.bodega.category_spending"
[0m17:01:26.567080 [debug] [Thread-3 (]: On model.bodega.spending_by_day: BEGIN
[0m17:01:26.567354 [debug] [Thread-2 (]: On model.bodega.price_trends: BEGIN
[0m17:01:26.567576 [debug] [Thread-1 (]: On model.bodega.category_spending: /* {"app": "dbt", "dbt_version": "1.12.3", "profile_name": "bodega", "target_name": "local", "node_id": "model.bodega.category_spending"} */

    

    create  table
      "gold"."bodega"."category_spending__dbt_tmp"
  
    
    as (
      SELECT
    i.invoice_date,
    date_trunc('week',  i.invoice_date)  AS week_start,
    date_trunc('month', i.invoice_date)  AS month_start,
    COALESCE(p.category, 'OTHER')        AS category,
    p.subcategory,
    i.supermarket,
    COUNT(DISTINCT i.invoice_number)     AS invoice_count,
    COUNT(*)                             AS item_count,
    SUM(i.total_amount)                  AS total_spent
FROM "silver"."bodega"."invoice_items" i
LEFT JOIN (
    -- products is merge-by-key in dlt but the Iceberg filesystem destination
    -- falls back to append, so dedupe to the latest categorisation per key
    SELECT
        description_clean,
        supermarket,
        max_by(category, categorized_at)    AS category,
        max_by(subcategory, categorized_at) AS subcategory
    FROM "silver"."bodega"."products"
    GROUP BY description_clean, supermarket
) p
    ON  i.description_clean = p.description_clean
    AND i.supermarket        = p.supermarket
GROUP BY
    i.invoice_date,
    date_trunc('week',  i.invoice_date),
    date_trunc('month', i.invoice_date),
    COALESCE(p.category, 'OTHER'),
    p.subcategory,
    i.supermarket
    );
    
  
[0m17:01:26.567798 [debug] [Thread-4 (]: SQL status: OK in 0.001 seconds
[0m17:01:26.567970 [debug] [Thread-3 (]: Opening a new connection, currently in state init
[0m17:01:26.568164 [debug] [Thread-2 (]: Opening a new connection, currently in state closed
[0m17:01:26.568579 [debug] [Thread-4 (]: Using duckdb connection "model.bodega.spending_by_week"
[0m17:01:26.568958 [debug] [Thread-4 (]: On model.bodega.spending_by_week: /* {"app": "dbt", "dbt_version": "1.12.3", "profile_name": "bodega", "target_name": "local", "node_id": "model.bodega.spending_by_week"} */

    

    create  table
      "gold"."bodega"."spending_by_week__dbt_tmp"
  
    
    as (
      SELECT
    date_trunc('week', invoice_date)  AS week_start,
    year(invoice_date)                AS year,
    week(invoice_date)                AS week_number,
    supermarket,
    COUNT(*)                          AS invoice_count,
    SUM(total_amount)                 AS total_amount,
    SUM(total_tax_amount)             AS total_tax,
    SUM(item_count)                   AS total_items,
    AVG(total_amount)                 AS avg_basket_amount,
    MAX(total_amount)                 AS max_basket_amount
FROM "silver"."bodega"."invoices"
GROUP BY
    date_trunc('week', invoice_date),
    year(invoice_date),
    week(invoice_date),
    supermarket
    );
    
  
[0m17:01:26.569328 [debug] [Thread-2 (]: SQL status: OK in 0.001 seconds
[0m17:01:26.569597 [debug] [Thread-2 (]: Using duckdb connection "model.bodega.price_trends"
[0m17:01:26.569851 [debug] [Thread-2 (]: On model.bodega.price_trends: /* {"app": "dbt", "dbt_version": "1.12.3", "profile_name": "bodega", "target_name": "local", "node_id": "model.bodega.price_trends"} */

    

    create  table
      "gold"."bodega"."price_trends__dbt_tmp"
  
    
    as (
      WITH weekly AS (
    SELECT
        description_clean,
        supermarket,
        date_trunc('week', invoice_date)  AS week_start,
        -- Blended price: unit_price on receipts is €/kg for weighted lines and
        -- €/unit otherwise, so total/quantity yields the same dimension per product.
        SUM(total_amount) / NULLIF(SUM(quantity), 0) AS price,
        SUM(total_amount)                 AS total_spent,
        SUM(quantity)                     AS total_quantity,
        COUNT(*)                          AS purchase_count
    FROM "silver"."bodega"."invoice_items"
    GROUP BY description_clean, supermarket, date_trunc('week', invoice_date)
),
repeat_products AS (
    SELECT description_clean, supermarket
    FROM "silver"."bodega"."invoice_items"
    GROUP BY description_clean, supermarket
    HAVING COUNT(*) >= 2
)
SELECT
    w.description_clean,
    w.supermarket,
    w.week_start,
    w.price,
    w.total_spent,
    w.total_quantity,
    w.purchase_count,
    p.category,
    p.subcategory,
    COALESCE(p.is_weighted, FALSE) AS is_weighted
FROM weekly w
JOIN repeat_products r
    ON  w.description_clean = r.description_clean
    AND w.supermarket        = r.supermarket
LEFT JOIN (
    -- products is merge-by-key in dlt but the Iceberg filesystem destination
    -- falls back to append, so dedupe to the latest categorisation per key
    SELECT
        description_clean,
        supermarket,
        max_by(category, categorized_at)    AS category,
        max_by(subcategory, categorized_at) AS subcategory,
        max_by(is_weighted, categorized_at) AS is_weighted
    FROM "silver"."bodega"."products"
    GROUP BY description_clean, supermarket
) p
    ON  w.description_clean = p.description_clean
    AND w.supermarket        = p.supermarket
    );
    
  
[0m17:01:26.570993 [debug] [Thread-3 (]: SQL status: OK in 0.003 seconds
[0m17:01:26.571284 [debug] [Thread-3 (]: Using duckdb connection "model.bodega.spending_by_day"
[0m17:01:26.571491 [debug] [Thread-3 (]: On model.bodega.spending_by_day: /* {"app": "dbt", "dbt_version": "1.12.3", "profile_name": "bodega", "target_name": "local", "node_id": "model.bodega.spending_by_day"} */

    

    create  table
      "gold"."bodega"."spending_by_day__dbt_tmp"
  
    
    as (
      SELECT
    invoice_date,
    supermarket,
    COUNT(*)              AS invoice_count,
    SUM(total_amount)     AS total_amount,
    SUM(total_tax_amount) AS total_tax,
    SUM(item_count)       AS total_items,
    AVG(total_amount)     AS avg_basket_amount
FROM "silver"."bodega"."invoices"
GROUP BY invoice_date, supermarket
    );
    
  
[0m17:01:26.571915 [debug] [Thread-4 (]: SQL status: OK in 0.003 seconds
[0m17:01:26.574743 [debug] [Thread-4 (]: Using duckdb connection "model.bodega.spending_by_week"
[0m17:01:26.574986 [debug] [Thread-1 (]: SQL status: OK in 0.007 seconds
[0m17:01:26.575269 [debug] [Thread-4 (]: On model.bodega.spending_by_week: /* {"app": "dbt", "dbt_version": "1.12.3", "profile_name": "bodega", "target_name": "local", "node_id": "model.bodega.spending_by_week"} */
alter table "gold"."bodega"."spending_by_week__dbt_tmp" rename to "spending_by_week"
[0m17:01:26.575469 [debug] [Thread-2 (]: SQL status: OK in 0.005 seconds
[0m17:01:26.575687 [debug] [Thread-3 (]: SQL status: OK in 0.004 seconds
[0m17:01:26.577037 [debug] [Thread-1 (]: Using duckdb connection "model.bodega.category_spending"
[0m17:01:26.578087 [debug] [Thread-2 (]: Using duckdb connection "model.bodega.price_trends"
[0m17:01:26.578976 [debug] [Thread-3 (]: Using duckdb connection "model.bodega.spending_by_day"
[0m17:01:26.579165 [debug] [Thread-4 (]: SQL status: OK in 0.002 seconds
[0m17:01:26.579362 [debug] [Thread-1 (]: On model.bodega.category_spending: /* {"app": "dbt", "dbt_version": "1.12.3", "profile_name": "bodega", "target_name": "local", "node_id": "model.bodega.category_spending"} */
alter table "gold"."bodega"."category_spending__dbt_tmp" rename to "category_spending"
[0m17:01:26.579564 [debug] [Thread-2 (]: On model.bodega.price_trends: /* {"app": "dbt", "dbt_version": "1.12.3", "profile_name": "bodega", "target_name": "local", "node_id": "model.bodega.price_trends"} */
alter table "gold"."bodega"."price_trends__dbt_tmp" rename to "price_trends"
[0m17:01:26.579740 [debug] [Thread-3 (]: On model.bodega.spending_by_day: /* {"app": "dbt", "dbt_version": "1.12.3", "profile_name": "bodega", "target_name": "local", "node_id": "model.bodega.spending_by_day"} */
alter table "gold"."bodega"."spending_by_day__dbt_tmp" rename to "spending_by_day"
[0m17:01:26.589694 [debug] [Thread-4 (]: Using duckdb connection "model.bodega.spending_by_week"
[0m17:01:26.590270 [debug] [Thread-1 (]: SQL status: OK in 0.000 seconds
[0m17:01:26.590550 [debug] [Thread-4 (]: On model.bodega.spending_by_week: /* {"app": "dbt", "dbt_version": "1.12.3", "profile_name": "bodega", "target_name": "local", "node_id": "model.bodega.spending_by_week"} */

    
  
  comment on table "gold"."bodega"."spending_by_week" is $dbt_comment_literal_block$Weekly spend aggregates per supermarket.$dbt_comment_literal_block$;

  
[0m17:01:26.590862 [debug] [Thread-3 (]: SQL status: OK in 0.001 seconds
[0m17:01:26.591879 [debug] [Thread-1 (]: Using duckdb connection "model.bodega.category_spending"
[0m17:01:26.592092 [debug] [Thread-2 (]: SQL status: OK in 0.002 seconds
[0m17:01:26.593385 [debug] [Thread-3 (]: Using duckdb connection "model.bodega.spending_by_day"
[0m17:01:26.593657 [debug] [Thread-1 (]: On model.bodega.category_spending: /* {"app": "dbt", "dbt_version": "1.12.3", "profile_name": "bodega", "target_name": "local", "node_id": "model.bodega.category_spending"} */

    
  
  comment on table "gold"."bodega"."category_spending" is $dbt_comment_literal_block$Daily spend by LLM-assigned product category.$dbt_comment_literal_block$;

  
[0m17:01:26.593936 [debug] [Thread-4 (]: SQL status: OK in 0.002 seconds
[0m17:01:26.594968 [debug] [Thread-2 (]: Using duckdb connection "model.bodega.price_trends"
[0m17:01:26.595229 [debug] [Thread-3 (]: On model.bodega.spending_by_day: /* {"app": "dbt", "dbt_version": "1.12.3", "profile_name": "bodega", "target_name": "local", "node_id": "model.bodega.spending_by_day"} */

    
  
  comment on table "gold"."bodega"."spending_by_day" is $dbt_comment_literal_block$Daily spend aggregates per supermarket.$dbt_comment_literal_block$;

  
[0m17:01:26.597976 [debug] [Thread-4 (]: Using duckdb connection "model.bodega.spending_by_week"
[0m17:01:26.598228 [debug] [Thread-2 (]: On model.bodega.price_trends: /* {"app": "dbt", "dbt_version": "1.12.3", "profile_name": "bodega", "target_name": "local", "node_id": "model.bodega.price_trends"} */

    
  
  comment on table "gold"."bodega"."price_trends" is $dbt_comment_literal_block$Weekly blended price per product (total spent / total quantity: €/kg for weighted products, €/unit otherwise). Only products bought ≥2 times.
$dbt_comment_literal_block$;

  
[0m17:01:26.598442 [debug] [Thread-1 (]: SQL status: OK in 0.003 seconds
[0m17:01:26.598713 [debug] [Thread-4 (]: On model.bodega.spending_by_week: /* {"app": "dbt", "dbt_version": "1.12.3", "profile_name": "bodega", "target_name": "local", "node_id": "model.bodega.spending_by_week"} */

      select
          column_name,
          column_type as data_type,
          cast(null as bigint) as character_maximum_length,
          cast(null as bigint) as numeric_precision,
          cast(null as bigint) as numeric_scale
      from (describe "gold"."bodega"."spending_by_week")
  
[0m17:01:26.598994 [debug] [Thread-3 (]: SQL status: OK in 0.000 seconds
[0m17:01:26.600148 [debug] [Thread-1 (]: Using duckdb connection "model.bodega.category_spending"
[0m17:01:26.600622 [debug] [Thread-2 (]: SQL status: OK in 0.001 seconds
[0m17:01:26.601863 [debug] [Thread-3 (]: Using duckdb connection "model.bodega.spending_by_day"
[0m17:01:26.602204 [debug] [Thread-1 (]: On model.bodega.category_spending: /* {"app": "dbt", "dbt_version": "1.12.3", "profile_name": "bodega", "target_name": "local", "node_id": "model.bodega.category_spending"} */

      select
          column_name,
          column_type as data_type,
          cast(null as bigint) as character_maximum_length,
          cast(null as bigint) as numeric_precision,
          cast(null as bigint) as numeric_scale
      from (describe "gold"."bodega"."category_spending")
  
[0m17:01:26.602494 [debug] [Thread-4 (]: SQL status: OK in 0.002 seconds
[0m17:01:26.603644 [debug] [Thread-2 (]: Using duckdb connection "model.bodega.price_trends"
[0m17:01:26.603903 [debug] [Thread-3 (]: On model.bodega.spending_by_day: /* {"app": "dbt", "dbt_version": "1.12.3", "profile_name": "bodega", "target_name": "local", "node_id": "model.bodega.spending_by_day"} */

      select
          column_name,
          column_type as data_type,
          cast(null as bigint) as character_maximum_length,
          cast(null as bigint) as numeric_precision,
          cast(null as bigint) as numeric_scale
      from (describe "gold"."bodega"."spending_by_day")
  
[0m17:01:26.604336 [debug] [Thread-2 (]: On model.bodega.price_trends: /* {"app": "dbt", "dbt_version": "1.12.3", "profile_name": "bodega", "target_name": "local", "node_id": "model.bodega.price_trends"} */

      select
          column_name,
          column_type as data_type,
          cast(null as bigint) as character_maximum_length,
          cast(null as bigint) as numeric_precision,
          cast(null as bigint) as numeric_scale
      from (describe "gold"."bodega"."price_trends")
  
[0m17:01:26.612172 [debug] [Thread-4 (]: Using duckdb connection "model.bodega.spending_by_week"
[0m17:01:26.612742 [debug] [Thread-1 (]: SQL status: OK in 0.009 seconds
[0m17:01:26.613079 [debug] [Thread-4 (]: On model.bodega.spending_by_week: /* {"app": "dbt", "dbt_version": "1.12.3", "profile_name": "bodega", "target_name": "local", "node_id": "model.bodega.spending_by_week"} */

      select
          column_name,
          column_type as data_type,
          cast(null as bigint) as character_maximum_length,
          cast(null as bigint) as numeric_precision,
          cast(null as bigint) as numeric_scale
      from (describe "gold"."bodega"."spending_by_week")
  
[0m17:01:26.613338 [debug] [Thread-3 (]: SQL status: OK in 0.001 seconds
[0m17:01:26.613594 [debug] [Thread-2 (]: SQL status: OK in 0.001 seconds
[0m17:01:26.615173 [debug] [Thread-1 (]: Using duckdb connection "model.bodega.category_spending"
[0m17:01:26.616481 [debug] [Thread-3 (]: Using duckdb connection "model.bodega.spending_by_day"
[0m17:01:26.616778 [debug] [Thread-4 (]: SQL status: OK in 0.003 seconds
[0m17:01:26.618125 [debug] [Thread-2 (]: Using duckdb connection "model.bodega.price_trends"
[0m17:01:26.618432 [debug] [Thread-1 (]: On model.bodega.category_spending: /* {"app": "dbt", "dbt_version": "1.12.3", "profile_name": "bodega", "target_name": "local", "node_id": "model.bodega.category_spending"} */

      select
          column_name,
          column_type as data_type,
          cast(null as bigint) as character_maximum_length,
          cast(null as bigint) as numeric_precision,
          cast(null as bigint) as numeric_scale
      from (describe "gold"."bodega"."category_spending")
  
[0m17:01:26.618730 [debug] [Thread-3 (]: On model.bodega.spending_by_day: /* {"app": "dbt", "dbt_version": "1.12.3", "profile_name": "bodega", "target_name": "local", "node_id": "model.bodega.spending_by_day"} */

      select
          column_name,
          column_type as data_type,
          cast(null as bigint) as character_maximum_length,
          cast(null as bigint) as numeric_precision,
          cast(null as bigint) as numeric_scale
      from (describe "gold"."bodega"."spending_by_day")
  
[0m17:01:26.619090 [debug] [Thread-2 (]: On model.bodega.price_trends: /* {"app": "dbt", "dbt_version": "1.12.3", "profile_name": "bodega", "target_name": "local", "node_id": "model.bodega.price_trends"} */

      select
          column_name,
          column_type as data_type,
          cast(null as bigint) as character_maximum_length,
          cast(null as bigint) as numeric_precision,
          cast(null as bigint) as numeric_scale
      from (describe "gold"."bodega"."price_trends")
  
[0m17:01:26.620440 [debug] [Thread-4 (]: Using duckdb connection "model.bodega.spending_by_week"
[0m17:01:26.620661 [debug] [Thread-4 (]: On model.bodega.spending_by_week: /* {"app": "dbt", "dbt_version": "1.12.3", "profile_name": "bodega", "target_name": "local", "node_id": "model.bodega.spending_by_week"} */

    
  
  
    
    
    comment on column "gold"."bodega"."spending_by_week".week_start is $dbt_comment_literal_block$Monday of the ISO week this row aggregates, from date_trunc('week', invoice_date).$dbt_comment_literal_block$;
  

  
[0m17:01:26.621012 [debug] [Thread-1 (]: SQL status: OK in 0.002 seconds
[0m17:01:26.622321 [debug] [Thread-1 (]: Using duckdb connection "model.bodega.category_spending"
[0m17:01:26.622575 [debug] [Thread-1 (]: On model.bodega.category_spending: /* {"app": "dbt", "dbt_version": "1.12.3", "profile_name": "bodega", "target_name": "local", "node_id": "model.bodega.category_spending"} */

    
  
  
    
    
    comment on column "gold"."bodega"."category_spending".invoice_date is $dbt_comment_literal_block$Day this row aggregates. The finest grain of the table.$dbt_comment_literal_block$;
  
    
    
    comment on column "gold"."bodega"."category_spending".week_start is $dbt_comment_literal_block$Monday of the ISO week containing invoice_date, from date_trunc('week', ...).$dbt_comment_literal_block$;
  
    
    
    comment on column "gold"."bodega"."category_spending".month_start is $dbt_comment_literal_block$First day of the month containing invoice_date, from date_trunc('month', ...).$dbt_comment_literal_block$;
  
    
    
    comment on column "gold"."bodega"."category_spending".category is $dbt_comment_literal_block$LLM-assigned category, or the literal OTHER for a line whose product has no categorisation. Uncategorised spend lands here rather than being dropped.
$dbt_comment_literal_block$;
  
    
    
    comment on column "gold"."bodega"."category_spending".subcategory is $dbt_comment_literal_block$LLM-assigned subcategory. PARSE_ERROR when the LLM output failed to parse.$dbt_comment_literal_block$;
  
    
    
    comment on column "gold"."bodega"."category_spending".supermarket is $dbt_comment_literal_block$Retail brand this row aggregates.$dbt_comment_literal_block$;
  
    
    
    comment on column "gold"."bodega"."category_spending".invoice_count is $dbt_comment_literal_block$Distinct invoices contributing to this row.$dbt_comment_literal_block$;
  
    
    
    comment on column "gold"."bodega"."category_spending".item_count is $dbt_comment_literal_block$Line items contributing to this row.$dbt_comment_literal_block$;
  
    
    
    comment on column "gold"."bodega"."category_spending".total_spent is $dbt_comment_literal_block$Line-item spend, already aggregated to this row's grain. Summing it again is correct; averaging it is not.
$dbt_comment_literal_block$;
  

  
[0m17:01:26.622931 [debug] [Thread-4 (]: SQL status: OK in 0.002 seconds
[0m17:01:26.623615 [debug] [Thread-4 (]: On model.bodega.spending_by_week: COMMIT
[0m17:01:26.623854 [debug] [Thread-4 (]: Using duckdb connection "model.bodega.spending_by_week"
[0m17:01:26.624031 [debug] [Thread-4 (]: On model.bodega.spending_by_week: COMMIT
[0m17:01:26.624256 [debug] [Thread-2 (]: SQL status: OK in 0.005 seconds
[0m17:01:26.625740 [debug] [Thread-2 (]: Using duckdb connection "model.bodega.price_trends"
[0m17:01:26.626087 [debug] [Thread-3 (]: SQL status: OK in 0.006 seconds
[0m17:01:26.626474 [debug] [Thread-4 (]: SQL status: OK in 0.002 seconds
[0m17:01:26.626751 [debug] [Thread-2 (]: On model.bodega.price_trends: /* {"app": "dbt", "dbt_version": "1.12.3", "profile_name": "bodega", "target_name": "local", "node_id": "model.bodega.price_trends"} */

    
  
  
    
    
    comment on column "gold"."bodega"."price_trends".description_clean is $dbt_comment_literal_block$Product key, trimmed and uppercased. Joins to invoice_items.description_clean.$dbt_comment_literal_block$;
  

  
[0m17:01:26.627858 [debug] [Thread-3 (]: Using duckdb connection "model.bodega.spending_by_day"
[0m17:01:26.630911 [debug] [Thread-4 (]: Using duckdb connection "model.bodega.spending_by_week"
[0m17:01:26.631355 [debug] [Thread-3 (]: On model.bodega.spending_by_day: /* {"app": "dbt", "dbt_version": "1.12.3", "profile_name": "bodega", "target_name": "local", "node_id": "model.bodega.spending_by_day"} */

    
  
  
    
    
    comment on column "gold"."bodega"."spending_by_day".invoice_date is $dbt_comment_literal_block$Day this row aggregates. The grain of the table.$dbt_comment_literal_block$;
  

  
[0m17:01:26.631613 [debug] [Thread-4 (]: On model.bodega.spending_by_week: /* {"app": "dbt", "dbt_version": "1.12.3", "profile_name": "bodega", "target_name": "local", "node_id": "model.bodega.spending_by_week"} */

      drop table if exists "gold"."bodega"."spending_by_week__dbt_backup" cascade
    
[0m17:01:26.631840 [debug] [Thread-2 (]: SQL status: OK in 0.001 seconds
[0m17:01:26.632668 [debug] [Thread-2 (]: On model.bodega.price_trends: COMMIT
[0m17:01:26.632869 [debug] [Thread-2 (]: Using duckdb connection "model.bodega.price_trends"
[0m17:01:26.633049 [debug] [Thread-2 (]: On model.bodega.price_trends: COMMIT
[0m17:01:26.633239 [debug] [Thread-4 (]: SQL status: OK in 0.001 seconds
[0m17:01:26.633527 [debug] [Thread-3 (]: SQL status: OK in 0.001 seconds
[0m17:01:26.634015 [debug] [Thread-1 (]: SQL status: OK in 0.011 seconds
[0m17:01:26.635532 [debug] [Thread-4 (]: On model.bodega.spending_by_week: Close
[0m17:01:26.635817 [debug] [Thread-2 (]: SQL status: OK in 0.002 seconds
[0m17:01:26.636463 [debug] [Thread-3 (]: On model.bodega.spending_by_day: COMMIT
[0m17:01:26.637086 [debug] [Thread-1 (]: On model.bodega.category_spending: COMMIT
[0m17:01:26.638688 [debug] [Thread-2 (]: Using duckdb connection "model.bodega.price_trends"
[0m17:01:26.638949 [debug] [Thread-3 (]: Using duckdb connection "model.bodega.spending_by_day"
[0m17:01:26.639163 [debug] [Thread-1 (]: Using duckdb connection "model.bodega.category_spending"
[0m17:01:26.639356 [debug] [Thread-2 (]: On model.bodega.price_trends: /* {"app": "dbt", "dbt_version": "1.12.3", "profile_name": "bodega", "target_name": "local", "node_id": "model.bodega.price_trends"} */

      drop table if exists "gold"."bodega"."price_trends__dbt_backup" cascade
    
[0m17:01:26.639548 [debug] [Thread-3 (]: On model.bodega.spending_by_day: COMMIT
[0m17:01:26.639735 [debug] [Thread-4 (]: Sending event: {'category': 'dbt', 'action': 'run_model', 'label': '1c24410f-c945-44d5-82ff-f681f8ce0778', 'context': [<snowplow_tracker.self_describing_json.SelfDescribingJson object at 0x10aa96d00>]}
[0m17:01:26.639907 [debug] [Thread-1 (]: On model.bodega.category_spending: COMMIT
[0m17:01:26.640574 [info ] [Thread-4 (]: 4 of 12 OK created sql table model gold.bodega.spending_by_week ................ [[32mOK[0m in 0.13s]
[0m17:01:26.641074 [debug] [Thread-4 (]: Finished running node model.bodega.spending_by_week
[0m17:01:26.641330 [debug] [Thread-1 (]: SQL status: OK in 0.001 seconds
[0m17:01:26.641533 [debug] [Thread-3 (]: SQL status: OK in 0.001 seconds
[0m17:01:26.641780 [debug] [Thread-2 (]: SQL status: OK in 0.002 seconds
[0m17:01:26.642177 [debug] [Thread-4 (]: Began running node model.bodega.tax_summary
[0m17:01:26.643310 [debug] [Thread-1 (]: Using duckdb connection "model.bodega.category_spending"
[0m17:01:26.644172 [debug] [Thread-3 (]: Using duckdb connection "model.bodega.spending_by_day"
[0m17:01:26.645020 [debug] [Thread-2 (]: On model.bodega.price_trends: Close
[0m17:01:26.645316 [info ] [Thread-4 (]: 5 of 12 START sql table model gold.bodega.tax_summary .......................... [RUN]
[0m17:01:26.645584 [debug] [Thread-1 (]: On model.bodega.category_spending: /* {"app": "dbt", "dbt_version": "1.12.3", "profile_name": "bodega", "target_name": "local", "node_id": "model.bodega.category_spending"} */

      drop table if exists "gold"."bodega"."category_spending__dbt_backup" cascade
    
[0m17:01:26.645868 [debug] [Thread-3 (]: On model.bodega.spending_by_day: /* {"app": "dbt", "dbt_version": "1.12.3", "profile_name": "bodega", "target_name": "local", "node_id": "model.bodega.spending_by_day"} */

      drop table if exists "gold"."bodega"."spending_by_day__dbt_backup" cascade
    
[0m17:01:26.646168 [debug] [Thread-4 (]: Re-using an available connection from the pool (formerly model.bodega.spending_by_week, now model.bodega.tax_summary)
[0m17:01:26.646536 [debug] [Thread-2 (]: Sending event: {'category': 'dbt', 'action': 'run_model', 'label': '1c24410f-c945-44d5-82ff-f681f8ce0778', 'context': [<snowplow_tracker.self_describing_json.SelfDescribingJson object at 0x10a666bd0>]}
[0m17:01:26.646936 [debug] [Thread-4 (]: Began compiling node model.bodega.tax_summary
[0m17:01:26.647531 [debug] [Thread-3 (]: SQL status: OK in 0.001 seconds
[0m17:01:26.647769 [debug] [Thread-1 (]: SQL status: OK in 0.001 seconds
[0m17:01:26.647327 [info ] [Thread-2 (]: 2 of 12 OK created sql table model gold.bodega.price_trends .................... [[32mOK[0m in 0.14s]
[0m17:01:26.649012 [debug] [Thread-4 (]: Writing injected SQL for node "model.bodega.tax_summary"
[0m17:01:26.649835 [debug] [Thread-3 (]: On model.bodega.spending_by_day: Close
[0m17:01:26.650927 [debug] [Thread-1 (]: On model.bodega.category_spending: Close
[0m17:01:26.651356 [debug] [Thread-2 (]: Finished running node model.bodega.price_trends
[0m17:01:26.651835 [debug] [Thread-3 (]: Sending event: {'category': 'dbt', 'action': 'run_model', 'label': '1c24410f-c945-44d5-82ff-f681f8ce0778', 'context': [<snowplow_tracker.self_describing_json.SelfDescribingJson object at 0x10a885e90>]}
[0m17:01:26.652123 [debug] [Thread-2 (]: Began running node model.bodega.top_products
[0m17:01:26.652427 [debug] [Thread-1 (]: Sending event: {'category': 'dbt', 'action': 'run_model', 'label': '1c24410f-c945-44d5-82ff-f681f8ce0778', 'context': [<snowplow_tracker.self_describing_json.SelfDescribingJson object at 0x10aae65d0>]}
[0m17:01:26.653261 [debug] [Thread-4 (]: Began executing node model.bodega.tax_summary
[0m17:01:26.652888 [info ] [Thread-3 (]: 3 of 12 OK created sql table model gold.bodega.spending_by_day ................. [[32mOK[0m in 0.14s]
[0m17:01:26.653106 [info ] [Thread-2 (]: 6 of 12 START sql table model gold.bodega.top_products ......................... [RUN]
[0m17:01:26.653671 [info ] [Thread-1 (]: 1 of 12 OK created sql table model gold.bodega.category_spending ............... [[32mOK[0m in 0.14s]
[0m17:01:26.655102 [debug] [Thread-4 (]: Writing runtime sql for node "model.bodega.tax_summary"
[0m17:01:26.655444 [debug] [Thread-3 (]: Finished running node model.bodega.spending_by_day
[0m17:01:26.655733 [debug] [Thread-2 (]: Re-using an available connection from the pool (formerly model.bodega.price_trends, now model.bodega.top_products)
[0m17:01:26.656034 [debug] [Thread-1 (]: Finished running node model.bodega.category_spending
[0m17:01:26.656315 [debug] [Thread-3 (]: Began running node test.bodega.not_null_spending_by_week_week_start.7ecb24cdbf
[0m17:01:26.656531 [debug] [Thread-2 (]: Began compiling node model.bodega.top_products
[0m17:01:26.656765 [debug] [Thread-1 (]: Began running node test.bodega.not_null_price_trends_description_clean.61eebb4b94
[0m17:01:26.656976 [info ] [Thread-3 (]: 7 of 12 START test not_null_spending_by_week_week_start ........................ [RUN]
[0m17:01:26.657248 [debug] [Thread-4 (]: Using duckdb connection "model.bodega.tax_summary"
[0m17:01:26.658847 [debug] [Thread-2 (]: Writing injected SQL for node "model.bodega.top_products"
[0m17:01:26.659360 [info ] [Thread-1 (]: 8 of 12 START test not_null_price_trends_description_clean ..................... [RUN]
[0m17:01:26.659682 [debug] [Thread-3 (]: Re-using an available connection from the pool (formerly model.bodega.spending_by_day, now test.bodega.not_null_spending_by_week_week_start.7ecb24cdbf)
[0m17:01:26.659942 [debug] [Thread-4 (]: On model.bodega.tax_summary: BEGIN
[0m17:01:26.660232 [debug] [Thread-1 (]: Re-using an available connection from the pool (formerly model.bodega.category_spending, now test.bodega.not_null_price_trends_description_clean.61eebb4b94)
[0m17:01:26.660464 [debug] [Thread-3 (]: Began compiling node test.bodega.not_null_spending_by_week_week_start.7ecb24cdbf
[0m17:01:26.660663 [debug] [Thread-4 (]: Opening a new connection, currently in state closed
[0m17:01:26.660887 [debug] [Thread-1 (]: Began compiling node test.bodega.not_null_price_trends_description_clean.61eebb4b94
[0m17:01:26.666898 [debug] [Thread-2 (]: Began executing node model.bodega.top_products
[0m17:01:26.670154 [debug] [Thread-3 (]: Writing injected SQL for node "test.bodega.not_null_spending_by_week_week_start.7ecb24cdbf"
[0m17:01:26.673805 [debug] [Thread-1 (]: Writing injected SQL for node "test.bodega.not_null_price_trends_description_clean.61eebb4b94"
[0m17:01:26.675969 [debug] [Thread-2 (]: Writing runtime sql for node "model.bodega.top_products"
[0m17:01:26.676303 [debug] [Thread-4 (]: SQL status: OK in 0.016 seconds
[0m17:01:26.676803 [debug] [Thread-4 (]: Using duckdb connection "model.bodega.tax_summary"
[0m17:01:26.677128 [debug] [Thread-4 (]: On model.bodega.tax_summary: /* {"app": "dbt", "dbt_version": "1.12.3", "profile_name": "bodega", "target_name": "local", "node_id": "model.bodega.tax_summary"} */

    

    create  table
      "gold"."bodega"."tax_summary__dbt_tmp"
  
    
    as (
      SELECT
    date_trunc('month', invoice_date)  AS month_start,
    tax_rate,
    supermarket,
    SUM(base_amount)                   AS base_amount,
    SUM(tax_amount)                    AS tax_amount
FROM "silver"."bodega"."invoice_taxes"
GROUP BY date_trunc('month', invoice_date), tax_rate, supermarket
    );
    
  
[0m17:01:26.677667 [debug] [Thread-1 (]: Began executing node test.bodega.not_null_price_trends_description_clean.61eebb4b94
[0m17:01:26.677928 [debug] [Thread-3 (]: Began executing node test.bodega.not_null_spending_by_week_week_start.7ecb24cdbf
[0m17:01:26.684425 [debug] [Thread-2 (]: Using duckdb connection "model.bodega.top_products"
[0m17:01:26.688025 [debug] [Thread-1 (]: Writing runtime sql for node "test.bodega.not_null_price_trends_description_clean.61eebb4b94"
[0m17:01:26.688370 [debug] [Thread-4 (]: SQL status: OK in 0.011 seconds
[0m17:01:26.689389 [debug] [Thread-3 (]: Writing runtime sql for node "test.bodega.not_null_spending_by_week_week_start.7ecb24cdbf"
[0m17:01:26.689645 [debug] [Thread-2 (]: On model.bodega.top_products: BEGIN
[0m17:01:26.691002 [debug] [Thread-4 (]: Using duckdb connection "model.bodega.tax_summary"
[0m17:01:26.691399 [debug] [Thread-2 (]: Opening a new connection, currently in state closed
[0m17:01:26.691783 [debug] [Thread-4 (]: On model.bodega.tax_summary: /* {"app": "dbt", "dbt_version": "1.12.3", "profile_name": "bodega", "target_name": "local", "node_id": "model.bodega.tax_summary"} */
alter table "gold"."bodega"."tax_summary__dbt_tmp" rename to "tax_summary"
[0m17:01:26.692477 [debug] [Thread-3 (]: Using duckdb connection "test.bodega.not_null_spending_by_week_week_start.7ecb24cdbf"
[0m17:01:26.693530 [debug] [Thread-1 (]: Using duckdb connection "test.bodega.not_null_price_trends_description_clean.61eebb4b94"
[0m17:01:26.694016 [debug] [Thread-3 (]: On test.bodega.not_null_spending_by_week_week_start.7ecb24cdbf: BEGIN
[0m17:01:26.694334 [debug] [Thread-2 (]: SQL status: OK in 0.003 seconds
[0m17:01:26.694700 [debug] [Thread-1 (]: On test.bodega.not_null_price_trends_description_clean.61eebb4b94: BEGIN
[0m17:01:26.694899 [debug] [Thread-4 (]: SQL status: OK in 0.001 seconds
[0m17:01:26.695098 [debug] [Thread-3 (]: Opening a new connection, currently in state closed
[0m17:01:26.695300 [debug] [Thread-2 (]: Using duckdb connection "model.bodega.top_products"
[0m17:01:26.695556 [debug] [Thread-1 (]: Opening a new connection, currently in state closed
[0m17:01:26.696725 [debug] [Thread-4 (]: Using duckdb connection "model.bodega.tax_summary"
[0m17:01:26.697196 [debug] [Thread-2 (]: On model.bodega.top_products: /* {"app": "dbt", "dbt_version": "1.12.3", "profile_name": "bodega", "target_name": "local", "node_id": "model.bodega.top_products"} */

    

    create  table
      "gold"."bodega"."top_products__dbt_tmp"
  
    
    as (
      SELECT
    i.description_clean,
    p.category,
    p.subcategory,
    p.is_weighted,
    i.supermarket,
    COUNT(DISTINCT i.invoice_number)   AS purchase_count,
    SUM(i.quantity)                    AS total_quantity,
    SUM(i.total_amount)                AS total_spent,
    AVG(i.unit_price)                  AS avg_unit_price,
    MIN(i.unit_price)                  AS min_unit_price,
    MAX(i.unit_price)                  AS max_unit_price,
    MAX(i.invoice_date)                AS last_purchased_date
FROM "silver"."bodega"."invoice_items" i
LEFT JOIN (
    -- products is merge-by-key in dlt but the Iceberg filesystem destination
    -- falls back to append, so dedupe to the latest categorisation per key
    SELECT
        description_clean,
        supermarket,
        max_by(category, categorized_at)    AS category,
        max_by(subcategory, categorized_at) AS subcategory,
        max_by(is_weighted, categorized_at) AS is_weighted
    FROM "silver"."bodega"."products"
    GROUP BY description_clean, supermarket
) p
    ON  i.description_clean = p.description_clean
    AND i.supermarket        = p.supermarket
GROUP BY i.description_clean, p.category, p.subcategory, p.is_weighted, i.supermarket
    );
    
  
[0m17:01:26.697586 [debug] [Thread-3 (]: SQL status: OK in 0.002 seconds
[0m17:01:26.697906 [debug] [Thread-4 (]: On model.bodega.tax_summary: /* {"app": "dbt", "dbt_version": "1.12.3", "profile_name": "bodega", "target_name": "local", "node_id": "model.bodega.tax_summary"} */

    
  
  comment on table "gold"."bodega"."tax_summary" is $dbt_comment_literal_block$Monthly tax base and amount per VAT rate.$dbt_comment_literal_block$;

  
[0m17:01:26.698158 [debug] [Thread-1 (]: SQL status: OK in 0.003 seconds
[0m17:01:26.698541 [debug] [Thread-3 (]: Using duckdb connection "test.bodega.not_null_spending_by_week_week_start.7ecb24cdbf"
[0m17:01:26.698821 [debug] [Thread-1 (]: Using duckdb connection "test.bodega.not_null_price_trends_description_clean.61eebb4b94"
[0m17:01:26.699069 [debug] [Thread-3 (]: On test.bodega.not_null_spending_by_week_week_start.7ecb24cdbf: /* {"app": "dbt", "dbt_version": "1.12.3", "profile_name": "bodega", "target_name": "local", "node_id": "test.bodega.not_null_spending_by_week_week_start.7ecb24cdbf"} */

    
    select
      count(*) as failures,
      count(*) != 0 as should_warn,
      count(*) != 0 as should_error
    from (
      
    
  
    
    



select week_start
from "gold"."bodega"."spending_by_week"
where week_start is null



  
  
      
    ) dbt_internal_test
[0m17:01:26.699361 [debug] [Thread-1 (]: On test.bodega.not_null_price_trends_description_clean.61eebb4b94: /* {"app": "dbt", "dbt_version": "1.12.3", "profile_name": "bodega", "target_name": "local", "node_id": "test.bodega.not_null_price_trends_description_clean.61eebb4b94"} */

    
    select
      count(*) as failures,
      count(*) != 0 as should_warn,
      count(*) != 0 as should_error
    from (
      
    
  
    
    



select description_clean
from "gold"."bodega"."price_trends"
where description_clean is null



  
  
      
    ) dbt_internal_test
[0m17:01:26.699591 [debug] [Thread-4 (]: SQL status: OK in 0.001 seconds
[0m17:01:26.701228 [debug] [Thread-4 (]: Using duckdb connection "model.bodega.tax_summary"
[0m17:01:26.701505 [debug] [Thread-4 (]: On model.bodega.tax_summary: /* {"app": "dbt", "dbt_version": "1.12.3", "profile_name": "bodega", "target_name": "local", "node_id": "model.bodega.tax_summary"} */

      select
          column_name,
          column_type as data_type,
          cast(null as bigint) as character_maximum_length,
          cast(null as bigint) as numeric_precision,
          cast(null as bigint) as numeric_scale
      from (describe "gold"."bodega"."tax_summary")
  
[0m17:01:26.701825 [debug] [Thread-3 (]: SQL status: OK in 0.002 seconds
[0m17:01:26.702073 [debug] [Thread-1 (]: SQL status: OK in 0.002 seconds
[0m17:01:26.702333 [debug] [Thread-2 (]: SQL status: OK in 0.004 seconds
[0m17:01:26.702584 [debug] [Thread-4 (]: SQL status: OK in 0.001 seconds
[0m17:01:26.704805 [debug] [Thread-3 (]: On test.bodega.not_null_spending_by_week_week_start.7ecb24cdbf: ROLLBACK
[0m17:01:26.705583 [debug] [Thread-1 (]: On test.bodega.not_null_price_trends_description_clean.61eebb4b94: ROLLBACK
[0m17:01:26.706671 [debug] [Thread-2 (]: Using duckdb connection "model.bodega.top_products"
[0m17:01:26.708587 [debug] [Thread-4 (]: Using duckdb connection "model.bodega.tax_summary"
[0m17:01:26.709487 [debug] [Thread-2 (]: On model.bodega.top_products: /* {"app": "dbt", "dbt_version": "1.12.3", "profile_name": "bodega", "target_name": "local", "node_id": "model.bodega.top_products"} */
alter table "gold"."bodega"."top_products__dbt_tmp" rename to "top_products"
[0m17:01:26.709869 [debug] [Thread-4 (]: On model.bodega.tax_summary: /* {"app": "dbt", "dbt_version": "1.12.3", "profile_name": "bodega", "target_name": "local", "node_id": "model.bodega.tax_summary"} */

      select
          column_name,
          column_type as data_type,
          cast(null as bigint) as character_maximum_length,
          cast(null as bigint) as numeric_precision,
          cast(null as bigint) as numeric_scale
      from (describe "gold"."bodega"."tax_summary")
  
[0m17:01:26.710285 [debug] [Thread-3 (]: On test.bodega.not_null_spending_by_week_week_start.7ecb24cdbf: Close
[0m17:01:26.710493 [debug] [Thread-1 (]: On test.bodega.not_null_price_trends_description_clean.61eebb4b94: Close
[0m17:01:26.710931 [debug] [Thread-2 (]: SQL status: OK in 0.000 seconds
[0m17:01:26.711360 [info ] [Thread-3 (]: 7 of 12 PASS not_null_spending_by_week_week_start .............................. [[32mPASS[0m in 0.05s]
[0m17:01:26.711646 [debug] [Thread-4 (]: SQL status: OK in 0.001 seconds
[0m17:01:26.712215 [info ] [Thread-1 (]: 8 of 12 PASS not_null_price_trends_description_clean ........................... [[32mPASS[0m in 0.05s]
[0m17:01:26.713231 [debug] [Thread-2 (]: Using duckdb connection "model.bodega.top_products"
[0m17:01:26.713521 [debug] [Thread-3 (]: Finished running node test.bodega.not_null_spending_by_week_week_start.7ecb24cdbf
[0m17:01:26.714560 [debug] [Thread-4 (]: Using duckdb connection "model.bodega.tax_summary"
[0m17:01:26.714837 [debug] [Thread-1 (]: Finished running node test.bodega.not_null_price_trends_description_clean.61eebb4b94
[0m17:01:26.715075 [debug] [Thread-2 (]: On model.bodega.top_products: /* {"app": "dbt", "dbt_version": "1.12.3", "profile_name": "bodega", "target_name": "local", "node_id": "model.bodega.top_products"} */

    
  
  comment on table "gold"."bodega"."top_products" is $dbt_comment_literal_block$All-time product rankings by spend and frequency.$dbt_comment_literal_block$;

  
[0m17:01:26.715351 [debug] [Thread-3 (]: Began running node test.bodega.not_null_spending_by_day_invoice_date.2509f75e93
[0m17:01:26.715544 [debug] [Thread-4 (]: On model.bodega.tax_summary: /* {"app": "dbt", "dbt_version": "1.12.3", "profile_name": "bodega", "target_name": "local", "node_id": "model.bodega.tax_summary"} */

    
  
  
    
    
    comment on column "gold"."bodega"."tax_summary".month_start is $dbt_comment_literal_block$First day of the month this row aggregates, from date_trunc('month', invoice_date).$dbt_comment_literal_block$;
  

  
[0m17:01:26.715787 [debug] [Thread-1 (]: Began running node test.bodega.not_null_category_spending_invoice_date.bb466ccf3a
[0m17:01:26.716090 [info ] [Thread-3 (]: 9 of 12 START test not_null_spending_by_day_invoice_date ....................... [RUN]
[0m17:01:26.716393 [info ] [Thread-1 (]: 10 of 12 START test not_null_category_spending_invoice_date .................... [RUN]
[0m17:01:26.716636 [debug] [Thread-4 (]: SQL status: OK in 0.000 seconds
[0m17:01:26.717303 [debug] [Thread-2 (]: SQL status: OK in 0.001 seconds
[0m17:01:26.717638 [debug] [Thread-3 (]: Re-using an available connection from the pool (formerly test.bodega.not_null_spending_by_week_week_start.7ecb24cdbf, now test.bodega.not_null_spending_by_day_invoice_date.2509f75e93)
[0m17:01:26.717932 [debug] [Thread-1 (]: Re-using an available connection from the pool (formerly test.bodega.not_null_price_trends_description_clean.61eebb4b94, now test.bodega.not_null_category_spending_invoice_date.bb466ccf3a)
[0m17:01:26.718631 [debug] [Thread-4 (]: On model.bodega.tax_summary: COMMIT
[0m17:01:26.719679 [debug] [Thread-2 (]: Using duckdb connection "model.bodega.top_products"
[0m17:01:26.719904 [debug] [Thread-3 (]: Began compiling node test.bodega.not_null_spending_by_day_invoice_date.2509f75e93
[0m17:01:26.720236 [debug] [Thread-1 (]: Began compiling node test.bodega.not_null_category_spending_invoice_date.bb466ccf3a
[0m17:01:26.720546 [debug] [Thread-4 (]: Using duckdb connection "model.bodega.tax_summary"
[0m17:01:26.720770 [debug] [Thread-2 (]: On model.bodega.top_products: /* {"app": "dbt", "dbt_version": "1.12.3", "profile_name": "bodega", "target_name": "local", "node_id": "model.bodega.top_products"} */

      select
          column_name,
          column_type as data_type,
          cast(null as bigint) as character_maximum_length,
          cast(null as bigint) as numeric_precision,
          cast(null as bigint) as numeric_scale
      from (describe "gold"."bodega"."top_products")
  
[0m17:01:26.723978 [debug] [Thread-3 (]: Writing injected SQL for node "test.bodega.not_null_spending_by_day_invoice_date.2509f75e93"
[0m17:01:26.727899 [debug] [Thread-1 (]: Writing injected SQL for node "test.bodega.not_null_category_spending_invoice_date.bb466ccf3a"
[0m17:01:26.728304 [debug] [Thread-4 (]: On model.bodega.tax_summary: COMMIT
[0m17:01:26.729459 [debug] [Thread-1 (]: Began executing node test.bodega.not_null_category_spending_invoice_date.bb466ccf3a
[0m17:01:26.730358 [debug] [Thread-1 (]: Writing runtime sql for node "test.bodega.not_null_category_spending_invoice_date.bb466ccf3a"
[0m17:01:26.730735 [debug] [Thread-3 (]: Began executing node test.bodega.not_null_spending_by_day_invoice_date.2509f75e93
[0m17:01:26.731214 [debug] [Thread-4 (]: SQL status: OK in 0.002 seconds
[0m17:01:26.731574 [debug] [Thread-2 (]: SQL status: OK in 0.003 seconds
[0m17:01:26.732887 [debug] [Thread-3 (]: Writing runtime sql for node "test.bodega.not_null_spending_by_day_invoice_date.2509f75e93"
[0m17:01:26.734214 [debug] [Thread-4 (]: Using duckdb connection "model.bodega.tax_summary"
[0m17:01:26.734843 [debug] [Thread-4 (]: On model.bodega.tax_summary: /* {"app": "dbt", "dbt_version": "1.12.3", "profile_name": "bodega", "target_name": "local", "node_id": "model.bodega.tax_summary"} */

      drop table if exists "gold"."bodega"."tax_summary__dbt_backup" cascade
    
[0m17:01:26.736402 [debug] [Thread-2 (]: Using duckdb connection "model.bodega.top_products"
[0m17:01:26.736751 [debug] [Thread-1 (]: Using duckdb connection "test.bodega.not_null_category_spending_invoice_date.bb466ccf3a"
[0m17:01:26.737204 [debug] [Thread-2 (]: On model.bodega.top_products: /* {"app": "dbt", "dbt_version": "1.12.3", "profile_name": "bodega", "target_name": "local", "node_id": "model.bodega.top_products"} */

      select
          column_name,
          column_type as data_type,
          cast(null as bigint) as character_maximum_length,
          cast(null as bigint) as numeric_precision,
          cast(null as bigint) as numeric_scale
      from (describe "gold"."bodega"."top_products")
  
[0m17:01:26.737641 [debug] [Thread-1 (]: On test.bodega.not_null_category_spending_invoice_date.bb466ccf3a: BEGIN
[0m17:01:26.737923 [debug] [Thread-3 (]: Using duckdb connection "test.bodega.not_null_spending_by_day_invoice_date.2509f75e93"
[0m17:01:26.738166 [debug] [Thread-4 (]: SQL status: OK in 0.001 seconds
[0m17:01:26.738490 [debug] [Thread-1 (]: Opening a new connection, currently in state closed
[0m17:01:26.738742 [debug] [Thread-3 (]: On test.bodega.not_null_spending_by_day_invoice_date.2509f75e93: BEGIN
[0m17:01:26.739525 [debug] [Thread-4 (]: On model.bodega.tax_summary: Close
[0m17:01:26.739792 [debug] [Thread-2 (]: SQL status: OK in 0.001 seconds
[0m17:01:26.741156 [debug] [Thread-3 (]: Opening a new connection, currently in state closed
[0m17:01:26.742207 [debug] [Thread-4 (]: Sending event: {'category': 'dbt', 'action': 'run_model', 'label': '1c24410f-c945-44d5-82ff-f681f8ce0778', 'context': [<snowplow_tracker.self_describing_json.SelfDescribingJson object at 0x10a94e3d0>]}
[0m17:01:26.743933 [debug] [Thread-3 (]: SQL status: OK in 0.003 seconds
[0m17:01:26.744763 [debug] [Thread-1 (]: SQL status: OK in 0.006 seconds
[0m17:01:26.748983 [debug] [Thread-2 (]: Using duckdb connection "model.bodega.top_products"
[0m17:01:26.752570 [info ] [Thread-4 (]: 5 of 12 OK created sql table model gold.bodega.tax_summary ..................... [[32mOK[0m in 0.10s]
[0m17:01:26.752960 [debug] [Thread-3 (]: Using duckdb connection "test.bodega.not_null_spending_by_day_invoice_date.2509f75e93"
[0m17:01:26.753215 [debug] [Thread-1 (]: Using duckdb connection "test.bodega.not_null_category_spending_invoice_date.bb466ccf3a"
[0m17:01:26.753453 [debug] [Thread-2 (]: On model.bodega.top_products: /* {"app": "dbt", "dbt_version": "1.12.3", "profile_name": "bodega", "target_name": "local", "node_id": "model.bodega.top_products"} */

    
  
  
    
    
    comment on column "gold"."bodega"."top_products".description_clean is $dbt_comment_literal_block$Product key, trimmed and uppercased. Joins to invoice_items.description_clean.$dbt_comment_literal_block$;
  

  
[0m17:01:26.753843 [debug] [Thread-4 (]: Finished running node model.bodega.tax_summary
[0m17:01:26.754099 [debug] [Thread-3 (]: On test.bodega.not_null_spending_by_day_invoice_date.2509f75e93: /* {"app": "dbt", "dbt_version": "1.12.3", "profile_name": "bodega", "target_name": "local", "node_id": "test.bodega.not_null_spending_by_day_invoice_date.2509f75e93"} */

    
    select
      count(*) as failures,
      count(*) != 0 as should_warn,
      count(*) != 0 as should_error
    from (
      
    
  
    
    



select invoice_date
from "gold"."bodega"."spending_by_day"
where invoice_date is null



  
  
      
    ) dbt_internal_test
[0m17:01:26.754423 [debug] [Thread-1 (]: On test.bodega.not_null_category_spending_invoice_date.bb466ccf3a: /* {"app": "dbt", "dbt_version": "1.12.3", "profile_name": "bodega", "target_name": "local", "node_id": "test.bodega.not_null_category_spending_invoice_date.bb466ccf3a"} */

    
    select
      count(*) as failures,
      count(*) != 0 as should_warn,
      count(*) != 0 as should_error
    from (
      
    
  
    
    



select invoice_date
from "gold"."bodega"."category_spending"
where invoice_date is null



  
  
      
    ) dbt_internal_test
[0m17:01:26.755136 [debug] [Thread-4 (]: Began running node test.bodega.not_null_tax_summary_month_start.2fd9eeda3c
[0m17:01:26.755453 [debug] [Thread-3 (]: SQL status: OK in 0.000 seconds
[0m17:01:26.755728 [debug] [Thread-2 (]: SQL status: OK in 0.001 seconds
[0m17:01:26.755968 [info ] [Thread-4 (]: 11 of 12 START test not_null_tax_summary_month_start ........................... [RUN]
[0m17:01:26.756237 [debug] [Thread-1 (]: SQL status: OK in 0.001 seconds
[0m17:01:26.757206 [debug] [Thread-3 (]: On test.bodega.not_null_spending_by_day_invoice_date.2509f75e93: ROLLBACK
[0m17:01:26.757850 [debug] [Thread-2 (]: On model.bodega.top_products: COMMIT
[0m17:01:26.758156 [debug] [Thread-4 (]: Re-using an available connection from the pool (formerly model.bodega.tax_summary, now test.bodega.not_null_tax_summary_month_start.2fd9eeda3c)
[0m17:01:26.759206 [debug] [Thread-1 (]: On test.bodega.not_null_category_spending_invoice_date.bb466ccf3a: ROLLBACK
[0m17:01:26.759600 [debug] [Thread-2 (]: Using duckdb connection "model.bodega.top_products"
[0m17:01:26.759826 [debug] [Thread-3 (]: On test.bodega.not_null_spending_by_day_invoice_date.2509f75e93: Close
[0m17:01:26.760026 [debug] [Thread-4 (]: Began compiling node test.bodega.not_null_tax_summary_month_start.2fd9eeda3c
[0m17:01:26.760309 [debug] [Thread-2 (]: On model.bodega.top_products: COMMIT
[0m17:01:26.764391 [debug] [Thread-4 (]: Writing injected SQL for node "test.bodega.not_null_tax_summary_month_start.2fd9eeda3c"
[0m17:01:26.764719 [info ] [Thread-3 (]: 9 of 12 PASS not_null_spending_by_day_invoice_date ............................. [[32mPASS[0m in 0.05s]
[0m17:01:26.764956 [debug] [Thread-1 (]: On test.bodega.not_null_category_spending_invoice_date.bb466ccf3a: Close
[0m17:01:26.765491 [debug] [Thread-3 (]: Finished running node test.bodega.not_null_spending_by_day_invoice_date.2509f75e93
[0m17:01:26.765960 [info ] [Thread-1 (]: 10 of 12 PASS not_null_category_spending_invoice_date .......................... [[32mPASS[0m in 0.05s]
[0m17:01:26.766517 [debug] [Thread-1 (]: Finished running node test.bodega.not_null_category_spending_invoice_date.bb466ccf3a
[0m17:01:26.766978 [debug] [Thread-2 (]: SQL status: OK in 0.002 seconds
[0m17:01:26.767927 [debug] [Thread-2 (]: Using duckdb connection "model.bodega.top_products"
[0m17:01:26.768190 [debug] [Thread-4 (]: Began executing node test.bodega.not_null_tax_summary_month_start.2fd9eeda3c
[0m17:01:26.768564 [debug] [Thread-2 (]: On model.bodega.top_products: /* {"app": "dbt", "dbt_version": "1.12.3", "profile_name": "bodega", "target_name": "local", "node_id": "model.bodega.top_products"} */

      drop table if exists "gold"."bodega"."top_products__dbt_backup" cascade
    
[0m17:01:26.769592 [debug] [Thread-4 (]: Writing runtime sql for node "test.bodega.not_null_tax_summary_month_start.2fd9eeda3c"
[0m17:01:26.770118 [debug] [Thread-2 (]: SQL status: OK in 0.000 seconds
[0m17:01:26.770992 [debug] [Thread-2 (]: On model.bodega.top_products: Close
[0m17:01:26.771344 [debug] [Thread-2 (]: Sending event: {'category': 'dbt', 'action': 'run_model', 'label': '1c24410f-c945-44d5-82ff-f681f8ce0778', 'context': [<snowplow_tracker.self_describing_json.SelfDescribingJson object at 0x10a671c50>]}
[0m17:01:26.771750 [info ] [Thread-2 (]: 6 of 12 OK created sql table model gold.bodega.top_products .................... [[32mOK[0m in 0.12s]
[0m17:01:26.772123 [debug] [Thread-4 (]: Using duckdb connection "test.bodega.not_null_tax_summary_month_start.2fd9eeda3c"
[0m17:01:26.772420 [debug] [Thread-2 (]: Finished running node model.bodega.top_products
[0m17:01:26.772667 [debug] [Thread-4 (]: On test.bodega.not_null_tax_summary_month_start.2fd9eeda3c: BEGIN
[0m17:01:26.772940 [debug] [Thread-4 (]: Opening a new connection, currently in state closed
[0m17:01:26.773286 [debug] [Thread-3 (]: Began running node test.bodega.not_null_top_products_description_clean.03adf210e6
[0m17:01:26.773686 [debug] [Thread-4 (]: SQL status: OK in 0.001 seconds
[0m17:01:26.773528 [info ] [Thread-3 (]: 12 of 12 START test not_null_top_products_description_clean .................... [RUN]
[0m17:01:26.773995 [debug] [Thread-4 (]: Using duckdb connection "test.bodega.not_null_tax_summary_month_start.2fd9eeda3c"
[0m17:01:26.774290 [debug] [Thread-3 (]: Re-using an available connection from the pool (formerly test.bodega.not_null_spending_by_day_invoice_date.2509f75e93, now test.bodega.not_null_top_products_description_clean.03adf210e6)
[0m17:01:26.774797 [debug] [Thread-4 (]: On test.bodega.not_null_tax_summary_month_start.2fd9eeda3c: /* {"app": "dbt", "dbt_version": "1.12.3", "profile_name": "bodega", "target_name": "local", "node_id": "test.bodega.not_null_tax_summary_month_start.2fd9eeda3c"} */

    
    select
      count(*) as failures,
      count(*) != 0 as should_warn,
      count(*) != 0 as should_error
    from (
      
    
  
    
    



select month_start
from "gold"."bodega"."tax_summary"
where month_start is null



  
  
      
    ) dbt_internal_test
[0m17:01:26.776109 [debug] [Thread-3 (]: Began compiling node test.bodega.not_null_top_products_description_clean.03adf210e6
[0m17:01:26.780097 [debug] [Thread-3 (]: Writing injected SQL for node "test.bodega.not_null_top_products_description_clean.03adf210e6"
[0m17:01:26.780415 [debug] [Thread-4 (]: SQL status: OK in 0.004 seconds
[0m17:01:26.781407 [debug] [Thread-4 (]: On test.bodega.not_null_tax_summary_month_start.2fd9eeda3c: ROLLBACK
[0m17:01:26.781884 [debug] [Thread-4 (]: On test.bodega.not_null_tax_summary_month_start.2fd9eeda3c: Close
[0m17:01:26.782130 [debug] [Thread-3 (]: Began executing node test.bodega.not_null_top_products_description_clean.03adf210e6
[0m17:01:26.783054 [debug] [Thread-3 (]: Writing runtime sql for node "test.bodega.not_null_top_products_description_clean.03adf210e6"
[0m17:01:26.783394 [info ] [Thread-4 (]: 11 of 12 PASS not_null_tax_summary_month_start ................................. [[32mPASS[0m in 0.03s]
[0m17:01:26.784173 [debug] [Thread-4 (]: Finished running node test.bodega.not_null_tax_summary_month_start.2fd9eeda3c
[0m17:01:26.784761 [debug] [Thread-3 (]: Using duckdb connection "test.bodega.not_null_top_products_description_clean.03adf210e6"
[0m17:01:26.784995 [debug] [Thread-3 (]: On test.bodega.not_null_top_products_description_clean.03adf210e6: BEGIN
[0m17:01:26.785179 [debug] [Thread-3 (]: Opening a new connection, currently in state closed
[0m17:01:26.785624 [debug] [Thread-3 (]: SQL status: OK in 0.000 seconds
[0m17:01:26.785853 [debug] [Thread-3 (]: Using duckdb connection "test.bodega.not_null_top_products_description_clean.03adf210e6"
[0m17:01:26.786033 [debug] [Thread-3 (]: On test.bodega.not_null_top_products_description_clean.03adf210e6: /* {"app": "dbt", "dbt_version": "1.12.3", "profile_name": "bodega", "target_name": "local", "node_id": "test.bodega.not_null_top_products_description_clean.03adf210e6"} */

    
    select
      count(*) as failures,
      count(*) != 0 as should_warn,
      count(*) != 0 as should_error
    from (
      
    
  
    
    



select description_clean
from "gold"."bodega"."top_products"
where description_clean is null



  
  
      
    ) dbt_internal_test
[0m17:01:26.786644 [debug] [Thread-3 (]: SQL status: OK in 0.000 seconds
[0m17:01:26.787639 [debug] [Thread-3 (]: On test.bodega.not_null_top_products_description_clean.03adf210e6: ROLLBACK
[0m17:01:26.787929 [debug] [Thread-3 (]: On test.bodega.not_null_top_products_description_clean.03adf210e6: Close
[0m17:01:26.788224 [info ] [Thread-3 (]: 12 of 12 PASS not_null_top_products_description_clean .......................... [[32mPASS[0m in 0.01s]
[0m17:01:26.788477 [debug] [Thread-3 (]: Finished running node test.bodega.not_null_top_products_description_clean.03adf210e6
[0m17:01:26.789309 [debug] [MainThread]: Using duckdb connection "master"
[0m17:01:26.789491 [debug] [MainThread]: On master: BEGIN
[0m17:01:26.789637 [debug] [MainThread]: Opening a new connection, currently in state closed
[0m17:01:26.789923 [debug] [MainThread]: SQL status: OK in 0.000 seconds
[0m17:01:26.790087 [debug] [MainThread]: On master: COMMIT
[0m17:01:26.790243 [debug] [MainThread]: Using duckdb connection "master"
[0m17:01:26.790382 [debug] [MainThread]: On master: COMMIT
[0m17:01:26.790680 [debug] [MainThread]: SQL status: OK in 0.000 seconds
[0m17:01:26.790946 [debug] [MainThread]: On master: Close
[0m17:01:26.791189 [debug] [MainThread]: Connection 'master' was properly closed.
[0m17:01:26.791347 [debug] [MainThread]: Connection 'test.bodega.not_null_category_spending_invoice_date.bb466ccf3a' was properly closed.
[0m17:01:26.791537 [debug] [MainThread]: Connection 'model.bodega.top_products' was properly closed.
[0m17:01:26.791908 [debug] [MainThread]: Connection 'test.bodega.not_null_tax_summary_month_start.2fd9eeda3c' was properly closed.
[0m17:01:26.792135 [debug] [MainThread]: Connection 'test.bodega.not_null_top_products_description_clean.03adf210e6' was properly closed.
[0m17:01:26.792334 [info ] [MainThread]: 
[0m17:01:26.792506 [info ] [MainThread]: Finished running 6 table models, 6 data tests in 0 hours 0 minutes and 0.36 seconds (0.36s).
[0m17:01:26.793385 [debug] [MainThread]: Command end result
[0m17:01:26.814165 [debug] [MainThread]: Wrote artifact WritableManifest to /Users/alvarosantosandres/personal/datahub-local-ai/workflows/dbt/projects/bodega/target/manifest.json
[0m17:01:26.815952 [debug] [MainThread]: Wrote artifact SemanticManifest to /Users/alvarosantosandres/personal/datahub-local-ai/workflows/dbt/projects/bodega/target/semantic_manifest.json
[0m17:01:26.818420 [debug] [MainThread]: Wrote artifact OsiDocument to /Users/alvarosantosandres/personal/datahub-local-ai/workflows/dbt/projects/bodega/target/osi_document.json
[0m17:01:26.823261 [debug] [MainThread]: Wrote artifact RunExecutionResult to /Users/alvarosantosandres/personal/datahub-local-ai/workflows/dbt/projects/bodega/target/run_results.json
[0m17:01:26.823542 [info ] [MainThread]: 
[0m17:01:26.823767 [info ] [MainThread]: [32mCompleted successfully[0m
[0m17:01:26.823932 [info ] [MainThread]: 
[0m17:01:26.824132 [info ] [MainThread]: Done. PASS=12 WARN=0 ERROR=0 SKIP=0 NO-OP=0 REUSED=0 TOTAL=12
[0m17:01:26.824545 [debug] [MainThread]: Resource report: {"command_name": "build", "command_success": true, "command_wall_clock_time": 1.020126, "process_in_blocks": "0", "process_kernel_time": 0.292629, "process_mem_max_rss": "186580992", "process_out_blocks": "0", "process_user_time": 1.562257}
[0m17:01:26.824854 [debug] [MainThread]: Command `cli build` succeeded at 17:01:26.824805 after 1.02 seconds
[0m17:01:26.825193 [debug] [MainThread]: Sending event: {'category': 'dbt', 'action': 'invocation', 'label': 'end', 'context': [<snowplow_tracker.self_describing_json.SelfDescribingJson object at 0x107df82f0>, <snowplow_tracker.self_describing_json.SelfDescribingJson object at 0x10a627290>, <snowplow_tracker.self_describing_json.SelfDescribingJson object at 0x10a66c890>]}
[0m17:01:26.825515 [debug] [MainThread]: Flushing usage events
[0m17:01:27.776411 [debug] [MainThread]: An error was encountered while trying to flush usage events
[0m17:01:29.158230 [debug] [MainThread]: Sending event: {'category': 'dbt', 'action': 'invocation', 'label': 'start', 'context': [<snowplow_tracker.self_describing_json.SelfDescribingJson object at 0x108cad940>, <snowplow_tracker.self_describing_json.SelfDescribingJson object at 0x10cc4f9d0>, <snowplow_tracker.self_describing_json.SelfDescribingJson object at 0x10cc4f750>]}


============================== 17:01:29.162177 | 040296e8-0b03-4cd6-afa8-a20db458e05f ==============================
[0m17:01:29.162177 [info ] [MainThread]: Running with dbt=1.12.3
[0m17:01:29.162592 [debug] [MainThread]: running dbt with arguments {'use_colors': 'True', 'cache_selected_only': 'False', 'invocation_command': 'dbt tests/ --ignore=tests/example_db/test_integration.py -q', 'maximum_seed_size_mib': '1', 'log_path': '/Users/alvarosantosandres/personal/datahub-local-ai/workflows/dbt/projects/bodega/logs', 'debug': 'False', 'write_json': 'True', 'introspect': 'True', 'indirect_selection': 'eager', 'fail_fast': 'False', 'empty': 'None', 'log_format': 'default', 'hints_enabled': 'True', 'partial_parse': 'True', 'target_path': 'None', 'profiles_dir': '/Users/alvarosantosandres/personal/datahub-local-ai/workflows/dbt/projects/bodega', 'quiet': 'False', 'static_parser': 'True', 'warn_error_options': 'WarnErrorOptionsV2(error=[], warn=[], silence=[])', 'log_cache_events': 'False', 'use_experimental_parser': 'False', 'send_anonymous_usage_stats': 'True', 'version_check': 'True', 'printer_width': '80', 'warn_error': 'None', 'no_print': 'None'}
[0m17:01:29.291664 [debug] [MainThread]: Sending event: {'category': 'dbt', 'action': 'project_id', 'label': '040296e8-0b03-4cd6-afa8-a20db458e05f', 'context': [<snowplow_tracker.self_describing_json.SelfDescribingJson object at 0x108fce060>]}
[0m17:01:29.339118 [debug] [MainThread]: Sending event: {'category': 'dbt', 'action': 'adapter_info', 'label': '040296e8-0b03-4cd6-afa8-a20db458e05f', 'context': [<snowplow_tracker.self_describing_json.SelfDescribingJson object at 0x10ce1ff00>]}
[0m17:01:29.340783 [info ] [MainThread]: Registered adapter: duckdb=1.11.0
[0m17:01:29.407146 [debug] [MainThread]: checksum: 59a249011856ecdb0c0125045551a53b65cd388a4d7d6d24b99b9f67da16e401, vars: {}, profile: bodega, target: local, version: 1.12.3
[0m17:01:29.484670 [debug] [MainThread]: Partial parsing enabled: 0 files deleted, 0 files added, 0 files changed.
[0m17:01:29.484956 [debug] [MainThread]: Nothing changed, skipping partial parsing.
[0m17:01:29.485120 [debug] [MainThread]: Partial parsing enabled, no changes found, skipping parsing
[0m17:01:29.490424 [debug] [MainThread]: Sending event: {'category': 'dbt', 'action': 'load_project', 'label': '040296e8-0b03-4cd6-afa8-a20db458e05f', 'context': [<snowplow_tracker.self_describing_json.SelfDescribingJson object at 0x10d1f4050>]}
[0m17:01:29.492283 [info ] [MainThread]: Performance info: /Users/alvarosantosandres/personal/datahub-local-ai/workflows/dbt/projects/bodega/target/perf_info.json
[0m17:01:29.569793 [debug] [MainThread]: Wrote artifact WritableManifest to /Users/alvarosantosandres/personal/datahub-local-ai/workflows/dbt/projects/bodega/target/manifest.json
[0m17:01:29.571685 [debug] [MainThread]: Wrote artifact SemanticManifest to /Users/alvarosantosandres/personal/datahub-local-ai/workflows/dbt/projects/bodega/target/semantic_manifest.json
[0m17:01:29.580929 [debug] [MainThread]: Wrote artifact OsiDocument to /Users/alvarosantosandres/personal/datahub-local-ai/workflows/dbt/projects/bodega/target/osi_document.json
[0m17:01:29.581468 [debug] [MainThread]: Resource report: {"command_name": "parse", "command_success": true, "command_wall_clock_time": 0.53071076, "process_in_blocks": "0", "process_kernel_time": 0.397188, "process_mem_max_rss": "175915008", "process_out_blocks": "0", "process_user_time": 1.359117}
[0m17:01:29.581799 [debug] [MainThread]: Command `cli parse` succeeded at 17:01:29.581742 after 0.53 seconds
[0m17:01:29.582030 [debug] [MainThread]: Sending event: {'category': 'dbt', 'action': 'invocation', 'label': 'end', 'context': [<snowplow_tracker.self_describing_json.SelfDescribingJson object at 0x10cd855e0>, <snowplow_tracker.self_describing_json.SelfDescribingJson object at 0x10d5107d0>, <snowplow_tracker.self_describing_json.SelfDescribingJson object at 0x10cc53e70>]}
[0m17:01:29.582249 [debug] [MainThread]: Flushing usage events
[0m17:01:30.122197 [debug] [MainThread]: An error was encountered while trying to flush usage events
[0m17:01:50.684014 [debug] [MainThread]: Sending event: {'category': 'dbt', 'action': 'invocation', 'label': 'start', 'context': [<snowplow_tracker.self_describing_json.SelfDescribingJson object at 0x108c89400>, <snowplow_tracker.self_describing_json.SelfDescribingJson object at 0x10a08b750>, <snowplow_tracker.self_describing_json.SelfDescribingJson object at 0x10a08b890>]}


============================== 17:01:50.688683 | dba47441-0fb1-422e-b2f4-217de8b9a8f5 ==============================
[0m17:01:50.688683 [info ] [MainThread]: Running with dbt=1.12.3
[0m17:01:50.689206 [debug] [MainThread]: running dbt with arguments {'warn_error_options': 'WarnErrorOptionsV2(error=[], warn=[], silence=[])', 'warn_error': 'None', 'printer_width': '80', 'use_experimental_parser': 'False', 'static_parser': 'True', 'quiet': 'False', 'invocation_command': 'dbt tests/bodega/test_project.py -q', 'use_colors': 'True', 'fail_fast': 'False', 'version_check': 'True', 'introspect': 'True', 'debug': 'False', 'partial_parse': 'True', 'log_format': 'default', 'send_anonymous_usage_stats': 'True', 'log_path': '/Users/alvarosantosandres/personal/datahub-local-ai/workflows/dbt/projects/bodega/logs', 'maximum_seed_size_mib': '1', 'write_json': 'True', 'cache_selected_only': 'False', 'target_path': 'None', 'hints_enabled': 'True', 'empty': 'None', 'log_cache_events': 'False', 'no_print': 'None', 'indirect_selection': 'eager', 'profiles_dir': '/Users/alvarosantosandres/personal/datahub-local-ai/workflows/dbt/projects/bodega'}
[0m17:01:50.892702 [debug] [MainThread]: Sending event: {'category': 'dbt', 'action': 'project_id', 'label': 'dba47441-0fb1-422e-b2f4-217de8b9a8f5', 'context': [<snowplow_tracker.self_describing_json.SelfDescribingJson object at 0x108fd8510>]}
[0m17:01:50.936878 [debug] [MainThread]: Sending event: {'category': 'dbt', 'action': 'adapter_info', 'label': 'dba47441-0fb1-422e-b2f4-217de8b9a8f5', 'context': [<snowplow_tracker.self_describing_json.SelfDescribingJson object at 0x10a2fb020>]}
[0m17:01:50.939021 [info ] [MainThread]: Registered adapter: duckdb=1.11.0
[0m17:01:51.008101 [debug] [MainThread]: checksum: 59a249011856ecdb0c0125045551a53b65cd388a4d7d6d24b99b9f67da16e401, vars: {}, profile: bodega, target: local, version: 1.12.3
[0m17:01:51.070869 [info ] [MainThread]: Unable to do partial parsing because profile has changed
[0m17:01:51.071330 [debug] [MainThread]: Sending event: {'category': 'dbt', 'action': 'partial_parser', 'label': 'dba47441-0fb1-422e-b2f4-217de8b9a8f5', 'context': [<snowplow_tracker.self_describing_json.SelfDescribingJson object at 0x10a762c50>]}
[0m17:01:51.963329 [debug] [MainThread]: Sending event: {'category': 'dbt', 'action': 'load_project', 'label': 'dba47441-0fb1-422e-b2f4-217de8b9a8f5', 'context': [<snowplow_tracker.self_describing_json.SelfDescribingJson object at 0x10a7846e0>]}
[0m17:01:51.965423 [info ] [MainThread]: Performance info: /Users/alvarosantosandres/personal/datahub-local-ai/workflows/dbt/projects/bodega/target/perf_info.json
[0m17:01:52.020228 [debug] [MainThread]: Wrote artifact WritableManifest to /Users/alvarosantosandres/personal/datahub-local-ai/workflows/dbt/projects/bodega/target/manifest.json
[0m17:01:52.022877 [debug] [MainThread]: Wrote artifact SemanticManifest to /Users/alvarosantosandres/personal/datahub-local-ai/workflows/dbt/projects/bodega/target/semantic_manifest.json
[0m17:01:52.037730 [debug] [MainThread]: Wrote artifact OsiDocument to /Users/alvarosantosandres/personal/datahub-local-ai/workflows/dbt/projects/bodega/target/osi_document.json
[0m17:01:52.038224 [debug] [MainThread]: Resource report: {"command_name": "parse", "command_success": true, "command_wall_clock_time": 1.4680518, "process_in_blocks": "0", "process_kernel_time": 0.39855, "process_mem_max_rss": "176635904", "process_out_blocks": "0", "process_user_time": 2.067646}
[0m17:01:52.038507 [debug] [MainThread]: Command `cli parse` succeeded at 17:01:52.038458 after 1.47 seconds
[0m17:01:52.038726 [debug] [MainThread]: Sending event: {'category': 'dbt', 'action': 'invocation', 'label': 'end', 'context': [<snowplow_tracker.self_describing_json.SelfDescribingJson object at 0x109f37e70>, <snowplow_tracker.self_describing_json.SelfDescribingJson object at 0x109f37930>, <snowplow_tracker.self_describing_json.SelfDescribingJson object at 0x10ad9aea0>]}
[0m17:01:52.038929 [debug] [MainThread]: Flushing usage events
[0m17:01:52.592710 [debug] [MainThread]: An error was encountered while trying to flush usage events
[0m17:04:29.037059 [debug] [MainThread]: Sending event: {'category': 'dbt', 'action': 'invocation', 'label': 'start', 'context': [<snowplow_tracker.self_describing_json.SelfDescribingJson object at 0x10d921160>, <snowplow_tracker.self_describing_json.SelfDescribingJson object at 0x10ed0f750>, <snowplow_tracker.self_describing_json.SelfDescribingJson object at 0x10ed0f890>]}


============================== 17:04:29.042298 | a6d8acc8-7d65-4ffb-98b3-1c358a60370d ==============================
[0m17:04:29.042298 [info ] [MainThread]: Running with dbt=1.12.3
[0m17:04:29.042737 [debug] [MainThread]: running dbt with arguments {'invocation_command': 'dbt tests/bodega/test_project.py -q', 'hints_enabled': 'True', 'profiles_dir': '/Users/alvarosantosandres/personal/datahub-local-ai/workflows/dbt/projects/bodega', 'send_anonymous_usage_stats': 'True', 'introspect': 'True', 'cache_selected_only': 'False', 'partial_parse': 'True', 'fail_fast': 'False', 'warn_error_options': 'WarnErrorOptionsV2(error=[], warn=[], silence=[])', 'static_parser': 'True', 'maximum_seed_size_mib': '1', 'debug': 'False', 'use_colors': 'True', 'no_print': 'None', 'log_path': '/Users/alvarosantosandres/personal/datahub-local-ai/workflows/dbt/projects/bodega/logs', 'indirect_selection': 'eager', 'printer_width': '80', 'log_format': 'default', 'log_cache_events': 'False', 'use_experimental_parser': 'False', 'target_path': 'None', 'empty': 'None', 'write_json': 'True', 'quiet': 'False', 'warn_error': 'None', 'version_check': 'True'}
[0m17:04:29.351537 [debug] [MainThread]: Sending event: {'category': 'dbt', 'action': 'project_id', 'label': 'a6d8acc8-7d65-4ffb-98b3-1c358a60370d', 'context': [<snowplow_tracker.self_describing_json.SelfDescribingJson object at 0x10dc5c510>]}
[0m17:04:29.399810 [debug] [MainThread]: Sending event: {'category': 'dbt', 'action': 'adapter_info', 'label': 'a6d8acc8-7d65-4ffb-98b3-1c358a60370d', 'context': [<snowplow_tracker.self_describing_json.SelfDescribingJson object at 0x10ef7b130>]}
[0m17:04:29.402863 [info ] [MainThread]: Registered adapter: duckdb=1.11.0
[0m17:04:29.490178 [debug] [MainThread]: checksum: 59a249011856ecdb0c0125045551a53b65cd388a4d7d6d24b99b9f67da16e401, vars: {}, profile: bodega, target: local, version: 1.12.3
[0m17:04:29.620130 [debug] [MainThread]: Partial parsing enabled: 0 files deleted, 0 files added, 0 files changed.
[0m17:04:29.620429 [debug] [MainThread]: Nothing changed, skipping partial parsing.
[0m17:04:29.620596 [debug] [MainThread]: Partial parsing enabled, no changes found, skipping parsing
[0m17:04:29.626485 [debug] [MainThread]: Sending event: {'category': 'dbt', 'action': 'load_project', 'label': 'a6d8acc8-7d65-4ffb-98b3-1c358a60370d', 'context': [<snowplow_tracker.self_describing_json.SelfDescribingJson object at 0x10f40b050>]}
[0m17:04:29.629119 [info ] [MainThread]: Performance info: /Users/alvarosantosandres/personal/datahub-local-ai/workflows/dbt/projects/bodega/target/perf_info.json
[0m17:04:29.748200 [debug] [MainThread]: Wrote artifact WritableManifest to /Users/alvarosantosandres/personal/datahub-local-ai/workflows/dbt/projects/bodega/target/manifest.json
[0m17:04:29.750708 [debug] [MainThread]: Wrote artifact SemanticManifest to /Users/alvarosantosandres/personal/datahub-local-ai/workflows/dbt/projects/bodega/target/semantic_manifest.json
[0m17:04:29.768413 [debug] [MainThread]: Wrote artifact OsiDocument to /Users/alvarosantosandres/personal/datahub-local-ai/workflows/dbt/projects/bodega/target/osi_document.json
[0m17:04:29.769210 [debug] [MainThread]: Resource report: {"command_name": "parse", "command_success": true, "command_wall_clock_time": 0.8847711, "process_in_blocks": "0", "process_kernel_time": 0.495444, "process_mem_max_rss": "163577856", "process_out_blocks": "0", "process_user_time": 1.49941}
[0m17:04:29.769602 [debug] [MainThread]: Command `cli parse` succeeded at 17:04:29.769535 after 0.89 seconds
[0m17:04:29.769878 [debug] [MainThread]: Sending event: {'category': 'dbt', 'action': 'invocation', 'label': 'end', 'context': [<snowplow_tracker.self_describing_json.SelfDescribingJson object at 0x10ee49130>, <snowplow_tracker.self_describing_json.SelfDescribingJson object at 0x10f67c410>, <snowplow_tracker.self_describing_json.SelfDescribingJson object at 0x10ebbbe70>]}
[0m17:04:29.770104 [debug] [MainThread]: Flushing usage events
[0m17:04:30.401114 [debug] [MainThread]: An error was encountered while trying to flush usage events
[0m17:04:32.290622 [debug] [MainThread]: Sending event: {'category': 'dbt', 'action': 'invocation', 'label': 'start', 'context': [<snowplow_tracker.self_describing_json.SelfDescribingJson object at 0x10a986660>, <snowplow_tracker.self_describing_json.SelfDescribingJson object at 0x10bdc79d0>, <snowplow_tracker.self_describing_json.SelfDescribingJson object at 0x10bdc7890>]}


============================== 17:04:32.295658 | 95cdc193-6bbf-45e8-bf50-d72731c83214 ==============================
[0m17:04:32.295658 [info ] [MainThread]: Running with dbt=1.12.3
[0m17:04:32.296054 [debug] [MainThread]: running dbt with arguments {'fail_fast': 'False', 'send_anonymous_usage_stats': 'True', 'invocation_command': 'dbt --project bodega', 'profiles_dir': '/Users/alvarosantosandres/personal/datahub-local-ai/workflows/dbt/projects/bodega', 'warn_error_options': 'WarnErrorOptionsV2(error=[], warn=[], silence=[])', 'warn_error': 'None', 'debug': 'False', 'introspect': 'True', 'log_format': 'default', 'printer_width': '80', 'use_colors': 'True', 'maximum_seed_size_mib': '1', 'empty': 'None', 'write_json': 'True', 'log_path': '/Users/alvarosantosandres/personal/datahub-local-ai/workflows/dbt/projects/bodega/logs', 'target_path': 'None', 'cache_selected_only': 'False', 'no_print': 'None', 'version_check': 'True', 'hints_enabled': 'True', 'log_cache_events': 'False', 'use_experimental_parser': 'False', 'indirect_selection': 'eager', 'quiet': 'False', 'static_parser': 'True', 'partial_parse': 'True'}
[0m17:04:32.501391 [debug] [MainThread]: Sending event: {'category': 'dbt', 'action': 'project_id', 'label': '95cdc193-6bbf-45e8-bf50-d72731c83214', 'context': [<snowplow_tracker.self_describing_json.SelfDescribingJson object at 0x10ac8b490>]}
[0m17:04:32.561752 [debug] [MainThread]: Sending event: {'category': 'dbt', 'action': 'adapter_info', 'label': '95cdc193-6bbf-45e8-bf50-d72731c83214', 'context': [<snowplow_tracker.self_describing_json.SelfDescribingJson object at 0x10c03b130>]}
[0m17:04:32.566260 [info ] [MainThread]: Registered adapter: duckdb=1.11.0
[0m17:04:32.643262 [debug] [MainThread]: checksum: 59a249011856ecdb0c0125045551a53b65cd388a4d7d6d24b99b9f67da16e401, vars: {}, profile: bodega, target: local, version: 1.12.3
[0m17:04:32.771927 [info ] [MainThread]: Unable to do partial parsing because profile has changed
[0m17:04:32.772386 [debug] [MainThread]: Sending event: {'category': 'dbt', 'action': 'partial_parser', 'label': '95cdc193-6bbf-45e8-bf50-d72731c83214', 'context': [<snowplow_tracker.self_describing_json.SelfDescribingJson object at 0x10c4a5f50>]}
[0m17:04:34.017253 [debug] [MainThread]: Sending event: {'category': 'dbt', 'action': 'load_project', 'label': '95cdc193-6bbf-45e8-bf50-d72731c83214', 'context': [<snowplow_tracker.self_describing_json.SelfDescribingJson object at 0x10c2e36b0>]}
[0m17:04:34.020540 [info ] [MainThread]: Performance info: /Users/alvarosantosandres/personal/datahub-local-ai/workflows/dbt/projects/bodega/target/perf_info.json
[0m17:04:34.098437 [debug] [MainThread]: Wrote artifact WritableManifest to /Users/alvarosantosandres/personal/datahub-local-ai/workflows/dbt/projects/bodega/target/manifest.json
[0m17:04:34.101043 [debug] [MainThread]: Wrote artifact SemanticManifest to /Users/alvarosantosandres/personal/datahub-local-ai/workflows/dbt/projects/bodega/target/semantic_manifest.json
[0m17:04:34.113268 [debug] [MainThread]: Wrote artifact OsiDocument to /Users/alvarosantosandres/personal/datahub-local-ai/workflows/dbt/projects/bodega/target/osi_document.json
[0m17:04:34.114039 [debug] [MainThread]: Resource report: {"command_name": "parse", "command_success": true, "command_wall_clock_time": 1.965392, "process_in_blocks": "0", "process_kernel_time": 0.325206, "process_mem_max_rss": "167641088", "process_out_blocks": "0", "process_user_time": 2.326531}
[0m17:04:34.114641 [debug] [MainThread]: Command `cli parse` succeeded at 17:04:34.114561 after 1.97 seconds
[0m17:04:34.115031 [debug] [MainThread]: Sending event: {'category': 'dbt', 'action': 'invocation', 'label': 'end', 'context': [<snowplow_tracker.self_describing_json.SelfDescribingJson object at 0x10bd77e70>, <snowplow_tracker.self_describing_json.SelfDescribingJson object at 0x10bd76dd0>, <snowplow_tracker.self_describing_json.SelfDescribingJson object at 0x10c9fca10>]}
[0m17:04:34.115427 [debug] [MainThread]: Flushing usage events
[0m17:04:34.665426 [debug] [MainThread]: An error was encountered while trying to flush usage events
[0m17:27:19.081641 [debug] [MainThread]: Sending event: {'category': 'dbt', 'action': 'invocation', 'label': 'start', 'context': [<snowplow_tracker.self_describing_json.SelfDescribingJson object at 0x10c596660>, <snowplow_tracker.self_describing_json.SelfDescribingJson object at 0x10d9d79d0>, <snowplow_tracker.self_describing_json.SelfDescribingJson object at 0x10d9d7890>]}


============================== 17:27:19.086418 | 6fd74526-45a9-4081-8de2-0b83a6a00cb6 ==============================
[0m17:27:19.086418 [info ] [MainThread]: Running with dbt=1.12.3
[0m17:27:19.086788 [debug] [MainThread]: running dbt with arguments {'fail_fast': 'False', 'log_path': '/Users/alvarosantosandres/personal/datahub-local-ai/workflows/dbt/projects/bodega/logs', 'empty': 'None', 'log_format': 'default', 'indirect_selection': 'eager', 'invocation_command': 'dbt --project bodega', 'static_parser': 'True', 'printer_width': '80', 'introspect': 'True', 'write_json': 'True', 'warn_error_options': 'WarnErrorOptionsV2(error=[], warn=[], silence=[])', 'use_colors': 'True', 'use_experimental_parser': 'False', 'partial_parse': 'True', 'maximum_seed_size_mib': '1', 'no_print': 'None', 'warn_error': 'None', 'debug': 'False', 'send_anonymous_usage_stats': 'True', 'cache_selected_only': 'False', 'profiles_dir': '/Users/alvarosantosandres/personal/datahub-local-ai/workflows/dbt/projects/bodega', 'log_cache_events': 'False', 'hints_enabled': 'True', 'quiet': 'False', 'target_path': 'None', 'version_check': 'True'}
[0m17:27:19.375227 [debug] [MainThread]: Sending event: {'category': 'dbt', 'action': 'project_id', 'label': '6fd74526-45a9-4081-8de2-0b83a6a00cb6', 'context': [<snowplow_tracker.self_describing_json.SelfDescribingJson object at 0x10c89f490>]}
[0m17:27:19.433307 [debug] [MainThread]: Sending event: {'category': 'dbt', 'action': 'adapter_info', 'label': '6fd74526-45a9-4081-8de2-0b83a6a00cb6', 'context': [<snowplow_tracker.self_describing_json.SelfDescribingJson object at 0x10dc4b130>]}
[0m17:27:19.435765 [info ] [MainThread]: Registered adapter: duckdb=1.11.0
[0m17:27:19.503152 [debug] [MainThread]: checksum: 59a249011856ecdb0c0125045551a53b65cd388a4d7d6d24b99b9f67da16e401, vars: {}, profile: bodega, target: local, version: 1.12.3
[0m17:27:19.671913 [debug] [MainThread]: Partial parsing enabled: 0 files deleted, 0 files added, 0 files changed.
[0m17:27:19.672242 [debug] [MainThread]: Nothing changed, skipping partial parsing.
[0m17:27:19.672407 [debug] [MainThread]: Partial parsing enabled, no changes found, skipping parsing
[0m17:27:19.678147 [debug] [MainThread]: Sending event: {'category': 'dbt', 'action': 'load_project', 'label': '6fd74526-45a9-4081-8de2-0b83a6a00cb6', 'context': [<snowplow_tracker.self_describing_json.SelfDescribingJson object at 0x10e0b6350>]}
[0m17:27:19.680338 [info ] [MainThread]: Performance info: /Users/alvarosantosandres/personal/datahub-local-ai/workflows/dbt/projects/bodega/target/perf_info.json
[0m17:27:19.759699 [debug] [MainThread]: Wrote artifact WritableManifest to /Users/alvarosantosandres/personal/datahub-local-ai/workflows/dbt/projects/bodega/target/manifest.json
[0m17:27:19.762062 [debug] [MainThread]: Wrote artifact SemanticManifest to /Users/alvarosantosandres/personal/datahub-local-ai/workflows/dbt/projects/bodega/target/semantic_manifest.json
[0m17:27:19.779428 [debug] [MainThread]: Wrote artifact OsiDocument to /Users/alvarosantosandres/personal/datahub-local-ai/workflows/dbt/projects/bodega/target/osi_document.json
[0m17:27:19.779851 [debug] [MainThread]: Resource report: {"command_name": "parse", "command_success": true, "command_wall_clock_time": 0.779264, "process_in_blocks": "0", "process_kernel_time": 0.389511, "process_mem_max_rss": "152485888", "process_out_blocks": "0", "process_user_time": 1.360034}
[0m17:27:19.780108 [debug] [MainThread]: Command `cli parse` succeeded at 17:27:19.780059 after 0.78 seconds
[0m17:27:19.780324 [debug] [MainThread]: Sending event: {'category': 'dbt', 'action': 'invocation', 'label': 'end', 'context': [<snowplow_tracker.self_describing_json.SelfDescribingJson object at 0x10ddd4500>, <snowplow_tracker.self_describing_json.SelfDescribingJson object at 0x10df36a80>, <snowplow_tracker.self_describing_json.SelfDescribingJson object at 0x10d987e70>]}
[0m17:27:19.780513 [debug] [MainThread]: Flushing usage events
[0m17:27:20.606059 [debug] [MainThread]: An error was encountered while trying to flush usage events
[0m17:27:22.187638 [debug] [MainThread]: Sending event: {'category': 'dbt', 'action': 'invocation', 'label': 'start', 'context': [<snowplow_tracker.self_describing_json.SelfDescribingJson object at 0x108e7a270>, <snowplow_tracker.self_describing_json.SelfDescribingJson object at 0x10a2fb890>, <snowplow_tracker.self_describing_json.SelfDescribingJson object at 0x10a2fb9d0>]}


============================== 17:27:22.190523 | 4d38b95e-708e-435c-a14c-4f9919833dcc ==============================
[0m17:27:22.190523 [info ] [MainThread]: Running with dbt=1.12.3
[0m17:27:22.190911 [debug] [MainThread]: running dbt with arguments {'cache_selected_only': 'False', 'send_anonymous_usage_stats': 'True', 'version_check': 'True', 'printer_width': '80', 'warn_error': 'None', 'use_experimental_parser': 'False', 'hints_enabled': 'True', 'warn_error_options': 'WarnErrorOptionsV2(error=[], warn=[], silence=[])', 'debug': 'False', 'empty': 'False', 'indirect_selection': 'eager', 'log_cache_events': 'False', 'no_print': 'None', 'partial_parse': 'True', 'use_colors': 'True', 'static_parser': 'True', 'quiet': 'False', 'write_json': 'True', 'fail_fast': 'False', 'maximum_seed_size_mib': '1', 'invocation_command': 'dbt --project bodega --target local --select silver.* --full-refresh', 'target_path': 'None', 'log_format': 'default', 'introspect': 'True', 'profiles_dir': '/Users/alvarosantosandres/personal/datahub-local-ai/workflows/dbt/projects/bodega', 'log_path': '/Users/alvarosantosandres/personal/datahub-local-ai/workflows/dbt/projects/bodega/logs'}
[0m17:27:22.343240 [debug] [MainThread]: Sending event: {'category': 'dbt', 'action': 'project_id', 'label': '4d38b95e-708e-435c-a14c-4f9919833dcc', 'context': [<snowplow_tracker.self_describing_json.SelfDescribingJson object at 0x10919a190>]}
[0m17:27:22.431236 [debug] [MainThread]: Sending event: {'category': 'dbt', 'action': 'adapter_info', 'label': '4d38b95e-708e-435c-a14c-4f9919833dcc', 'context': [<snowplow_tracker.self_describing_json.SelfDescribingJson object at 0x10a285370>]}
[0m17:27:22.432676 [info ] [MainThread]: Registered adapter: duckdb=1.11.0
[0m17:27:22.496413 [debug] [MainThread]: checksum: 59a249011856ecdb0c0125045551a53b65cd388a4d7d6d24b99b9f67da16e401, vars: {}, profile: bodega, target: local, version: 1.12.3
[0m17:27:22.556623 [info ] [MainThread]: Unable to do partial parsing because profile has changed
[0m17:27:22.556997 [debug] [MainThread]: Sending event: {'category': 'dbt', 'action': 'partial_parser', 'label': '4d38b95e-708e-435c-a14c-4f9919833dcc', 'context': [<snowplow_tracker.self_describing_json.SelfDescribingJson object at 0x10a8bb350>]}
[0m17:27:23.453485 [debug] [MainThread]: Sending event: {'category': 'dbt', 'action': 'load_project', 'label': '4d38b95e-708e-435c-a14c-4f9919833dcc', 'context': [<snowplow_tracker.self_describing_json.SelfDescribingJson object at 0x10ab28e60>]}
[0m17:27:23.510378 [debug] [MainThread]: Wrote artifact WritableManifest to /Users/alvarosantosandres/personal/datahub-local-ai/workflows/dbt/projects/bodega/target/manifest.json
[0m17:27:23.512317 [debug] [MainThread]: Wrote artifact SemanticManifest to /Users/alvarosantosandres/personal/datahub-local-ai/workflows/dbt/projects/bodega/target/semantic_manifest.json
[0m17:27:23.520799 [debug] [MainThread]: Wrote artifact OsiDocument to /Users/alvarosantosandres/personal/datahub-local-ai/workflows/dbt/projects/bodega/target/osi_document.json
[0m17:27:23.541598 [debug] [MainThread]: Sending event: {'category': 'dbt', 'action': 'resource_counts', 'label': '4d38b95e-708e-435c-a14c-4f9919833dcc', 'context': [<snowplow_tracker.self_describing_json.SelfDescribingJson object at 0x10affa430>]}
[0m17:27:23.541991 [info ] [MainThread]: Found 10 models, 14 data tests, 2 sources, 516 macros
[0m17:27:23.543872 [info ] [MainThread]: 
[0m17:27:23.544161 [info ] [MainThread]: Concurrency: 4 threads (target='local')
[0m17:27:23.544329 [info ] [MainThread]: 
[0m17:27:23.544626 [debug] [MainThread]: Acquiring new duckdb connection 'master'
[0m17:27:23.547045 [debug] [ThreadPool]: Acquiring new duckdb connection 'list_silver'
[0m17:27:23.609971 [debug] [ThreadPool]: Using duckdb connection "list_silver"
[0m17:27:23.610271 [debug] [ThreadPool]: On list_silver: /* {"app": "dbt", "dbt_version": "1.12.3", "profile_name": "bodega", "target_name": "local", "connection_name": "list_silver"} */

    
    select schema_name
    from system.information_schema.schemata
    
    where lower(catalog_name) = '"silver"'
    
  
  
[0m17:27:23.610442 [debug] [ThreadPool]: Opening a new connection, currently in state init
[0m17:27:23.619255 [debug] [ThreadPool]: SQL status: OK in 0.009 seconds
[0m17:27:23.620019 [debug] [ThreadPool]: On list_silver: Close
[0m17:27:23.620502 [debug] [ThreadPool]: Re-using an available connection from the pool (formerly list_silver, now create_silver_bodega)
[0m17:27:23.620876 [debug] [ThreadPool]: Creating schema "database: "silver"
schema: "bodega"
"
[0m17:27:23.624432 [debug] [ThreadPool]: Using duckdb connection "create_silver_bodega"
[0m17:27:23.624632 [debug] [ThreadPool]: On create_silver_bodega: /* {"app": "dbt", "dbt_version": "1.12.3", "profile_name": "bodega", "target_name": "local", "connection_name": "create_silver_bodega"} */

    
        select type from duckdb_databases()
        where lower(database_name)='silver'
        and type != 'duckdb'
    
  
[0m17:27:23.624797 [debug] [ThreadPool]: Opening a new connection, currently in state closed
[0m17:27:23.625307 [debug] [ThreadPool]: SQL status: OK in 0.000 seconds
[0m17:27:23.626030 [debug] [ThreadPool]: Using duckdb connection "create_silver_bodega"
[0m17:27:23.626503 [debug] [ThreadPool]: On create_silver_bodega: BEGIN
[0m17:27:23.626870 [debug] [ThreadPool]: SQL status: OK in 0.000 seconds
[0m17:27:23.627030 [debug] [ThreadPool]: Using duckdb connection "create_silver_bodega"
[0m17:27:23.627185 [debug] [ThreadPool]: On create_silver_bodega: /* {"app": "dbt", "dbt_version": "1.12.3", "profile_name": "bodega", "target_name": "local", "connection_name": "create_silver_bodega"} */

    
    
        create schema if not exists "silver"."bodega"
    
[0m17:27:23.627435 [debug] [ThreadPool]: SQL status: OK in 0.000 seconds
[0m17:27:23.627919 [debug] [ThreadPool]: On create_silver_bodega: COMMIT
[0m17:27:23.628123 [debug] [ThreadPool]: Using duckdb connection "create_silver_bodega"
[0m17:27:23.628274 [debug] [ThreadPool]: On create_silver_bodega: COMMIT
[0m17:27:23.628865 [debug] [ThreadPool]: SQL status: OK in 0.000 seconds
[0m17:27:23.629121 [debug] [ThreadPool]: On create_silver_bodega: Close
[0m17:27:23.629996 [debug] [ThreadPool]: Re-using an available connection from the pool (formerly create_silver_bodega, now list_silver_bodega)
[0m17:27:23.630317 [debug] [ThreadPool]: Acquiring new duckdb connection 'list_gold_bodega'
[0m17:27:23.632665 [debug] [ThreadPool]: Using duckdb connection "list_silver_bodega"
[0m17:27:23.633175 [debug] [ThreadPool]: Using duckdb connection "list_gold_bodega"
[0m17:27:23.633352 [debug] [ThreadPool]: On list_silver_bodega: BEGIN
[0m17:27:23.633522 [debug] [ThreadPool]: On list_gold_bodega: BEGIN
[0m17:27:23.633681 [debug] [ThreadPool]: Opening a new connection, currently in state closed
[0m17:27:23.633840 [debug] [ThreadPool]: Opening a new connection, currently in state init
[0m17:27:23.634171 [debug] [ThreadPool]: SQL status: OK in 0.000 seconds
[0m17:27:23.634317 [debug] [ThreadPool]: Using duckdb connection "list_silver_bodega"
[0m17:27:23.634478 [debug] [ThreadPool]: On list_silver_bodega: /* {"app": "dbt", "dbt_version": "1.12.3", "profile_name": "bodega", "target_name": "local", "connection_name": "list_silver_bodega"} */
select
      'silver' as database,
      table_name as name,
      table_schema as schema,
      CASE table_type
        WHEN 'BASE TABLE' THEN 'table'
        WHEN 'VIEW' THEN 'view'
        WHEN 'LOCAL TEMPORARY' THEN 'table'
        END as type
    from system.information_schema.tables
    where lower(table_schema) = 'bodega'
    and lower(table_catalog) = 'silver'
  
[0m17:27:23.634755 [debug] [ThreadPool]: SQL status: OK in 0.001 seconds
[0m17:27:23.634971 [debug] [ThreadPool]: Using duckdb connection "list_gold_bodega"
[0m17:27:23.635134 [debug] [ThreadPool]: On list_gold_bodega: /* {"app": "dbt", "dbt_version": "1.12.3", "profile_name": "bodega", "target_name": "local", "connection_name": "list_gold_bodega"} */
select
      'gold' as database,
      table_name as name,
      table_schema as schema,
      CASE table_type
        WHEN 'BASE TABLE' THEN 'table'
        WHEN 'VIEW' THEN 'view'
        WHEN 'LOCAL TEMPORARY' THEN 'table'
        END as type
    from system.information_schema.tables
    where lower(table_schema) = 'bodega'
    and lower(table_catalog) = 'gold'
  
[0m17:27:23.636785 [debug] [ThreadPool]: SQL status: OK in 0.002 seconds
[0m17:27:23.637005 [debug] [ThreadPool]: SQL status: OK in 0.002 seconds
[0m17:27:23.637711 [debug] [ThreadPool]: On list_silver_bodega: ROLLBACK
[0m17:27:23.638294 [debug] [ThreadPool]: On list_gold_bodega: ROLLBACK
[0m17:27:23.638601 [debug] [ThreadPool]: On list_silver_bodega: Close
[0m17:27:23.638747 [debug] [ThreadPool]: On list_gold_bodega: Close
[0m17:27:23.639161 [debug] [MainThread]: Sending event: {'category': 'dbt', 'action': 'runnable_timing', 'label': '4d38b95e-708e-435c-a14c-4f9919833dcc', 'context': [<snowplow_tracker.self_describing_json.SelfDescribingJson object at 0x10b277040>]}
[0m17:27:23.639418 [debug] [MainThread]: Using duckdb connection "master"
[0m17:27:23.639568 [debug] [MainThread]: On master: BEGIN
[0m17:27:23.639702 [debug] [MainThread]: Opening a new connection, currently in state init
[0m17:27:23.639930 [debug] [MainThread]: SQL status: OK in 0.000 seconds
[0m17:27:23.640072 [debug] [MainThread]: On master: COMMIT
[0m17:27:23.640208 [debug] [MainThread]: Using duckdb connection "master"
[0m17:27:23.640342 [debug] [MainThread]: On master: COMMIT
[0m17:27:23.640520 [debug] [MainThread]: SQL status: OK in 0.000 seconds
[0m17:27:23.640665 [debug] [MainThread]: On master: Close
[0m17:27:23.642372 [debug] [Thread-4 (]: Began running node model.bodega.stores
[0m17:27:23.642586 [debug] [Thread-1 (]: Began running node model.bodega.invoice_items
[0m17:27:23.642788 [debug] [Thread-3 (]: Began running node model.bodega.invoices
[0m17:27:23.643031 [debug] [Thread-2 (]: Began running node model.bodega.invoice_taxes
[0m17:27:23.643370 [info ] [Thread-4 (]: 4 of 12 START sql table model silver.bodega.stores ............................. [RUN]
[0m17:27:23.643687 [info ] [Thread-1 (]: 1 of 12 START sql table model silver.bodega.invoice_items ...................... [RUN]
[0m17:27:23.643959 [info ] [Thread-3 (]: 3 of 12 START sql table model silver.bodega.invoices ........................... [RUN]
[0m17:27:23.644309 [info ] [Thread-2 (]: 2 of 12 START sql table model silver.bodega.invoice_taxes ...................... [RUN]
[0m17:27:23.644645 [debug] [Thread-4 (]: Acquiring new duckdb connection 'model.bodega.stores'
[0m17:27:23.644876 [debug] [Thread-1 (]: Re-using an available connection from the pool (formerly list_silver_bodega, now model.bodega.invoice_items)
[0m17:27:23.645118 [debug] [Thread-3 (]: Acquiring new duckdb connection 'model.bodega.invoices'
[0m17:27:23.645322 [debug] [Thread-2 (]: Re-using an available connection from the pool (formerly list_gold_bodega, now model.bodega.invoice_taxes)
[0m17:27:23.645634 [debug] [Thread-4 (]: Began compiling node model.bodega.stores
[0m17:27:23.645882 [debug] [Thread-1 (]: Began compiling node model.bodega.invoice_items
[0m17:27:23.646116 [debug] [Thread-3 (]: Began compiling node model.bodega.invoices
[0m17:27:23.646351 [debug] [Thread-2 (]: Began compiling node model.bodega.invoice_taxes
[0m17:27:23.650548 [debug] [Thread-4 (]: Writing injected SQL for node "model.bodega.stores"
[0m17:27:23.652864 [debug] [Thread-1 (]: Writing injected SQL for node "model.bodega.invoice_items"
[0m17:27:23.654916 [debug] [Thread-3 (]: Writing injected SQL for node "model.bodega.invoices"
[0m17:27:23.656669 [debug] [Thread-2 (]: Writing injected SQL for node "model.bodega.invoice_taxes"
[0m17:27:23.657533 [debug] [Thread-2 (]: Began executing node model.bodega.invoice_taxes
[0m17:27:23.657752 [debug] [Thread-1 (]: Began executing node model.bodega.invoice_items
[0m17:27:23.657945 [debug] [Thread-4 (]: Began executing node model.bodega.stores
[0m17:27:23.658115 [debug] [Thread-3 (]: Began executing node model.bodega.invoices
[0m17:27:23.688675 [debug] [Thread-2 (]: Writing runtime sql for node "model.bodega.invoice_taxes"
[0m17:27:23.689234 [debug] [Thread-1 (]: Writing runtime sql for node "model.bodega.invoice_items"
[0m17:27:23.690470 [debug] [Thread-4 (]: Writing runtime sql for node "model.bodega.stores"
[0m17:27:23.691640 [debug] [Thread-3 (]: Writing runtime sql for node "model.bodega.invoices"
[0m17:27:23.692587 [debug] [Thread-4 (]: Using duckdb connection "model.bodega.stores"
[0m17:27:23.692937 [debug] [Thread-4 (]: On model.bodega.stores: BEGIN
[0m17:27:23.693278 [debug] [Thread-2 (]: Using duckdb connection "model.bodega.invoice_taxes"
[0m17:27:23.693485 [debug] [Thread-3 (]: Using duckdb connection "model.bodega.invoices"
[0m17:27:23.693745 [debug] [Thread-4 (]: Opening a new connection, currently in state init
[0m17:27:23.694021 [debug] [Thread-1 (]: Using duckdb connection "model.bodega.invoice_items"
[0m17:27:23.694279 [debug] [Thread-2 (]: On model.bodega.invoice_taxes: BEGIN
[0m17:27:23.694473 [debug] [Thread-3 (]: On model.bodega.invoices: BEGIN
[0m17:27:23.694831 [debug] [Thread-1 (]: On model.bodega.invoice_items: BEGIN
[0m17:27:23.695072 [debug] [Thread-2 (]: Opening a new connection, currently in state closed
[0m17:27:23.695316 [debug] [Thread-4 (]: SQL status: OK in 0.002 seconds
[0m17:27:23.695527 [debug] [Thread-3 (]: Opening a new connection, currently in state init
[0m17:27:23.695763 [debug] [Thread-1 (]: Opening a new connection, currently in state closed
[0m17:27:23.696081 [debug] [Thread-4 (]: Using duckdb connection "model.bodega.stores"
[0m17:27:23.696348 [debug] [Thread-2 (]: SQL status: OK in 0.001 seconds
[0m17:27:23.696588 [debug] [Thread-3 (]: SQL status: OK in 0.001 seconds
[0m17:27:23.696868 [debug] [Thread-4 (]: On model.bodega.stores: /* {"app": "dbt", "dbt_version": "1.12.3", "profile_name": "bodega", "target_name": "local", "node_id": "model.bodega.stores"} */

    

    create  table
      "silver"."bodega"."stores__dbt_tmp"
  
    
    as (
      
WITH ranked AS (
    SELECT
        store_vat_id,
        store_name,
        store_address,
        store_phone,
        supermarket,
        CAST(strptime(invoice_date, '%Y-%m-%dT%H:%M:%S') AS DATE)                     AS invoice_date,
        ROW_NUMBER() OVER (
            PARTITION BY store_vat_id
            ORDER BY strptime(invoice_date, '%Y-%m-%dT%H:%M:%S') DESC, invoice_number DESC
        )                                                                       AS rn
    FROM "bronze"."bodega"."raw_invoices"
)

SELECT
    ranked.store_vat_id                                                         AS store_id,
    trim(upper(ranked.store_name))                                              AS name,
    ranked.store_vat_id                                                         AS vat_id,
    ranked.store_address                                                        AS address,
    ranked.store_phone                                                          AS phone,
    ranked.supermarket,
    seen.first_seen_date,
    seen.last_seen_date
FROM ranked
JOIN (
    SELECT
        store_vat_id,
        MIN(invoice_date)                                                       AS first_seen_date,
        MAX(invoice_date)                                                       AS last_seen_date
    FROM ranked
    GROUP BY store_vat_id
) AS seen ON seen.store_vat_id = ranked.store_vat_id
WHERE ranked.rn = 1
    );
    
  
[0m17:27:23.697139 [debug] [Thread-1 (]: SQL status: OK in 0.001 seconds
[0m17:27:23.697349 [debug] [Thread-2 (]: Using duckdb connection "model.bodega.invoice_taxes"
[0m17:27:23.697547 [debug] [Thread-3 (]: Using duckdb connection "model.bodega.invoices"
[0m17:27:23.697890 [debug] [Thread-1 (]: Using duckdb connection "model.bodega.invoice_items"
[0m17:27:23.698107 [debug] [Thread-2 (]: On model.bodega.invoice_taxes: /* {"app": "dbt", "dbt_version": "1.12.3", "profile_name": "bodega", "target_name": "local", "node_id": "model.bodega.invoice_taxes"} */

    

    create  table
      "silver"."bodega"."invoice_taxes__dbt_tmp"
  
    
    as (
      SELECT
    b.invoice_number,
    b.supermarket,
    CAST(strptime(b.invoice_date, '%Y-%m-%dT%H:%M:%S') AS DATE)              AS invoice_date,
    json_extract_string(_it.elem, '$.rate')                     AS tax_rate,
    CAST(json_extract_string(_it.elem, '$.base') AS DOUBLE)     AS base_amount,
    CAST(json_extract_string(_it.elem, '$.tax') AS DOUBLE)     AS tax_amount
FROM "bronze"."bodega"."raw_invoices" AS b
CROSS JOIN (
        SELECT json_extract(b.taxes_json, '$[' || g.i || ']') AS elem, g.i + 1 AS pos
        FROM range(CAST(json_array_length(CAST(b.taxes_json AS JSON)) AS BIGINT)) AS g(i)
    ) AS _it
    );
    
  
[0m17:27:23.698352 [debug] [Thread-3 (]: On model.bodega.invoices: /* {"app": "dbt", "dbt_version": "1.12.3", "profile_name": "bodega", "target_name": "local", "node_id": "model.bodega.invoices"} */

    

    create  table
      "silver"."bodega"."invoices__dbt_tmp"
  
    
    as (
      SELECT
    invoice_number,
    strptime(invoice_date, '%Y-%m-%dT%H:%M:%S')                               AS invoice_datetime,
    CAST(strptime(invoice_date, '%Y-%m-%dT%H:%M:%S') AS DATE)                 AS invoice_date,
    year(strptime(invoice_date, '%Y-%m-%dT%H:%M:%S'))                        AS invoice_year,
    month(strptime(invoice_date, '%Y-%m-%dT%H:%M:%S'))                       AS invoice_month,
    week(strptime(invoice_date, '%Y-%m-%dT%H:%M:%S'))                        AS invoice_week,
    operator_id,
    store_vat_id,
    trim(upper(store_name))                                             AS store_name,
    total_amount,
    (
        SELECT SUM(CAST(json_extract_string(e, '$.tax') AS DOUBLE))
        FROM UNNEST(json_extract(taxes_json, '$[*]')) AS u(e)
    )                          AS total_tax_amount,
    (
        SELECT SUM(CAST(json_extract_string(e, '$.base') AS DOUBLE))
        FROM UNNEST(json_extract(taxes_json, '$[*]')) AS u(e)
    )                         AS total_base_amount,
    payment_method,
    card_type,
    card_number_masked,
    supermarket,
    json_array_length(CAST(items_json AS JSON))                                 AS item_count,
    _ingested_at
FROM "bronze"."bodega"."raw_invoices"
    );
    
  
[0m17:27:23.698606 [debug] [Thread-1 (]: On model.bodega.invoice_items: /* {"app": "dbt", "dbt_version": "1.12.3", "profile_name": "bodega", "target_name": "local", "node_id": "model.bodega.invoice_items"} */

    

    create  table
      "silver"."bodega"."invoice_items__dbt_tmp"
  
    
    as (
      SELECT
    b.invoice_number,
    CAST(_it.pos AS INTEGER)                                                       AS item_position,
    CAST(strptime(b.invoice_date, '%Y-%m-%dT%H:%M:%S') AS DATE)                          AS invoice_date,
    b.store_vat_id,
    b.supermarket,
    json_extract_string(_it.elem, '$.description')                          AS description_raw,
    trim(upper(json_extract_string(_it.elem, '$.description')))             AS description_clean,
    CAST(json_extract_string(_it.elem, '$.quantity') AS DOUBLE)             AS quantity,
    CASE
        WHEN CAST(json_extract_string(_it.elem, '$.quantity') AS DOUBLE)
             != FLOOR(CAST(json_extract_string(_it.elem, '$.quantity') AS DOUBLE))
        THEN 'KG' ELSE 'EA'
    END                                                                            AS unit,
    CAST(json_extract_string(_it.elem, '$.unit_price') AS DOUBLE)           AS unit_price,
    CAST(json_extract_string(_it.elem, '$.total') AS DOUBLE)                AS total_amount
FROM "bronze"."bodega"."raw_invoices" AS b
CROSS JOIN (
        SELECT json_extract(b.items_json, '$[' || g.i || ']') AS elem, g.i + 1 AS pos
        FROM range(CAST(json_array_length(CAST(b.items_json AS JSON)) AS BIGINT)) AS g(i)
    ) AS _it
    );
    
  
[0m17:27:23.701676 [debug] [Thread-2 (]: SQL status: OK in 0.003 seconds
[0m17:27:23.704588 [debug] [Thread-2 (]: Using duckdb connection "model.bodega.invoice_taxes"
[0m17:27:23.704909 [debug] [Thread-2 (]: On model.bodega.invoice_taxes: /* {"app": "dbt", "dbt_version": "1.12.3", "profile_name": "bodega", "target_name": "local", "node_id": "model.bodega.invoice_taxes"} */
alter table "silver"."bodega"."invoice_taxes__dbt_tmp" rename to "invoice_taxes"
[0m17:27:23.705174 [debug] [Thread-3 (]: SQL status: OK in 0.006 seconds
[0m17:27:23.705381 [debug] [Thread-1 (]: SQL status: OK in 0.006 seconds
[0m17:27:23.705577 [debug] [Thread-4 (]: SQL status: OK in 0.008 seconds
[0m17:27:23.707216 [debug] [Thread-3 (]: Using duckdb connection "model.bodega.invoices"
[0m17:27:23.708191 [debug] [Thread-1 (]: Using duckdb connection "model.bodega.invoice_items"
[0m17:27:23.708389 [debug] [Thread-2 (]: SQL status: OK in 0.003 seconds
[0m17:27:23.709393 [debug] [Thread-4 (]: Using duckdb connection "model.bodega.stores"
[0m17:27:23.710126 [debug] [Thread-3 (]: On model.bodega.invoices: /* {"app": "dbt", "dbt_version": "1.12.3", "profile_name": "bodega", "target_name": "local", "node_id": "model.bodega.invoices"} */
alter table "silver"."bodega"."invoices__dbt_tmp" rename to "invoices"
[0m17:27:23.710439 [debug] [Thread-1 (]: On model.bodega.invoice_items: /* {"app": "dbt", "dbt_version": "1.12.3", "profile_name": "bodega", "target_name": "local", "node_id": "model.bodega.invoice_items"} */
alter table "silver"."bodega"."invoice_items__dbt_tmp" rename to "invoice_items"
[0m17:27:23.717020 [debug] [Thread-4 (]: On model.bodega.stores: /* {"app": "dbt", "dbt_version": "1.12.3", "profile_name": "bodega", "target_name": "local", "node_id": "model.bodega.stores"} */
alter table "silver"."bodega"."stores__dbt_tmp" rename to "stores"
[0m17:27:23.720497 [debug] [Thread-2 (]: Using duckdb connection "model.bodega.invoice_taxes"
[0m17:27:23.721074 [debug] [Thread-2 (]: On model.bodega.invoice_taxes: /* {"app": "dbt", "dbt_version": "1.12.3", "profile_name": "bodega", "target_name": "local", "node_id": "model.bodega.invoice_taxes"} */

    
  
  comment on table "silver"."bodega"."invoice_taxes" is $dbt_comment_literal_block$Exploded tax breakdown. One row per tax rate per invoice.$dbt_comment_literal_block$;

  
[0m17:27:23.721334 [debug] [Thread-3 (]: SQL status: OK in 0.001 seconds
[0m17:27:23.722146 [debug] [Thread-3 (]: Using duckdb connection "model.bodega.invoices"
[0m17:27:23.722336 [debug] [Thread-3 (]: On model.bodega.invoices: /* {"app": "dbt", "dbt_version": "1.12.3", "profile_name": "bodega", "target_name": "local", "node_id": "model.bodega.invoices"} */

    
  
  comment on table "silver"."bodega"."invoices" is $dbt_comment_literal_block$Cleaned invoice headers. One row per shopping trip.$dbt_comment_literal_block$;

  
[0m17:27:23.722599 [debug] [Thread-1 (]: SQL status: OK in 0.002 seconds
[0m17:27:23.723358 [debug] [Thread-1 (]: Using duckdb connection "model.bodega.invoice_items"
[0m17:27:23.723556 [debug] [Thread-1 (]: On model.bodega.invoice_items: /* {"app": "dbt", "dbt_version": "1.12.3", "profile_name": "bodega", "target_name": "local", "node_id": "model.bodega.invoice_items"} */

    
  
  comment on table "silver"."bodega"."invoice_items" is $dbt_comment_literal_block$Exploded line items. One row per product per invoice.$dbt_comment_literal_block$;

  
[0m17:27:23.723869 [debug] [Thread-4 (]: SQL status: OK in 0.003 seconds
[0m17:27:23.724170 [debug] [Thread-2 (]: SQL status: OK in 0.003 seconds
[0m17:27:23.724379 [debug] [Thread-1 (]: SQL status: OK in 0.001 seconds
[0m17:27:23.724552 [debug] [Thread-3 (]: SQL status: OK in 0.002 seconds
[0m17:27:23.725751 [debug] [Thread-4 (]: Using duckdb connection "model.bodega.stores"
[0m17:27:23.728611 [debug] [Thread-2 (]: Using duckdb connection "model.bodega.invoice_taxes"
[0m17:27:23.729567 [debug] [Thread-1 (]: Using duckdb connection "model.bodega.invoice_items"
[0m17:27:23.729850 [debug] [Thread-4 (]: On model.bodega.stores: /* {"app": "dbt", "dbt_version": "1.12.3", "profile_name": "bodega", "target_name": "local", "node_id": "model.bodega.stores"} */

    
  
  comment on table "silver"."bodega"."stores" is $dbt_comment_literal_block$SCD Type 1 store dimension. One row per distinct store VAT ID.$dbt_comment_literal_block$;

  
[0m17:27:23.730892 [debug] [Thread-3 (]: Using duckdb connection "model.bodega.invoices"
[0m17:27:23.731112 [debug] [Thread-2 (]: On model.bodega.invoice_taxes: /* {"app": "dbt", "dbt_version": "1.12.3", "profile_name": "bodega", "target_name": "local", "node_id": "model.bodega.invoice_taxes"} */

      select
          column_name,
          column_type as data_type,
          cast(null as bigint) as character_maximum_length,
          cast(null as bigint) as numeric_precision,
          cast(null as bigint) as numeric_scale
      from (describe "silver"."bodega"."invoice_taxes")
  
[0m17:27:23.731321 [debug] [Thread-1 (]: On model.bodega.invoice_items: /* {"app": "dbt", "dbt_version": "1.12.3", "profile_name": "bodega", "target_name": "local", "node_id": "model.bodega.invoice_items"} */

      select
          column_name,
          column_type as data_type,
          cast(null as bigint) as character_maximum_length,
          cast(null as bigint) as numeric_precision,
          cast(null as bigint) as numeric_scale
      from (describe "silver"."bodega"."invoice_items")
  
[0m17:27:23.731598 [debug] [Thread-3 (]: On model.bodega.invoices: /* {"app": "dbt", "dbt_version": "1.12.3", "profile_name": "bodega", "target_name": "local", "node_id": "model.bodega.invoices"} */

      select
          column_name,
          column_type as data_type,
          cast(null as bigint) as character_maximum_length,
          cast(null as bigint) as numeric_precision,
          cast(null as bigint) as numeric_scale
      from (describe "silver"."bodega"."invoices")
  
[0m17:27:23.731915 [debug] [Thread-4 (]: SQL status: OK in 0.000 seconds
[0m17:27:23.732239 [debug] [Thread-2 (]: SQL status: OK in 0.000 seconds
[0m17:27:23.733208 [debug] [Thread-4 (]: Using duckdb connection "model.bodega.stores"
[0m17:27:23.733503 [debug] [Thread-1 (]: SQL status: OK in 0.001 seconds
[0m17:27:23.741512 [debug] [Thread-2 (]: Using duckdb connection "model.bodega.invoice_taxes"
[0m17:27:23.741869 [debug] [Thread-4 (]: On model.bodega.stores: /* {"app": "dbt", "dbt_version": "1.12.3", "profile_name": "bodega", "target_name": "local", "node_id": "model.bodega.stores"} */

      select
          column_name,
          column_type as data_type,
          cast(null as bigint) as character_maximum_length,
          cast(null as bigint) as numeric_precision,
          cast(null as bigint) as numeric_scale
      from (describe "silver"."bodega"."stores")
  
[0m17:27:23.742066 [debug] [Thread-3 (]: SQL status: OK in 0.010 seconds
[0m17:27:23.743899 [debug] [Thread-1 (]: Using duckdb connection "model.bodega.invoice_items"
[0m17:27:23.744264 [debug] [Thread-2 (]: On model.bodega.invoice_taxes: /* {"app": "dbt", "dbt_version": "1.12.3", "profile_name": "bodega", "target_name": "local", "node_id": "model.bodega.invoice_taxes"} */

      select
          column_name,
          column_type as data_type,
          cast(null as bigint) as character_maximum_length,
          cast(null as bigint) as numeric_precision,
          cast(null as bigint) as numeric_scale
      from (describe "silver"."bodega"."invoice_taxes")
  
[0m17:27:23.746126 [debug] [Thread-3 (]: Using duckdb connection "model.bodega.invoices"
[0m17:27:23.746527 [debug] [Thread-1 (]: On model.bodega.invoice_items: /* {"app": "dbt", "dbt_version": "1.12.3", "profile_name": "bodega", "target_name": "local", "node_id": "model.bodega.invoice_items"} */

      select
          column_name,
          column_type as data_type,
          cast(null as bigint) as character_maximum_length,
          cast(null as bigint) as numeric_precision,
          cast(null as bigint) as numeric_scale
      from (describe "silver"."bodega"."invoice_items")
  
[0m17:27:23.746933 [debug] [Thread-4 (]: SQL status: OK in 0.002 seconds
[0m17:27:23.747189 [debug] [Thread-3 (]: On model.bodega.invoices: /* {"app": "dbt", "dbt_version": "1.12.3", "profile_name": "bodega", "target_name": "local", "node_id": "model.bodega.invoices"} */

      select
          column_name,
          column_type as data_type,
          cast(null as bigint) as character_maximum_length,
          cast(null as bigint) as numeric_precision,
          cast(null as bigint) as numeric_scale
      from (describe "silver"."bodega"."invoices")
  
[0m17:27:23.747446 [debug] [Thread-2 (]: SQL status: OK in 0.001 seconds
[0m17:27:23.748890 [debug] [Thread-4 (]: Using duckdb connection "model.bodega.stores"
[0m17:27:23.749833 [debug] [Thread-2 (]: Using duckdb connection "model.bodega.invoice_taxes"
[0m17:27:23.750044 [debug] [Thread-4 (]: On model.bodega.stores: /* {"app": "dbt", "dbt_version": "1.12.3", "profile_name": "bodega", "target_name": "local", "node_id": "model.bodega.stores"} */

      select
          column_name,
          column_type as data_type,
          cast(null as bigint) as character_maximum_length,
          cast(null as bigint) as numeric_precision,
          cast(null as bigint) as numeric_scale
      from (describe "silver"."bodega"."stores")
  
[0m17:27:23.750316 [debug] [Thread-3 (]: SQL status: OK in 0.002 seconds
[0m17:27:23.750562 [debug] [Thread-2 (]: On model.bodega.invoice_taxes: /* {"app": "dbt", "dbt_version": "1.12.3", "profile_name": "bodega", "target_name": "local", "node_id": "model.bodega.invoice_taxes"} */

    
  
  
    
    
    comment on column "silver"."bodega"."invoice_taxes".invoice_number is $dbt_comment_literal_block$Invoice this tax line belongs to. Joins to invoices.invoice_number.$dbt_comment_literal_block$;
  
    
    
    comment on column "silver"."bodega"."invoice_taxes".tax_rate is $dbt_comment_literal_block$VAT rate for this breakdown line, as printed on the receipt.$dbt_comment_literal_block$;
  

  
[0m17:27:23.750729 [debug] [Thread-1 (]: SQL status: OK in 0.003 seconds
[0m17:27:23.751788 [debug] [Thread-4 (]: SQL status: OK in 0.001 seconds
[0m17:27:23.753295 [debug] [Thread-3 (]: Using duckdb connection "model.bodega.invoices"
[0m17:27:23.754643 [debug] [Thread-1 (]: Using duckdb connection "model.bodega.invoice_items"
[0m17:27:23.755113 [debug] [Thread-3 (]: On model.bodega.invoices: /* {"app": "dbt", "dbt_version": "1.12.3", "profile_name": "bodega", "target_name": "local", "node_id": "model.bodega.invoices"} */

    
  
  
    
    
    comment on column "silver"."bodega"."invoices".invoice_number is $dbt_comment_literal_block$Natural primary key.$dbt_comment_literal_block$;
  
    
    
    comment on column "silver"."bodega"."invoices".invoice_datetime is $dbt_comment_literal_block$Purchase instant as parsed from the receipt.$dbt_comment_literal_block$;
  
    
    
    comment on column "silver"."bodega"."invoices".invoice_date is $dbt_comment_literal_block$Purchase date. The aggregation time dimension.$dbt_comment_literal_block$;
  
    
    
    comment on column "silver"."bodega"."invoices".invoice_year is $dbt_comment_literal_block$Calendar year of invoice_date.$dbt_comment_literal_block$;
  
    
    
    comment on column "silver"."bodega"."invoices".invoice_month is $dbt_comment_literal_block$Calendar month of invoice_date, 1-12. Not a date - use invoice_date to aggregate.$dbt_comment_literal_block$;
  
    
    
    comment on column "silver"."bodega"."invoices".invoice_week is $dbt_comment_literal_block$ISO week number of invoice_date, 1-53. Not a date, and not comparable across years.$dbt_comment_literal_block$;
  
    
    
    comment on column "silver"."bodega"."invoices".operator_id is $dbt_comment_literal_block$Till operator on the receipt.$dbt_comment_literal_block$;
  
    
    
    comment on column "silver"."bodega"."invoices".store_vat_id is $dbt_comment_literal_block$Store VAT identifier. Joins to stores.store_id.$dbt_comment_literal_block$;
  
    
    
    comment on column "silver"."bodega"."invoices".store_name is $dbt_comment_literal_block$Store name, trimmed and uppercased.$dbt_comment_literal_block$;
  
    
    
    comment on column "silver"."bodega"."invoices".total_amount is $dbt_comment_literal_block$Receipt total, VAT included.$dbt_comment_literal_block$;
  
    
    
    comment on column "silver"."bodega"."invoices".total_tax_amount is $dbt_comment_literal_block$VAT summed from the receipt's own tax breakdown.$dbt_comment_literal_block$;
  
    
    
    comment on column "silver"."bodega"."invoices".total_base_amount is $dbt_comment_literal_block$Pre-VAT base summed from the receipt's tax breakdown.$dbt_comment_literal_block$;
  
    
    
    comment on column "silver"."bodega"."invoices".payment_method is $dbt_comment_literal_block$Payment method as printed on the receipt. TARJETA BANCARIA only, so far.$dbt_comment_literal_block$;
  
    
    
    comment on column "silver"."bodega"."invoices".card_type is $dbt_comment_literal_block$Card brand as printed. DEBIT MASTERCARD only, so far.$dbt_comment_literal_block$;
  
    
    
    comment on column "silver"."bodega"."invoices".card_number_masked is $dbt_comment_literal_block$Card number with all but the last digits masked, as printed on the receipt.$dbt_comment_literal_block$;
  
    
    
    comment on column "silver"."bodega"."invoices".supermarket is $dbt_comment_literal_block$Retail brand. MERCADONA only, so far.$dbt_comment_literal_block$;
  
    
    
    comment on column "silver"."bodega"."invoices".item_count is $dbt_comment_literal_block$Number of line items on the receipt.$dbt_comment_literal_block$;
  
    
    
    comment on column "silver"."bodega"."invoices"._ingested_at is $dbt_comment_literal_block$Ingest timestamp written by the dlt pipeline. Pipeline metadata, not receipt data.$dbt_comment_literal_block$;
  

  
[0m17:27:23.755394 [debug] [Thread-2 (]: SQL status: OK in 0.003 seconds
[0m17:27:23.756263 [debug] [Thread-4 (]: Using duckdb connection "model.bodega.stores"
[0m17:27:23.756507 [debug] [Thread-1 (]: On model.bodega.invoice_items: /* {"app": "dbt", "dbt_version": "1.12.3", "profile_name": "bodega", "target_name": "local", "node_id": "model.bodega.invoice_items"} */

    
  
  
    
    
    comment on column "silver"."bodega"."invoice_items".invoice_number is $dbt_comment_literal_block$Invoice this line belongs to. Joins to invoices.invoice_number.$dbt_comment_literal_block$;
  
    
    
    comment on column "silver"."bodega"."invoice_items".item_position is $dbt_comment_literal_block$1-based position of the line on the receipt. Unique within an invoice.$dbt_comment_literal_block$;
  
    
    
    comment on column "silver"."bodega"."invoice_items".invoice_date is $dbt_comment_literal_block$Purchase date, denormalised from the header.$dbt_comment_literal_block$;
  
    
    
    comment on column "silver"."bodega"."invoice_items".store_vat_id is $dbt_comment_literal_block$Store VAT identifier, denormalised from the header.$dbt_comment_literal_block$;
  
    
    
    comment on column "silver"."bodega"."invoice_items".supermarket is $dbt_comment_literal_block$Retail brand, denormalised from the header.$dbt_comment_literal_block$;
  
    
    
    comment on column "silver"."bodega"."invoice_items".description_raw is $dbt_comment_literal_block$Product description exactly as printed.$dbt_comment_literal_block$;
  
    
    
    comment on column "silver"."bodega"."invoice_items".description_clean is $dbt_comment_literal_block$description_raw trimmed and uppercased. The product key.$dbt_comment_literal_block$;
  
    
    
    comment on column "silver"."bodega"."invoice_items".quantity is $dbt_comment_literal_block$Units for EA lines, kilograms for KG lines.$dbt_comment_literal_block$;
  
    
    
    comment on column "silver"."bodega"."invoice_items".unit is $dbt_comment_literal_block$KG for weighted lines, EA otherwise. Derived from quantity.$dbt_comment_literal_block$;
  
    
    
    comment on column "silver"."bodega"."invoice_items".unit_price is $dbt_comment_literal_block$Per-unit price as printed. Do NOT average this for a price metric — avg(unit_price) and sum(total)/sum(quantity) differ by 5.2% on this data. See ../../../semantic/PHASE0.md.
$dbt_comment_literal_block$;
  
    
    
    comment on column "silver"."bodega"."invoice_items".total_amount is $dbt_comment_literal_block$Line total, VAT included.$dbt_comment_literal_block$;
  

  
[0m17:27:23.757395 [debug] [Thread-2 (]: On model.bodega.invoice_taxes: COMMIT
[0m17:27:23.757684 [debug] [Thread-4 (]: On model.bodega.stores: /* {"app": "dbt", "dbt_version": "1.12.3", "profile_name": "bodega", "target_name": "local", "node_id": "model.bodega.stores"} */

    
  
  
    
    
    comment on column "silver"."bodega"."stores".store_id is $dbt_comment_literal_block$Store VAT identifier. The dimension key; joins to invoices.store_vat_id.$dbt_comment_literal_block$;
  

  
[0m17:27:23.758053 [debug] [Thread-2 (]: Using duckdb connection "model.bodega.invoice_taxes"
[0m17:27:23.758393 [debug] [Thread-2 (]: On model.bodega.invoice_taxes: COMMIT
[0m17:27:23.758737 [debug] [Thread-4 (]: SQL status: OK in 0.000 seconds
[0m17:27:23.759411 [debug] [Thread-4 (]: On model.bodega.stores: COMMIT
[0m17:27:23.759672 [debug] [Thread-4 (]: Using duckdb connection "model.bodega.stores"
[0m17:27:23.759851 [debug] [Thread-4 (]: On model.bodega.stores: COMMIT
[0m17:27:23.760109 [debug] [Thread-2 (]: SQL status: OK in 0.001 seconds
[0m17:27:23.762861 [debug] [Thread-2 (]: Using duckdb connection "model.bodega.invoice_taxes"
[0m17:27:23.763072 [debug] [Thread-2 (]: On model.bodega.invoice_taxes: /* {"app": "dbt", "dbt_version": "1.12.3", "profile_name": "bodega", "target_name": "local", "node_id": "model.bodega.invoice_taxes"} */

      drop table if exists "silver"."bodega"."invoice_taxes__dbt_backup" cascade
    
[0m17:27:23.763380 [debug] [Thread-4 (]: SQL status: OK in 0.003 seconds
[0m17:27:23.763992 [debug] [Thread-4 (]: Using duckdb connection "model.bodega.stores"
[0m17:27:23.764219 [debug] [Thread-2 (]: SQL status: OK in 0.001 seconds
[0m17:27:23.764507 [debug] [Thread-4 (]: On model.bodega.stores: /* {"app": "dbt", "dbt_version": "1.12.3", "profile_name": "bodega", "target_name": "local", "node_id": "model.bodega.stores"} */

      drop table if exists "silver"."bodega"."stores__dbt_backup" cascade
    
[0m17:27:23.765903 [debug] [Thread-2 (]: On model.bodega.invoice_taxes: Close
[0m17:27:23.766895 [debug] [Thread-4 (]: SQL status: OK in 0.001 seconds
[0m17:27:23.767531 [debug] [Thread-4 (]: On model.bodega.stores: Close
[0m17:27:23.768023 [debug] [Thread-1 (]: SQL status: OK in 0.010 seconds
[0m17:27:23.768759 [debug] [Thread-1 (]: On model.bodega.invoice_items: COMMIT
[0m17:27:23.769026 [debug] [Thread-1 (]: Using duckdb connection "model.bodega.invoice_items"
[0m17:27:23.769218 [debug] [Thread-1 (]: On model.bodega.invoice_items: COMMIT
[0m17:27:23.769475 [debug] [Thread-2 (]: Sending event: {'category': 'dbt', 'action': 'run_model', 'label': '4d38b95e-708e-435c-a14c-4f9919833dcc', 'context': [<snowplow_tracker.self_describing_json.SelfDescribingJson object at 0x10b075310>]}
[0m17:27:23.769672 [debug] [Thread-4 (]: Sending event: {'category': 'dbt', 'action': 'run_model', 'label': '4d38b95e-708e-435c-a14c-4f9919833dcc', 'context': [<snowplow_tracker.self_describing_json.SelfDescribingJson object at 0x10b53c260>]}
[0m17:27:23.769918 [debug] [Thread-3 (]: SQL status: OK in 0.013 seconds
[0m17:27:23.770425 [debug] [Thread-1 (]: SQL status: OK in 0.001 seconds
[0m17:27:23.770246 [info ] [Thread-2 (]: 2 of 12 OK created sql table model silver.bodega.invoice_taxes ................. [[32mOK[0m in 0.12s]
[0m17:27:23.770784 [info ] [Thread-4 (]: 4 of 12 OK created sql table model silver.bodega.stores ........................ [[32mOK[0m in 0.12s]
[0m17:27:23.771450 [debug] [Thread-3 (]: On model.bodega.invoices: COMMIT
[0m17:27:23.772429 [debug] [Thread-1 (]: Using duckdb connection "model.bodega.invoice_items"
[0m17:27:23.772810 [debug] [Thread-2 (]: Finished running node model.bodega.invoice_taxes
[0m17:27:23.773154 [debug] [Thread-4 (]: Finished running node model.bodega.stores
[0m17:27:23.773383 [debug] [Thread-3 (]: Using duckdb connection "model.bodega.invoices"
[0m17:27:23.773601 [debug] [Thread-1 (]: On model.bodega.invoice_items: /* {"app": "dbt", "dbt_version": "1.12.3", "profile_name": "bodega", "target_name": "local", "node_id": "model.bodega.invoice_items"} */

      drop table if exists "silver"."bodega"."invoice_items__dbt_backup" cascade
    
[0m17:27:23.774097 [debug] [Thread-3 (]: On model.bodega.invoices: COMMIT
[0m17:27:23.774384 [debug] [Thread-4 (]: Began running node test.bodega.not_null_invoice_taxes_tax_rate.c53c617772
[0m17:27:23.774620 [debug] [Thread-2 (]: Began running node test.bodega.not_null_invoice_taxes_invoice_number.eaa6223ed8
[0m17:27:23.774977 [info ] [Thread-4 (]: 6 of 12 START test not_null_invoice_taxes_tax_rate ............................. [RUN]
[0m17:27:23.775235 [info ] [Thread-2 (]: 5 of 12 START test not_null_invoice_taxes_invoice_number ....................... [RUN]
[0m17:27:23.775531 [debug] [Thread-1 (]: SQL status: OK in 0.001 seconds
[0m17:27:23.775832 [debug] [Thread-4 (]: Re-using an available connection from the pool (formerly model.bodega.stores, now test.bodega.not_null_invoice_taxes_tax_rate.c53c617772)
[0m17:27:23.776075 [debug] [Thread-3 (]: SQL status: OK in 0.001 seconds
[0m17:27:23.776381 [debug] [Thread-2 (]: Re-using an available connection from the pool (formerly model.bodega.invoice_taxes, now test.bodega.not_null_invoice_taxes_invoice_number.eaa6223ed8)
[0m17:27:23.777268 [debug] [Thread-1 (]: On model.bodega.invoice_items: Close
[0m17:27:23.777525 [debug] [Thread-4 (]: Began compiling node test.bodega.not_null_invoice_taxes_tax_rate.c53c617772
[0m17:27:23.778431 [debug] [Thread-3 (]: Using duckdb connection "model.bodega.invoices"
[0m17:27:23.778641 [debug] [Thread-2 (]: Began compiling node test.bodega.not_null_invoice_taxes_invoice_number.eaa6223ed8
[0m17:27:23.784952 [debug] [Thread-1 (]: Sending event: {'category': 'dbt', 'action': 'run_model', 'label': '4d38b95e-708e-435c-a14c-4f9919833dcc', 'context': [<snowplow_tracker.self_describing_json.SelfDescribingJson object at 0x10b513750>]}
[0m17:27:23.786867 [debug] [Thread-4 (]: Writing injected SQL for node "test.bodega.not_null_invoice_taxes_tax_rate.c53c617772"
[0m17:27:23.787105 [debug] [Thread-3 (]: On model.bodega.invoices: /* {"app": "dbt", "dbt_version": "1.12.3", "profile_name": "bodega", "target_name": "local", "node_id": "model.bodega.invoices"} */

      drop table if exists "silver"."bodega"."invoices__dbt_backup" cascade
    
[0m17:27:23.790018 [debug] [Thread-2 (]: Writing injected SQL for node "test.bodega.not_null_invoice_taxes_invoice_number.eaa6223ed8"
[0m17:27:23.790349 [info ] [Thread-1 (]: 1 of 12 OK created sql table model silver.bodega.invoice_items ................. [[32mOK[0m in 0.14s]
[0m17:27:23.790994 [debug] [Thread-1 (]: Finished running node model.bodega.invoice_items
[0m17:27:23.791267 [debug] [Thread-1 (]: Began running node test.bodega.not_null_stores_store_id.547272002d
[0m17:27:23.791468 [info ] [Thread-1 (]: 7 of 12 START test not_null_stores_store_id .................................... [RUN]
[0m17:27:23.791981 [debug] [Thread-1 (]: Re-using an available connection from the pool (formerly model.bodega.invoice_items, now test.bodega.not_null_stores_store_id.547272002d)
[0m17:27:23.792240 [debug] [Thread-1 (]: Began compiling node test.bodega.not_null_stores_store_id.547272002d
[0m17:27:23.795546 [debug] [Thread-1 (]: Writing injected SQL for node "test.bodega.not_null_stores_store_id.547272002d"
[0m17:27:23.795912 [debug] [Thread-3 (]: SQL status: OK in 0.005 seconds
[0m17:27:23.796787 [debug] [Thread-3 (]: On model.bodega.invoices: Close
[0m17:27:23.797135 [debug] [Thread-3 (]: Sending event: {'category': 'dbt', 'action': 'run_model', 'label': '4d38b95e-708e-435c-a14c-4f9919833dcc', 'context': [<snowplow_tracker.self_describing_json.SelfDescribingJson object at 0x10b382550>]}
[0m17:27:23.797433 [info ] [Thread-3 (]: 3 of 12 OK created sql table model silver.bodega.invoices ...................... [[32mOK[0m in 0.15s]
[0m17:27:23.797715 [debug] [Thread-3 (]: Finished running node model.bodega.invoices
[0m17:27:23.797904 [debug] [Thread-3 (]: Began running node test.bodega.unique_stores_store_id.e26ff2d91e
[0m17:27:23.798083 [info ] [Thread-3 (]: 8 of 12 START test unique_stores_store_id ...................................... [RUN]
[0m17:27:23.798296 [debug] [Thread-3 (]: Re-using an available connection from the pool (formerly model.bodega.invoices, now test.bodega.unique_stores_store_id.e26ff2d91e)
[0m17:27:23.798466 [debug] [Thread-3 (]: Began compiling node test.bodega.unique_stores_store_id.e26ff2d91e
[0m17:27:23.798723 [debug] [Thread-2 (]: Began executing node test.bodega.not_null_invoice_taxes_invoice_number.eaa6223ed8
[0m17:27:23.799045 [debug] [Thread-4 (]: Began executing node test.bodega.not_null_invoice_taxes_tax_rate.c53c617772
[0m17:27:23.804253 [debug] [Thread-3 (]: Writing injected SQL for node "test.bodega.unique_stores_store_id.e26ff2d91e"
[0m17:27:23.804566 [debug] [Thread-1 (]: Began executing node test.bodega.not_null_stores_store_id.547272002d
[0m17:27:23.813576 [debug] [Thread-2 (]: Writing runtime sql for node "test.bodega.not_null_invoice_taxes_invoice_number.eaa6223ed8"
[0m17:27:23.814446 [debug] [Thread-4 (]: Writing runtime sql for node "test.bodega.not_null_invoice_taxes_tax_rate.c53c617772"
[0m17:27:23.815280 [debug] [Thread-1 (]: Writing runtime sql for node "test.bodega.not_null_stores_store_id.547272002d"
[0m17:27:23.815849 [debug] [Thread-3 (]: Began executing node test.bodega.unique_stores_store_id.e26ff2d91e
[0m17:27:23.816150 [debug] [Thread-2 (]: Using duckdb connection "test.bodega.not_null_invoice_taxes_invoice_number.eaa6223ed8"
[0m17:27:23.816987 [debug] [Thread-3 (]: Writing runtime sql for node "test.bodega.unique_stores_store_id.e26ff2d91e"
[0m17:27:23.817353 [debug] [Thread-2 (]: On test.bodega.not_null_invoice_taxes_invoice_number.eaa6223ed8: BEGIN
[0m17:27:23.817653 [debug] [Thread-1 (]: Using duckdb connection "test.bodega.not_null_stores_store_id.547272002d"
[0m17:27:23.818159 [debug] [Thread-4 (]: Using duckdb connection "test.bodega.not_null_invoice_taxes_tax_rate.c53c617772"
[0m17:27:23.818535 [debug] [Thread-2 (]: Opening a new connection, currently in state closed
[0m17:27:23.818880 [debug] [Thread-1 (]: On test.bodega.not_null_stores_store_id.547272002d: BEGIN
[0m17:27:23.819206 [debug] [Thread-4 (]: On test.bodega.not_null_invoice_taxes_tax_rate.c53c617772: BEGIN
[0m17:27:23.819481 [debug] [Thread-3 (]: Using duckdb connection "test.bodega.unique_stores_store_id.e26ff2d91e"
[0m17:27:23.819926 [debug] [Thread-1 (]: Opening a new connection, currently in state closed
[0m17:27:23.820232 [debug] [Thread-2 (]: SQL status: OK in 0.002 seconds
[0m17:27:23.820475 [debug] [Thread-4 (]: Opening a new connection, currently in state closed
[0m17:27:23.820705 [debug] [Thread-3 (]: On test.bodega.unique_stores_store_id.e26ff2d91e: BEGIN
[0m17:27:23.821161 [debug] [Thread-1 (]: SQL status: OK in 0.001 seconds
[0m17:27:23.821388 [debug] [Thread-2 (]: Using duckdb connection "test.bodega.not_null_invoice_taxes_invoice_number.eaa6223ed8"
[0m17:27:23.821653 [debug] [Thread-3 (]: Opening a new connection, currently in state closed
[0m17:27:23.821848 [debug] [Thread-1 (]: Using duckdb connection "test.bodega.not_null_stores_store_id.547272002d"
[0m17:27:23.822037 [debug] [Thread-4 (]: SQL status: OK in 0.002 seconds
[0m17:27:23.822260 [debug] [Thread-2 (]: On test.bodega.not_null_invoice_taxes_invoice_number.eaa6223ed8: /* {"app": "dbt", "dbt_version": "1.12.3", "profile_name": "bodega", "target_name": "local", "node_id": "test.bodega.not_null_invoice_taxes_invoice_number.eaa6223ed8"} */

    
    select
      count(*) as failures,
      count(*) != 0 as should_warn,
      count(*) != 0 as should_error
    from (
      
    
  
    
    



select invoice_number
from "silver"."bodega"."invoice_taxes"
where invoice_number is null



  
  
      
    ) dbt_internal_test
[0m17:27:23.822533 [debug] [Thread-1 (]: On test.bodega.not_null_stores_store_id.547272002d: /* {"app": "dbt", "dbt_version": "1.12.3", "profile_name": "bodega", "target_name": "local", "node_id": "test.bodega.not_null_stores_store_id.547272002d"} */

    
    select
      count(*) as failures,
      count(*) != 0 as should_warn,
      count(*) != 0 as should_error
    from (
      
    
  
    
    



select store_id
from "silver"."bodega"."stores"
where store_id is null



  
  
      
    ) dbt_internal_test
[0m17:27:23.822721 [debug] [Thread-4 (]: Using duckdb connection "test.bodega.not_null_invoice_taxes_tax_rate.c53c617772"
[0m17:27:23.822893 [debug] [Thread-3 (]: SQL status: OK in 0.001 seconds
[0m17:27:23.823204 [debug] [Thread-4 (]: On test.bodega.not_null_invoice_taxes_tax_rate.c53c617772: /* {"app": "dbt", "dbt_version": "1.12.3", "profile_name": "bodega", "target_name": "local", "node_id": "test.bodega.not_null_invoice_taxes_tax_rate.c53c617772"} */

    
    select
      count(*) as failures,
      count(*) != 0 as should_warn,
      count(*) != 0 as should_error
    from (
      
    
  
    
    



select tax_rate
from "silver"."bodega"."invoice_taxes"
where tax_rate is null



  
  
      
    ) dbt_internal_test
[0m17:27:23.823396 [debug] [Thread-3 (]: Using duckdb connection "test.bodega.unique_stores_store_id.e26ff2d91e"
[0m17:27:23.823586 [debug] [Thread-2 (]: SQL status: OK in 0.001 seconds
[0m17:27:23.823812 [debug] [Thread-1 (]: SQL status: OK in 0.001 seconds
[0m17:27:23.823992 [debug] [Thread-3 (]: On test.bodega.unique_stores_store_id.e26ff2d91e: /* {"app": "dbt", "dbt_version": "1.12.3", "profile_name": "bodega", "target_name": "local", "node_id": "test.bodega.unique_stores_store_id.e26ff2d91e"} */

    
    select
      count(*) as failures,
      count(*) != 0 as should_warn,
      count(*) != 0 as should_error
    from (
      
    
  
    
    

select
    store_id as unique_field,
    count(*) as n_records

from "silver"."bodega"."stores"
where store_id is not null
group by store_id
having count(*) > 1



  
  
      
    ) dbt_internal_test
[0m17:27:23.824181 [debug] [Thread-4 (]: SQL status: OK in 0.000 seconds
[0m17:27:23.826174 [debug] [Thread-2 (]: On test.bodega.not_null_invoice_taxes_invoice_number.eaa6223ed8: ROLLBACK
[0m17:27:23.826953 [debug] [Thread-1 (]: On test.bodega.not_null_stores_store_id.547272002d: ROLLBACK
[0m17:27:23.827971 [debug] [Thread-4 (]: On test.bodega.not_null_invoice_taxes_tax_rate.c53c617772: ROLLBACK
[0m17:27:23.828194 [debug] [Thread-2 (]: On test.bodega.not_null_invoice_taxes_invoice_number.eaa6223ed8: Close
[0m17:27:23.828387 [debug] [Thread-3 (]: SQL status: OK in 0.001 seconds
[0m17:27:23.828909 [info ] [Thread-2 (]: 5 of 12 PASS not_null_invoice_taxes_invoice_number ............................. [[32mPASS[0m in 0.05s]
[0m17:27:23.829254 [debug] [Thread-2 (]: Finished running node test.bodega.not_null_invoice_taxes_invoice_number.eaa6223ed8
[0m17:27:23.829468 [debug] [Thread-2 (]: Began running node test.bodega.not_null_invoice_items_invoice_number.5077b52dca
[0m17:27:23.829653 [info ] [Thread-2 (]: 9 of 12 START test not_null_invoice_items_invoice_number ....................... [RUN]
[0m17:27:23.829885 [debug] [Thread-2 (]: Re-using an available connection from the pool (formerly test.bodega.not_null_invoice_taxes_invoice_number.eaa6223ed8, now test.bodega.not_null_invoice_items_invoice_number.5077b52dca)
[0m17:27:23.830069 [debug] [Thread-2 (]: Began compiling node test.bodega.not_null_invoice_items_invoice_number.5077b52dca
[0m17:27:23.833542 [debug] [Thread-2 (]: Writing injected SQL for node "test.bodega.not_null_invoice_items_invoice_number.5077b52dca"
[0m17:27:23.834313 [debug] [Thread-3 (]: On test.bodega.unique_stores_store_id.e26ff2d91e: ROLLBACK
[0m17:27:23.834585 [debug] [Thread-1 (]: On test.bodega.not_null_stores_store_id.547272002d: Close
[0m17:27:23.834889 [debug] [Thread-4 (]: On test.bodega.not_null_invoice_taxes_tax_rate.c53c617772: Close
[0m17:27:23.835388 [info ] [Thread-1 (]: 7 of 12 PASS not_null_stores_store_id .......................................... [[32mPASS[0m in 0.04s]
[0m17:27:23.835637 [debug] [Thread-2 (]: Began executing node test.bodega.not_null_invoice_items_invoice_number.5077b52dca
[0m17:27:23.836107 [info ] [Thread-4 (]: 6 of 12 PASS not_null_invoice_taxes_tax_rate ................................... [[32mPASS[0m in 0.06s]
[0m17:27:23.836434 [debug] [Thread-1 (]: Finished running node test.bodega.not_null_stores_store_id.547272002d
[0m17:27:23.836620 [debug] [Thread-3 (]: On test.bodega.unique_stores_store_id.e26ff2d91e: Close
[0m17:27:23.837534 [debug] [Thread-2 (]: Writing runtime sql for node "test.bodega.not_null_invoice_items_invoice_number.5077b52dca"
[0m17:27:23.837876 [debug] [Thread-4 (]: Finished running node test.bodega.not_null_invoice_taxes_tax_rate.c53c617772
[0m17:27:23.838127 [debug] [Thread-1 (]: Began running node test.bodega.not_null_invoice_items_item_position.4c35b37ffa
[0m17:27:23.838459 [info ] [Thread-3 (]: 8 of 12 PASS unique_stores_store_id ............................................ [[32mPASS[0m in 0.04s]
[0m17:27:23.838743 [debug] [Thread-4 (]: Began running node test.bodega.not_null_invoices_invoice_number.7e145b2d89
[0m17:27:23.838966 [info ] [Thread-1 (]: 10 of 12 START test not_null_invoice_items_item_position ....................... [RUN]
[0m17:27:23.839253 [debug] [Thread-3 (]: Finished running node test.bodega.unique_stores_store_id.e26ff2d91e
[0m17:27:23.839452 [info ] [Thread-4 (]: 11 of 12 START test not_null_invoices_invoice_number ........................... [RUN]
[0m17:27:23.839689 [debug] [Thread-1 (]: Re-using an available connection from the pool (formerly test.bodega.not_null_stores_store_id.547272002d, now test.bodega.not_null_invoice_items_item_position.4c35b37ffa)
[0m17:27:23.839910 [debug] [Thread-2 (]: Using duckdb connection "test.bodega.not_null_invoice_items_invoice_number.5077b52dca"
[0m17:27:23.840115 [debug] [Thread-3 (]: Began running node test.bodega.unique_invoices_invoice_number.653cfe1331
[0m17:27:23.840334 [debug] [Thread-4 (]: Re-using an available connection from the pool (formerly test.bodega.not_null_invoice_taxes_tax_rate.c53c617772, now test.bodega.not_null_invoices_invoice_number.7e145b2d89)
[0m17:27:23.840513 [debug] [Thread-1 (]: Began compiling node test.bodega.not_null_invoice_items_item_position.4c35b37ffa
[0m17:27:23.840691 [debug] [Thread-2 (]: On test.bodega.not_null_invoice_items_invoice_number.5077b52dca: BEGIN
[0m17:27:23.840867 [info ] [Thread-3 (]: 12 of 12 START test unique_invoices_invoice_number ............................. [RUN]
[0m17:27:23.841053 [debug] [Thread-4 (]: Began compiling node test.bodega.not_null_invoices_invoice_number.7e145b2d89
[0m17:27:23.844324 [debug] [Thread-1 (]: Writing injected SQL for node "test.bodega.not_null_invoice_items_item_position.4c35b37ffa"
[0m17:27:23.844544 [debug] [Thread-2 (]: Opening a new connection, currently in state closed
[0m17:27:23.844823 [debug] [Thread-3 (]: Re-using an available connection from the pool (formerly test.bodega.unique_stores_store_id.e26ff2d91e, now test.bodega.unique_invoices_invoice_number.653cfe1331)
[0m17:27:23.849890 [debug] [Thread-4 (]: Writing injected SQL for node "test.bodega.not_null_invoices_invoice_number.7e145b2d89"
[0m17:27:23.850372 [debug] [Thread-3 (]: Began compiling node test.bodega.unique_invoices_invoice_number.653cfe1331
[0m17:27:23.850711 [debug] [Thread-2 (]: SQL status: OK in 0.006 seconds
[0m17:27:23.853755 [debug] [Thread-3 (]: Writing injected SQL for node "test.bodega.unique_invoices_invoice_number.653cfe1331"
[0m17:27:23.854071 [debug] [Thread-2 (]: Using duckdb connection "test.bodega.not_null_invoice_items_invoice_number.5077b52dca"
[0m17:27:23.854322 [debug] [Thread-1 (]: Began executing node test.bodega.not_null_invoice_items_item_position.4c35b37ffa
[0m17:27:23.854554 [debug] [Thread-4 (]: Began executing node test.bodega.not_null_invoices_invoice_number.7e145b2d89
[0m17:27:23.854772 [debug] [Thread-2 (]: On test.bodega.not_null_invoice_items_invoice_number.5077b52dca: /* {"app": "dbt", "dbt_version": "1.12.3", "profile_name": "bodega", "target_name": "local", "node_id": "test.bodega.not_null_invoice_items_invoice_number.5077b52dca"} */

    
    select
      count(*) as failures,
      count(*) != 0 as should_warn,
      count(*) != 0 as should_error
    from (
      
    
  
    
    



select invoice_number
from "silver"."bodega"."invoice_items"
where invoice_number is null



  
  
      
    ) dbt_internal_test
[0m17:27:23.855922 [debug] [Thread-1 (]: Writing runtime sql for node "test.bodega.not_null_invoice_items_item_position.4c35b37ffa"
[0m17:27:23.856822 [debug] [Thread-4 (]: Writing runtime sql for node "test.bodega.not_null_invoices_invoice_number.7e145b2d89"
[0m17:27:23.857189 [debug] [Thread-3 (]: Began executing node test.bodega.unique_invoices_invoice_number.653cfe1331
[0m17:27:23.858120 [debug] [Thread-3 (]: Writing runtime sql for node "test.bodega.unique_invoices_invoice_number.653cfe1331"
[0m17:27:23.858384 [debug] [Thread-2 (]: SQL status: OK in 0.001 seconds
[0m17:27:23.859337 [debug] [Thread-2 (]: On test.bodega.not_null_invoice_items_invoice_number.5077b52dca: ROLLBACK
[0m17:27:23.859958 [debug] [Thread-2 (]: On test.bodega.not_null_invoice_items_invoice_number.5077b52dca: Close
[0m17:27:23.860248 [debug] [Thread-4 (]: Using duckdb connection "test.bodega.not_null_invoices_invoice_number.7e145b2d89"
[0m17:27:23.860505 [debug] [Thread-1 (]: Using duckdb connection "test.bodega.not_null_invoice_items_item_position.4c35b37ffa"
[0m17:27:23.861181 [debug] [Thread-4 (]: On test.bodega.not_null_invoices_invoice_number.7e145b2d89: BEGIN
[0m17:27:23.860983 [info ] [Thread-2 (]: 9 of 12 PASS not_null_invoice_items_invoice_number ............................. [[32mPASS[0m in 0.03s]
[0m17:27:23.861517 [debug] [Thread-1 (]: On test.bodega.not_null_invoice_items_item_position.4c35b37ffa: BEGIN
[0m17:27:23.861716 [debug] [Thread-4 (]: Opening a new connection, currently in state closed
[0m17:27:23.861967 [debug] [Thread-3 (]: Using duckdb connection "test.bodega.unique_invoices_invoice_number.653cfe1331"
[0m17:27:23.862263 [debug] [Thread-2 (]: Finished running node test.bodega.not_null_invoice_items_invoice_number.5077b52dca
[0m17:27:23.862473 [debug] [Thread-1 (]: Opening a new connection, currently in state closed
[0m17:27:23.862807 [debug] [Thread-3 (]: On test.bodega.unique_invoices_invoice_number.653cfe1331: BEGIN
[0m17:27:23.863073 [debug] [Thread-4 (]: SQL status: OK in 0.001 seconds
[0m17:27:23.863387 [debug] [Thread-3 (]: Opening a new connection, currently in state closed
[0m17:27:23.863659 [debug] [Thread-4 (]: Using duckdb connection "test.bodega.not_null_invoices_invoice_number.7e145b2d89"
[0m17:27:23.863854 [debug] [Thread-1 (]: SQL status: OK in 0.001 seconds
[0m17:27:23.864144 [debug] [Thread-4 (]: On test.bodega.not_null_invoices_invoice_number.7e145b2d89: /* {"app": "dbt", "dbt_version": "1.12.3", "profile_name": "bodega", "target_name": "local", "node_id": "test.bodega.not_null_invoices_invoice_number.7e145b2d89"} */

    
    select
      count(*) as failures,
      count(*) != 0 as should_warn,
      count(*) != 0 as should_error
    from (
      
    
  
    
    



select invoice_number
from "silver"."bodega"."invoices"
where invoice_number is null



  
  
      
    ) dbt_internal_test
[0m17:27:23.864386 [debug] [Thread-1 (]: Using duckdb connection "test.bodega.not_null_invoice_items_item_position.4c35b37ffa"
[0m17:27:23.864598 [debug] [Thread-3 (]: SQL status: OK in 0.001 seconds
[0m17:27:23.864891 [debug] [Thread-1 (]: On test.bodega.not_null_invoice_items_item_position.4c35b37ffa: /* {"app": "dbt", "dbt_version": "1.12.3", "profile_name": "bodega", "target_name": "local", "node_id": "test.bodega.not_null_invoice_items_item_position.4c35b37ffa"} */

    
    select
      count(*) as failures,
      count(*) != 0 as should_warn,
      count(*) != 0 as should_error
    from (
      
    
  
    
    



select item_position
from "silver"."bodega"."invoice_items"
where item_position is null



  
  
      
    ) dbt_internal_test
[0m17:27:23.865116 [debug] [Thread-3 (]: Using duckdb connection "test.bodega.unique_invoices_invoice_number.653cfe1331"
[0m17:27:23.865301 [debug] [Thread-4 (]: SQL status: OK in 0.001 seconds
[0m17:27:23.865567 [debug] [Thread-3 (]: On test.bodega.unique_invoices_invoice_number.653cfe1331: /* {"app": "dbt", "dbt_version": "1.12.3", "profile_name": "bodega", "target_name": "local", "node_id": "test.bodega.unique_invoices_invoice_number.653cfe1331"} */

    
    select
      count(*) as failures,
      count(*) != 0 as should_warn,
      count(*) != 0 as should_error
    from (
      
    
  
    
    

select
    invoice_number as unique_field,
    count(*) as n_records

from "silver"."bodega"."invoices"
where invoice_number is not null
group by invoice_number
having count(*) > 1



  
  
      
    ) dbt_internal_test
[0m17:27:23.865802 [debug] [Thread-1 (]: SQL status: OK in 0.000 seconds
[0m17:27:23.866638 [debug] [Thread-4 (]: On test.bodega.not_null_invoices_invoice_number.7e145b2d89: ROLLBACK
[0m17:27:23.866876 [debug] [Thread-3 (]: SQL status: OK in 0.001 seconds
[0m17:27:23.867579 [debug] [Thread-1 (]: On test.bodega.not_null_invoice_items_item_position.4c35b37ffa: ROLLBACK
[0m17:27:23.867897 [debug] [Thread-4 (]: On test.bodega.not_null_invoices_invoice_number.7e145b2d89: Close
[0m17:27:23.869001 [debug] [Thread-3 (]: On test.bodega.unique_invoices_invoice_number.653cfe1331: ROLLBACK
[0m17:27:23.869533 [info ] [Thread-4 (]: 11 of 12 PASS not_null_invoices_invoice_number ................................. [[32mPASS[0m in 0.03s]
[0m17:27:23.869943 [debug] [Thread-4 (]: Finished running node test.bodega.not_null_invoices_invoice_number.7e145b2d89
[0m17:27:23.870138 [debug] [Thread-1 (]: On test.bodega.not_null_invoice_items_item_position.4c35b37ffa: Close
[0m17:27:23.870355 [debug] [Thread-3 (]: On test.bodega.unique_invoices_invoice_number.653cfe1331: Close
[0m17:27:23.870673 [info ] [Thread-1 (]: 10 of 12 PASS not_null_invoice_items_item_position ............................. [[32mPASS[0m in 0.03s]
[0m17:27:23.871185 [debug] [Thread-1 (]: Finished running node test.bodega.not_null_invoice_items_item_position.4c35b37ffa
[0m17:27:23.870906 [info ] [Thread-3 (]: 12 of 12 PASS unique_invoices_invoice_number ................................... [[32mPASS[0m in 0.03s]
[0m17:27:23.871580 [debug] [Thread-3 (]: Finished running node test.bodega.unique_invoices_invoice_number.653cfe1331
[0m17:27:23.872416 [debug] [MainThread]: Using duckdb connection "master"
[0m17:27:23.872610 [debug] [MainThread]: On master: BEGIN
[0m17:27:23.872745 [debug] [MainThread]: Opening a new connection, currently in state closed
[0m17:27:23.873027 [debug] [MainThread]: SQL status: OK in 0.000 seconds
[0m17:27:23.873169 [debug] [MainThread]: On master: COMMIT
[0m17:27:23.873301 [debug] [MainThread]: Using duckdb connection "master"
[0m17:27:23.873433 [debug] [MainThread]: On master: COMMIT
[0m17:27:23.873641 [debug] [MainThread]: SQL status: OK in 0.000 seconds
[0m17:27:23.873782 [debug] [MainThread]: On master: Close
[0m17:27:23.873971 [debug] [MainThread]: Connection 'master' was properly closed.
[0m17:27:23.874105 [debug] [MainThread]: Connection 'test.bodega.not_null_invoice_items_item_position.4c35b37ffa' was properly closed.
[0m17:27:23.874228 [debug] [MainThread]: Connection 'test.bodega.not_null_invoice_items_invoice_number.5077b52dca' was properly closed.
[0m17:27:23.874345 [debug] [MainThread]: Connection 'test.bodega.not_null_invoices_invoice_number.7e145b2d89' was properly closed.
[0m17:27:23.874465 [debug] [MainThread]: Connection 'test.bodega.unique_invoices_invoice_number.653cfe1331' was properly closed.
[0m17:27:23.874629 [info ] [MainThread]: 
[0m17:27:23.874790 [info ] [MainThread]: Finished running 4 table models, 8 data tests in 0 hours 0 minutes and 0.33 seconds (0.33s).
[0m17:27:23.875636 [debug] [MainThread]: Command end result
[0m17:27:23.895505 [debug] [MainThread]: Wrote artifact WritableManifest to /Users/alvarosantosandres/personal/datahub-local-ai/workflows/dbt/projects/bodega/target/manifest.json
[0m17:27:23.897455 [debug] [MainThread]: Wrote artifact SemanticManifest to /Users/alvarosantosandres/personal/datahub-local-ai/workflows/dbt/projects/bodega/target/semantic_manifest.json
[0m17:27:23.898892 [debug] [MainThread]: Wrote artifact OsiDocument to /Users/alvarosantosandres/personal/datahub-local-ai/workflows/dbt/projects/bodega/target/osi_document.json
[0m17:27:23.903242 [debug] [MainThread]: Wrote artifact RunExecutionResult to /Users/alvarosantosandres/personal/datahub-local-ai/workflows/dbt/projects/bodega/target/run_results.json
[0m17:27:23.903450 [info ] [MainThread]: 
[0m17:27:23.903640 [info ] [MainThread]: [32mCompleted successfully[0m
[0m17:27:23.903785 [info ] [MainThread]: 
[0m17:27:23.903952 [info ] [MainThread]: Done. PASS=12 WARN=0 ERROR=0 SKIP=0 NO-OP=0 REUSED=0 TOTAL=12
[0m17:27:23.904286 [debug] [MainThread]: Resource report: {"command_name": "build", "command_success": true, "command_wall_clock_time": 1.7908353, "process_in_blocks": "0", "process_kernel_time": 0.303037, "process_mem_max_rss": "195231744", "process_out_blocks": "0", "process_user_time": 2.364432}
[0m17:27:23.904527 [debug] [MainThread]: Command `cli build` succeeded at 17:27:23.904491 after 1.79 seconds
[0m17:27:23.904717 [debug] [MainThread]: Sending event: {'category': 'dbt', 'action': 'invocation', 'label': 'end', 'context': [<snowplow_tracker.self_describing_json.SelfDescribingJson object at 0x10a3986e0>, <snowplow_tracker.self_describing_json.SelfDescribingJson object at 0x10a0caba0>, <snowplow_tracker.self_describing_json.SelfDescribingJson object at 0x10a86ca70>]}
[0m17:27:23.904900 [debug] [MainThread]: Flushing usage events
[0m17:27:24.411845 [debug] [MainThread]: An error was encountered while trying to flush usage events
[0m17:27:25.728542 [debug] [MainThread]: Sending event: {'category': 'dbt', 'action': 'invocation', 'label': 'start', 'context': [<snowplow_tracker.self_describing_json.SelfDescribingJson object at 0x10a8f2270>, <snowplow_tracker.self_describing_json.SelfDescribingJson object at 0x10bd6b890>, <snowplow_tracker.self_describing_json.SelfDescribingJson object at 0x10bd6b9d0>]}


============================== 17:27:25.731685 | 52f5d6a6-73c0-4fd2-bbb6-0d532d85c85f ==============================
[0m17:27:25.731685 [info ] [MainThread]: Running with dbt=1.12.3
[0m17:27:25.732047 [debug] [MainThread]: running dbt with arguments {'use_colors': 'True', 'warn_error': 'None', 'warn_error_options': 'WarnErrorOptionsV2(error=[], warn=[], silence=[])', 'profiles_dir': '/Users/alvarosantosandres/personal/datahub-local-ai/workflows/dbt/projects/bodega', 'no_print': 'None', 'invocation_command': 'dbt --project bodega --target local --select gold.* --full-refresh', 'log_path': '/Users/alvarosantosandres/personal/datahub-local-ai/workflows/dbt/projects/bodega/logs', 'target_path': 'None', 'printer_width': '80', 'use_experimental_parser': 'False', 'partial_parse': 'True', 'write_json': 'True', 'fail_fast': 'False', 'quiet': 'False', 'indirect_selection': 'eager', 'hints_enabled': 'True', 'empty': 'False', 'maximum_seed_size_mib': '1', 'version_check': 'True', 'debug': 'False', 'introspect': 'True', 'send_anonymous_usage_stats': 'True', 'log_format': 'default', 'cache_selected_only': 'False', 'log_cache_events': 'False', 'static_parser': 'True'}
[0m17:27:25.869547 [debug] [MainThread]: Sending event: {'category': 'dbt', 'action': 'project_id', 'label': '52f5d6a6-73c0-4fd2-bbb6-0d532d85c85f', 'context': [<snowplow_tracker.self_describing_json.SelfDescribingJson object at 0x10ac12190>]}
[0m17:27:25.969018 [debug] [MainThread]: Sending event: {'category': 'dbt', 'action': 'adapter_info', 'label': '52f5d6a6-73c0-4fd2-bbb6-0d532d85c85f', 'context': [<snowplow_tracker.self_describing_json.SelfDescribingJson object at 0x10bcf9370>]}
[0m17:27:25.971279 [info ] [MainThread]: Registered adapter: duckdb=1.11.0
[0m17:27:26.034766 [debug] [MainThread]: checksum: 59a249011856ecdb0c0125045551a53b65cd388a4d7d6d24b99b9f67da16e401, vars: {}, profile: bodega, target: local, version: 1.12.3
[0m17:27:26.113408 [debug] [MainThread]: Partial parsing enabled: 0 files deleted, 0 files added, 0 files changed.
[0m17:27:26.113726 [debug] [MainThread]: Nothing changed, skipping partial parsing.
[0m17:27:26.113900 [debug] [MainThread]: Partial parsing enabled, no changes found, skipping parsing
[0m17:27:26.120121 [debug] [MainThread]: Sending event: {'category': 'dbt', 'action': 'load_project', 'label': '52f5d6a6-73c0-4fd2-bbb6-0d532d85c85f', 'context': [<snowplow_tracker.self_describing_json.SelfDescribingJson object at 0x10c333750>]}
[0m17:27:26.196433 [debug] [MainThread]: Wrote artifact WritableManifest to /Users/alvarosantosandres/personal/datahub-local-ai/workflows/dbt/projects/bodega/target/manifest.json
[0m17:27:26.198342 [debug] [MainThread]: Wrote artifact SemanticManifest to /Users/alvarosantosandres/personal/datahub-local-ai/workflows/dbt/projects/bodega/target/semantic_manifest.json
[0m17:27:26.206577 [debug] [MainThread]: Wrote artifact OsiDocument to /Users/alvarosantosandres/personal/datahub-local-ai/workflows/dbt/projects/bodega/target/osi_document.json
[0m17:27:26.222429 [debug] [MainThread]: Sending event: {'category': 'dbt', 'action': 'resource_counts', 'label': '52f5d6a6-73c0-4fd2-bbb6-0d532d85c85f', 'context': [<snowplow_tracker.self_describing_json.SelfDescribingJson object at 0x10c5bc230>]}
[0m17:27:26.222834 [info ] [MainThread]: Found 10 models, 14 data tests, 2 sources, 516 macros
[0m17:27:26.224415 [info ] [MainThread]: 
[0m17:27:26.224650 [info ] [MainThread]: Concurrency: 4 threads (target='local')
[0m17:27:26.224820 [info ] [MainThread]: 
[0m17:27:26.225156 [debug] [MainThread]: Acquiring new duckdb connection 'master'
[0m17:27:26.227838 [debug] [ThreadPool]: Acquiring new duckdb connection 'list_gold'
[0m17:27:26.261000 [debug] [ThreadPool]: Using duckdb connection "list_gold"
[0m17:27:26.261282 [debug] [ThreadPool]: On list_gold: /* {"app": "dbt", "dbt_version": "1.12.3", "profile_name": "bodega", "target_name": "local", "connection_name": "list_gold"} */

    
    select schema_name
    from system.information_schema.schemata
    
    where lower(catalog_name) = '"gold"'
    
  
  
[0m17:27:26.261508 [debug] [ThreadPool]: Opening a new connection, currently in state init
[0m17:27:26.270709 [debug] [ThreadPool]: SQL status: OK in 0.009 seconds
[0m17:27:26.271588 [debug] [ThreadPool]: On list_gold: Close
[0m17:27:26.271977 [debug] [ThreadPool]: Re-using an available connection from the pool (formerly list_gold, now create_gold_bodega)
[0m17:27:26.272218 [debug] [ThreadPool]: Creating schema "database: "gold"
schema: "bodega"
"
[0m17:27:26.275633 [debug] [ThreadPool]: Using duckdb connection "create_gold_bodega"
[0m17:27:26.275833 [debug] [ThreadPool]: On create_gold_bodega: /* {"app": "dbt", "dbt_version": "1.12.3", "profile_name": "bodega", "target_name": "local", "connection_name": "create_gold_bodega"} */

    
        select type from duckdb_databases()
        where lower(database_name)='gold'
        and type != 'duckdb'
    
  
[0m17:27:26.275986 [debug] [ThreadPool]: Opening a new connection, currently in state closed
[0m17:27:26.276558 [debug] [ThreadPool]: SQL status: OK in 0.001 seconds
[0m17:27:26.277193 [debug] [ThreadPool]: Using duckdb connection "create_gold_bodega"
[0m17:27:26.277350 [debug] [ThreadPool]: On create_gold_bodega: BEGIN
[0m17:27:26.277674 [debug] [ThreadPool]: SQL status: OK in 0.000 seconds
[0m17:27:26.277960 [debug] [ThreadPool]: Using duckdb connection "create_gold_bodega"
[0m17:27:26.278125 [debug] [ThreadPool]: On create_gold_bodega: /* {"app": "dbt", "dbt_version": "1.12.3", "profile_name": "bodega", "target_name": "local", "connection_name": "create_gold_bodega"} */

    
    
        create schema if not exists "gold"."bodega"
    
[0m17:27:26.278449 [debug] [ThreadPool]: SQL status: OK in 0.000 seconds
[0m17:27:26.279012 [debug] [ThreadPool]: On create_gold_bodega: COMMIT
[0m17:27:26.279264 [debug] [ThreadPool]: Using duckdb connection "create_gold_bodega"
[0m17:27:26.279426 [debug] [ThreadPool]: On create_gold_bodega: COMMIT
[0m17:27:26.280390 [debug] [ThreadPool]: SQL status: OK in 0.001 seconds
[0m17:27:26.280643 [debug] [ThreadPool]: On create_gold_bodega: Close
[0m17:27:26.281539 [debug] [ThreadPool]: Re-using an available connection from the pool (formerly create_gold_bodega, now list_gold_bodega)
[0m17:27:26.283924 [debug] [ThreadPool]: Using duckdb connection "list_gold_bodega"
[0m17:27:26.284155 [debug] [ThreadPool]: On list_gold_bodega: BEGIN
[0m17:27:26.284364 [debug] [ThreadPool]: Opening a new connection, currently in state closed
[0m17:27:26.284885 [debug] [ThreadPool]: Acquiring new duckdb connection 'list_silver_bodega'
[0m17:27:26.285868 [debug] [ThreadPool]: Using duckdb connection "list_silver_bodega"
[0m17:27:26.286083 [debug] [ThreadPool]: On list_silver_bodega: BEGIN
[0m17:27:26.286287 [debug] [ThreadPool]: Opening a new connection, currently in state init
[0m17:27:26.286644 [debug] [ThreadPool]: SQL status: OK in 0.002 seconds
[0m17:27:26.286803 [debug] [ThreadPool]: Using duckdb connection "list_gold_bodega"
[0m17:27:26.286954 [debug] [ThreadPool]: On list_gold_bodega: /* {"app": "dbt", "dbt_version": "1.12.3", "profile_name": "bodega", "target_name": "local", "connection_name": "list_gold_bodega"} */
select
      'gold' as database,
      table_name as name,
      table_schema as schema,
      CASE table_type
        WHEN 'BASE TABLE' THEN 'table'
        WHEN 'VIEW' THEN 'view'
        WHEN 'LOCAL TEMPORARY' THEN 'table'
        END as type
    from system.information_schema.tables
    where lower(table_schema) = 'bodega'
    and lower(table_catalog) = 'gold'
  
[0m17:27:26.287206 [debug] [ThreadPool]: SQL status: OK in 0.001 seconds
[0m17:27:26.287362 [debug] [ThreadPool]: Using duckdb connection "list_silver_bodega"
[0m17:27:26.287515 [debug] [ThreadPool]: On list_silver_bodega: /* {"app": "dbt", "dbt_version": "1.12.3", "profile_name": "bodega", "target_name": "local", "connection_name": "list_silver_bodega"} */
select
      'silver' as database,
      table_name as name,
      table_schema as schema,
      CASE table_type
        WHEN 'BASE TABLE' THEN 'table'
        WHEN 'VIEW' THEN 'view'
        WHEN 'LOCAL TEMPORARY' THEN 'table'
        END as type
    from system.information_schema.tables
    where lower(table_schema) = 'bodega'
    and lower(table_catalog) = 'silver'
  
[0m17:27:26.288958 [debug] [ThreadPool]: SQL status: OK in 0.002 seconds
[0m17:27:26.289654 [debug] [ThreadPool]: On list_gold_bodega: ROLLBACK
[0m17:27:26.289898 [debug] [ThreadPool]: SQL status: OK in 0.002 seconds
[0m17:27:26.290099 [debug] [ThreadPool]: On list_gold_bodega: Close
[0m17:27:26.290891 [debug] [ThreadPool]: On list_silver_bodega: ROLLBACK
[0m17:27:26.291295 [debug] [ThreadPool]: On list_silver_bodega: Close
[0m17:27:26.292024 [debug] [MainThread]: Sending event: {'category': 'dbt', 'action': 'runnable_timing', 'label': '52f5d6a6-73c0-4fd2-bbb6-0d532d85c85f', 'context': [<snowplow_tracker.self_describing_json.SelfDescribingJson object at 0x10c5f7690>]}
[0m17:27:26.292369 [debug] [MainThread]: Using duckdb connection "master"
[0m17:27:26.292535 [debug] [MainThread]: On master: BEGIN
[0m17:27:26.292684 [debug] [MainThread]: Opening a new connection, currently in state init
[0m17:27:26.293131 [debug] [MainThread]: SQL status: OK in 0.000 seconds
[0m17:27:26.293432 [debug] [MainThread]: On master: COMMIT
[0m17:27:26.293609 [debug] [MainThread]: Using duckdb connection "master"
[0m17:27:26.293763 [debug] [MainThread]: On master: COMMIT
[0m17:27:26.293973 [debug] [MainThread]: SQL status: OK in 0.000 seconds
[0m17:27:26.294133 [debug] [MainThread]: On master: Close
[0m17:27:26.295625 [debug] [Thread-1 (]: Began running node model.bodega.category_spending
[0m17:27:26.295908 [debug] [Thread-3 (]: Began running node model.bodega.spending_by_day
[0m17:27:26.296094 [debug] [Thread-2 (]: Began running node model.bodega.price_trends
[0m17:27:26.296363 [info ] [Thread-1 (]: 1 of 12 START sql table model gold.bodega.category_spending .................... [RUN]
[0m17:27:26.296645 [info ] [Thread-3 (]: 3 of 12 START sql table model gold.bodega.spending_by_day ...................... [RUN]
[0m17:27:26.296864 [debug] [Thread-4 (]: Began running node model.bodega.spending_by_week
[0m17:27:26.297074 [info ] [Thread-2 (]: 2 of 12 START sql table model gold.bodega.price_trends ......................... [RUN]
[0m17:27:26.297771 [debug] [Thread-1 (]: Re-using an available connection from the pool (formerly list_gold_bodega, now model.bodega.category_spending)
[0m17:27:26.298035 [debug] [Thread-3 (]: Acquiring new duckdb connection 'model.bodega.spending_by_day'
[0m17:27:26.298258 [info ] [Thread-4 (]: 4 of 12 START sql table model gold.bodega.spending_by_week ..................... [RUN]
[0m17:27:26.298468 [debug] [Thread-2 (]: Re-using an available connection from the pool (formerly list_silver_bodega, now model.bodega.price_trends)
[0m17:27:26.298648 [debug] [Thread-1 (]: Began compiling node model.bodega.category_spending
[0m17:27:26.298822 [debug] [Thread-3 (]: Began compiling node model.bodega.spending_by_day
[0m17:27:26.299041 [debug] [Thread-4 (]: Acquiring new duckdb connection 'model.bodega.spending_by_week'
[0m17:27:26.299203 [debug] [Thread-2 (]: Began compiling node model.bodega.price_trends
[0m17:27:26.303777 [debug] [Thread-1 (]: Writing injected SQL for node "model.bodega.category_spending"
[0m17:27:26.304687 [debug] [Thread-3 (]: Writing injected SQL for node "model.bodega.spending_by_day"
[0m17:27:26.304909 [debug] [Thread-4 (]: Began compiling node model.bodega.spending_by_week
[0m17:27:26.305977 [debug] [Thread-2 (]: Writing injected SQL for node "model.bodega.price_trends"
[0m17:27:26.307303 [debug] [Thread-4 (]: Writing injected SQL for node "model.bodega.spending_by_week"
[0m17:27:26.307818 [debug] [Thread-1 (]: Began executing node model.bodega.category_spending
[0m17:27:26.320459 [debug] [Thread-2 (]: Began executing node model.bodega.price_trends
[0m17:27:26.325881 [debug] [Thread-3 (]: Began executing node model.bodega.spending_by_day
[0m17:27:26.344846 [debug] [Thread-3 (]: Writing runtime sql for node "model.bodega.spending_by_day"
[0m17:27:26.348863 [debug] [Thread-1 (]: Writing runtime sql for node "model.bodega.category_spending"
[0m17:27:26.352707 [debug] [Thread-2 (]: Writing runtime sql for node "model.bodega.price_trends"
[0m17:27:26.353289 [debug] [Thread-4 (]: Began executing node model.bodega.spending_by_week
[0m17:27:26.355031 [debug] [Thread-4 (]: Writing runtime sql for node "model.bodega.spending_by_week"
[0m17:27:26.355419 [debug] [Thread-3 (]: Using duckdb connection "model.bodega.spending_by_day"
[0m17:27:26.355796 [debug] [Thread-1 (]: Using duckdb connection "model.bodega.category_spending"
[0m17:27:26.356084 [debug] [Thread-3 (]: On model.bodega.spending_by_day: BEGIN
[0m17:27:26.356356 [debug] [Thread-2 (]: Using duckdb connection "model.bodega.price_trends"
[0m17:27:26.356629 [debug] [Thread-1 (]: On model.bodega.category_spending: BEGIN
[0m17:27:26.356893 [debug] [Thread-3 (]: Opening a new connection, currently in state init
[0m17:27:26.357174 [debug] [Thread-4 (]: Using duckdb connection "model.bodega.spending_by_week"
[0m17:27:26.357371 [debug] [Thread-2 (]: On model.bodega.price_trends: BEGIN
[0m17:27:26.357566 [debug] [Thread-1 (]: Opening a new connection, currently in state closed
[0m17:27:26.357901 [debug] [Thread-4 (]: On model.bodega.spending_by_week: BEGIN
[0m17:27:26.358084 [debug] [Thread-2 (]: Opening a new connection, currently in state closed
[0m17:27:26.358270 [debug] [Thread-3 (]: SQL status: OK in 0.001 seconds
[0m17:27:26.358486 [debug] [Thread-4 (]: Opening a new connection, currently in state init
[0m17:27:26.358674 [debug] [Thread-1 (]: SQL status: OK in 0.001 seconds
[0m17:27:26.358950 [debug] [Thread-3 (]: Using duckdb connection "model.bodega.spending_by_day"
[0m17:27:26.359187 [debug] [Thread-2 (]: SQL status: OK in 0.001 seconds
[0m17:27:26.359460 [debug] [Thread-1 (]: Using duckdb connection "model.bodega.category_spending"
[0m17:27:26.359734 [debug] [Thread-3 (]: On model.bodega.spending_by_day: /* {"app": "dbt", "dbt_version": "1.12.3", "profile_name": "bodega", "target_name": "local", "node_id": "model.bodega.spending_by_day"} */

    

    create  table
      "gold"."bodega"."spending_by_day__dbt_tmp"
  
    
    as (
      SELECT
    invoice_date,
    supermarket,
    COUNT(*)              AS invoice_count,
    SUM(total_amount)     AS total_amount,
    SUM(total_tax_amount) AS total_tax,
    SUM(item_count)       AS total_items,
    AVG(total_amount)     AS avg_basket_amount
FROM "silver"."bodega"."invoices"
GROUP BY invoice_date, supermarket
    );
    
  
[0m17:27:26.359942 [debug] [Thread-4 (]: SQL status: OK in 0.001 seconds
[0m17:27:26.360150 [debug] [Thread-2 (]: Using duckdb connection "model.bodega.price_trends"
[0m17:27:26.360412 [debug] [Thread-1 (]: On model.bodega.category_spending: /* {"app": "dbt", "dbt_version": "1.12.3", "profile_name": "bodega", "target_name": "local", "node_id": "model.bodega.category_spending"} */

    

    create  table
      "gold"."bodega"."category_spending__dbt_tmp"
  
    
    as (
      SELECT
    i.invoice_date,
    date_trunc('week',  i.invoice_date)  AS week_start,
    date_trunc('month', i.invoice_date)  AS month_start,
    COALESCE(p.category, 'OTHER')        AS category,
    p.subcategory,
    i.supermarket,
    COUNT(DISTINCT i.invoice_number)     AS invoice_count,
    COUNT(*)                             AS item_count,
    SUM(i.total_amount)                  AS total_spent
FROM "silver"."bodega"."invoice_items" i
LEFT JOIN (
    -- products is merge-by-key in dlt but the Iceberg filesystem destination
    -- falls back to append, so dedupe to the latest categorisation per key
    SELECT
        description_clean,
        supermarket,
        max_by(category, categorized_at)    AS category,
        max_by(subcategory, categorized_at) AS subcategory
    FROM "silver"."bodega"."products"
    GROUP BY description_clean, supermarket
) p
    ON  i.description_clean = p.description_clean
    AND i.supermarket        = p.supermarket
GROUP BY
    i.invoice_date,
    date_trunc('week',  i.invoice_date),
    date_trunc('month', i.invoice_date),
    COALESCE(p.category, 'OTHER'),
    p.subcategory,
    i.supermarket
    );
    
  
[0m17:27:26.360787 [debug] [Thread-4 (]: Using duckdb connection "model.bodega.spending_by_week"
[0m17:27:26.361051 [debug] [Thread-2 (]: On model.bodega.price_trends: /* {"app": "dbt", "dbt_version": "1.12.3", "profile_name": "bodega", "target_name": "local", "node_id": "model.bodega.price_trends"} */

    

    create  table
      "gold"."bodega"."price_trends__dbt_tmp"
  
    
    as (
      WITH weekly AS (
    SELECT
        description_clean,
        supermarket,
        date_trunc('week', invoice_date)  AS week_start,
        -- Blended price: unit_price on receipts is €/kg for weighted lines and
        -- €/unit otherwise, so total/quantity yields the same dimension per product.
        SUM(total_amount) / NULLIF(SUM(quantity), 0) AS price,
        SUM(total_amount)                 AS total_spent,
        SUM(quantity)                     AS total_quantity,
        COUNT(*)                          AS purchase_count
    FROM "silver"."bodega"."invoice_items"
    GROUP BY description_clean, supermarket, date_trunc('week', invoice_date)
),
repeat_products AS (
    SELECT description_clean, supermarket
    FROM "silver"."bodega"."invoice_items"
    GROUP BY description_clean, supermarket
    HAVING COUNT(*) >= 2
)
SELECT
    w.description_clean,
    w.supermarket,
    w.week_start,
    w.price,
    w.total_spent,
    w.total_quantity,
    w.purchase_count,
    p.category,
    p.subcategory,
    COALESCE(p.is_weighted, FALSE) AS is_weighted
FROM weekly w
JOIN repeat_products r
    ON  w.description_clean = r.description_clean
    AND w.supermarket        = r.supermarket
LEFT JOIN (
    -- products is merge-by-key in dlt but the Iceberg filesystem destination
    -- falls back to append, so dedupe to the latest categorisation per key
    SELECT
        description_clean,
        supermarket,
        max_by(category, categorized_at)    AS category,
        max_by(subcategory, categorized_at) AS subcategory,
        max_by(is_weighted, categorized_at) AS is_weighted
    FROM "silver"."bodega"."products"
    GROUP BY description_clean, supermarket
) p
    ON  w.description_clean = p.description_clean
    AND w.supermarket        = p.supermarket
    );
    
  
[0m17:27:26.361512 [debug] [Thread-4 (]: On model.bodega.spending_by_week: /* {"app": "dbt", "dbt_version": "1.12.3", "profile_name": "bodega", "target_name": "local", "node_id": "model.bodega.spending_by_week"} */

    

    create  table
      "gold"."bodega"."spending_by_week__dbt_tmp"
  
    
    as (
      SELECT
    date_trunc('week', invoice_date)  AS week_start,
    year(invoice_date)                AS year,
    week(invoice_date)                AS week_number,
    supermarket,
    COUNT(*)                          AS invoice_count,
    SUM(total_amount)                 AS total_amount,
    SUM(total_tax_amount)             AS total_tax,
    SUM(item_count)                   AS total_items,
    AVG(total_amount)                 AS avg_basket_amount,
    MAX(total_amount)                 AS max_basket_amount
FROM "silver"."bodega"."invoices"
GROUP BY
    date_trunc('week', invoice_date),
    year(invoice_date),
    week(invoice_date),
    supermarket
    );
    
  
[0m17:27:26.362596 [debug] [Thread-3 (]: SQL status: OK in 0.002 seconds
[0m17:27:26.365868 [debug] [Thread-3 (]: Using duckdb connection "model.bodega.spending_by_day"
[0m17:27:26.366135 [debug] [Thread-3 (]: On model.bodega.spending_by_day: /* {"app": "dbt", "dbt_version": "1.12.3", "profile_name": "bodega", "target_name": "local", "node_id": "model.bodega.spending_by_day"} */
alter table "gold"."bodega"."spending_by_day__dbt_tmp" rename to "spending_by_day"
[0m17:27:26.366431 [debug] [Thread-1 (]: SQL status: OK in 0.005 seconds
[0m17:27:26.366682 [debug] [Thread-4 (]: SQL status: OK in 0.004 seconds
[0m17:27:26.366873 [debug] [Thread-2 (]: SQL status: OK in 0.005 seconds
[0m17:27:26.368311 [debug] [Thread-1 (]: Using duckdb connection "model.bodega.category_spending"
[0m17:27:26.368589 [debug] [Thread-3 (]: SQL status: OK in 0.002 seconds
[0m17:27:26.369691 [debug] [Thread-4 (]: Using duckdb connection "model.bodega.spending_by_week"
[0m17:27:26.370865 [debug] [Thread-2 (]: Using duckdb connection "model.bodega.price_trends"
[0m17:27:26.371139 [debug] [Thread-1 (]: On model.bodega.category_spending: /* {"app": "dbt", "dbt_version": "1.12.3", "profile_name": "bodega", "target_name": "local", "node_id": "model.bodega.category_spending"} */
alter table "gold"."bodega"."category_spending__dbt_tmp" rename to "category_spending"
[0m17:27:26.377778 [debug] [Thread-4 (]: On model.bodega.spending_by_week: /* {"app": "dbt", "dbt_version": "1.12.3", "profile_name": "bodega", "target_name": "local", "node_id": "model.bodega.spending_by_week"} */
alter table "gold"."bodega"."spending_by_week__dbt_tmp" rename to "spending_by_week"
[0m17:27:26.381040 [debug] [Thread-3 (]: Using duckdb connection "model.bodega.spending_by_day"
[0m17:27:26.381366 [debug] [Thread-2 (]: On model.bodega.price_trends: /* {"app": "dbt", "dbt_version": "1.12.3", "profile_name": "bodega", "target_name": "local", "node_id": "model.bodega.price_trends"} */
alter table "gold"."bodega"."price_trends__dbt_tmp" rename to "price_trends"
[0m17:27:26.381907 [debug] [Thread-3 (]: On model.bodega.spending_by_day: /* {"app": "dbt", "dbt_version": "1.12.3", "profile_name": "bodega", "target_name": "local", "node_id": "model.bodega.spending_by_day"} */

    
  
  comment on table "gold"."bodega"."spending_by_day" is $dbt_comment_literal_block$Daily spend aggregates per supermarket.$dbt_comment_literal_block$;

  
[0m17:27:26.382140 [debug] [Thread-4 (]: SQL status: OK in 0.000 seconds
[0m17:27:26.382319 [debug] [Thread-1 (]: SQL status: OK in 0.001 seconds
[0m17:27:26.383387 [debug] [Thread-4 (]: Using duckdb connection "model.bodega.spending_by_week"
[0m17:27:26.383663 [debug] [Thread-2 (]: SQL status: OK in 0.001 seconds
[0m17:27:26.384738 [debug] [Thread-1 (]: Using duckdb connection "model.bodega.category_spending"
[0m17:27:26.384925 [debug] [Thread-3 (]: SQL status: OK in 0.002 seconds
[0m17:27:26.385107 [debug] [Thread-4 (]: On model.bodega.spending_by_week: /* {"app": "dbt", "dbt_version": "1.12.3", "profile_name": "bodega", "target_name": "local", "node_id": "model.bodega.spending_by_week"} */

    
  
  comment on table "gold"."bodega"."spending_by_week" is $dbt_comment_literal_block$Weekly spend aggregates per supermarket.$dbt_comment_literal_block$;

  
[0m17:27:26.386086 [debug] [Thread-2 (]: Using duckdb connection "model.bodega.price_trends"
[0m17:27:26.386406 [debug] [Thread-1 (]: On model.bodega.category_spending: /* {"app": "dbt", "dbt_version": "1.12.3", "profile_name": "bodega", "target_name": "local", "node_id": "model.bodega.category_spending"} */

    
  
  comment on table "gold"."bodega"."category_spending" is $dbt_comment_literal_block$Daily spend by LLM-assigned product category.$dbt_comment_literal_block$;

  
[0m17:27:26.389667 [debug] [Thread-3 (]: Using duckdb connection "model.bodega.spending_by_day"
[0m17:27:26.389977 [debug] [Thread-2 (]: On model.bodega.price_trends: /* {"app": "dbt", "dbt_version": "1.12.3", "profile_name": "bodega", "target_name": "local", "node_id": "model.bodega.price_trends"} */

    
  
  comment on table "gold"."bodega"."price_trends" is $dbt_comment_literal_block$Weekly blended price per product (total spent / total quantity: €/kg for weighted products, €/unit otherwise). Only products bought ≥2 times.
$dbt_comment_literal_block$;

  
[0m17:27:26.390182 [debug] [Thread-4 (]: SQL status: OK in 0.003 seconds
[0m17:27:26.390524 [debug] [Thread-3 (]: On model.bodega.spending_by_day: /* {"app": "dbt", "dbt_version": "1.12.3", "profile_name": "bodega", "target_name": "local", "node_id": "model.bodega.spending_by_day"} */

      select
          column_name,
          column_type as data_type,
          cast(null as bigint) as character_maximum_length,
          cast(null as bigint) as numeric_precision,
          cast(null as bigint) as numeric_scale
      from (describe "gold"."bodega"."spending_by_day")
  
[0m17:27:26.390855 [debug] [Thread-1 (]: SQL status: OK in 0.000 seconds
[0m17:27:26.391093 [debug] [Thread-2 (]: SQL status: OK in 0.000 seconds
[0m17:27:26.392224 [debug] [Thread-4 (]: Using duckdb connection "model.bodega.spending_by_week"
[0m17:27:26.393293 [debug] [Thread-1 (]: Using duckdb connection "model.bodega.category_spending"
[0m17:27:26.394381 [debug] [Thread-2 (]: Using duckdb connection "model.bodega.price_trends"
[0m17:27:26.394632 [debug] [Thread-3 (]: SQL status: OK in 0.003 seconds
[0m17:27:26.394879 [debug] [Thread-4 (]: On model.bodega.spending_by_week: /* {"app": "dbt", "dbt_version": "1.12.3", "profile_name": "bodega", "target_name": "local", "node_id": "model.bodega.spending_by_week"} */

      select
          column_name,
          column_type as data_type,
          cast(null as bigint) as character_maximum_length,
          cast(null as bigint) as numeric_precision,
          cast(null as bigint) as numeric_scale
      from (describe "gold"."bodega"."spending_by_week")
  
[0m17:27:26.395103 [debug] [Thread-1 (]: On model.bodega.category_spending: /* {"app": "dbt", "dbt_version": "1.12.3", "profile_name": "bodega", "target_name": "local", "node_id": "model.bodega.category_spending"} */

      select
          column_name,
          column_type as data_type,
          cast(null as bigint) as character_maximum_length,
          cast(null as bigint) as numeric_precision,
          cast(null as bigint) as numeric_scale
      from (describe "gold"."bodega"."category_spending")
  
[0m17:27:26.395294 [debug] [Thread-2 (]: On model.bodega.price_trends: /* {"app": "dbt", "dbt_version": "1.12.3", "profile_name": "bodega", "target_name": "local", "node_id": "model.bodega.price_trends"} */

      select
          column_name,
          column_type as data_type,
          cast(null as bigint) as character_maximum_length,
          cast(null as bigint) as numeric_precision,
          cast(null as bigint) as numeric_scale
      from (describe "gold"."bodega"."price_trends")
  
[0m17:27:26.402624 [debug] [Thread-3 (]: Using duckdb connection "model.bodega.spending_by_day"
[0m17:27:26.403121 [debug] [Thread-4 (]: SQL status: OK in 0.001 seconds
[0m17:27:26.403458 [debug] [Thread-3 (]: On model.bodega.spending_by_day: /* {"app": "dbt", "dbt_version": "1.12.3", "profile_name": "bodega", "target_name": "local", "node_id": "model.bodega.spending_by_day"} */

      select
          column_name,
          column_type as data_type,
          cast(null as bigint) as character_maximum_length,
          cast(null as bigint) as numeric_precision,
          cast(null as bigint) as numeric_scale
      from (describe "gold"."bodega"."spending_by_day")
  
[0m17:27:26.403800 [debug] [Thread-1 (]: SQL status: OK in 0.001 seconds
[0m17:27:26.405971 [debug] [Thread-4 (]: Using duckdb connection "model.bodega.spending_by_week"
[0m17:27:26.406348 [debug] [Thread-2 (]: SQL status: OK in 0.003 seconds
[0m17:27:26.406661 [debug] [Thread-3 (]: SQL status: OK in 0.003 seconds
[0m17:27:26.408015 [debug] [Thread-1 (]: Using duckdb connection "model.bodega.category_spending"
[0m17:27:26.408307 [debug] [Thread-4 (]: On model.bodega.spending_by_week: /* {"app": "dbt", "dbt_version": "1.12.3", "profile_name": "bodega", "target_name": "local", "node_id": "model.bodega.spending_by_week"} */

      select
          column_name,
          column_type as data_type,
          cast(null as bigint) as character_maximum_length,
          cast(null as bigint) as numeric_precision,
          cast(null as bigint) as numeric_scale
      from (describe "gold"."bodega"."spending_by_week")
  
[0m17:27:26.408850 [debug] [Thread-1 (]: On model.bodega.category_spending: /* {"app": "dbt", "dbt_version": "1.12.3", "profile_name": "bodega", "target_name": "local", "node_id": "model.bodega.category_spending"} */

      select
          column_name,
          column_type as data_type,
          cast(null as bigint) as character_maximum_length,
          cast(null as bigint) as numeric_precision,
          cast(null as bigint) as numeric_scale
      from (describe "gold"."bodega"."category_spending")
  
[0m17:27:26.410266 [debug] [Thread-2 (]: Using duckdb connection "model.bodega.price_trends"
[0m17:27:26.411132 [debug] [Thread-3 (]: Using duckdb connection "model.bodega.spending_by_day"
[0m17:27:26.411678 [debug] [Thread-2 (]: On model.bodega.price_trends: /* {"app": "dbt", "dbt_version": "1.12.3", "profile_name": "bodega", "target_name": "local", "node_id": "model.bodega.price_trends"} */

      select
          column_name,
          column_type as data_type,
          cast(null as bigint) as character_maximum_length,
          cast(null as bigint) as numeric_precision,
          cast(null as bigint) as numeric_scale
      from (describe "gold"."bodega"."price_trends")
  
[0m17:27:26.412258 [debug] [Thread-3 (]: On model.bodega.spending_by_day: /* {"app": "dbt", "dbt_version": "1.12.3", "profile_name": "bodega", "target_name": "local", "node_id": "model.bodega.spending_by_day"} */

    
  
  
    
    
    comment on column "gold"."bodega"."spending_by_day".invoice_date is $dbt_comment_literal_block$Day this row aggregates. The grain of the table.$dbt_comment_literal_block$;
  

  
[0m17:27:26.412475 [debug] [Thread-4 (]: SQL status: OK in 0.001 seconds
[0m17:27:26.412853 [debug] [Thread-1 (]: SQL status: OK in 0.001 seconds
[0m17:27:26.414391 [debug] [Thread-1 (]: Using duckdb connection "model.bodega.category_spending"
[0m17:27:26.414675 [debug] [Thread-1 (]: On model.bodega.category_spending: /* {"app": "dbt", "dbt_version": "1.12.3", "profile_name": "bodega", "target_name": "local", "node_id": "model.bodega.category_spending"} */

    
  
  
    
    
    comment on column "gold"."bodega"."category_spending".invoice_date is $dbt_comment_literal_block$Day this row aggregates. The finest grain of the table.$dbt_comment_literal_block$;
  
    
    
    comment on column "gold"."bodega"."category_spending".week_start is $dbt_comment_literal_block$Monday of the ISO week containing invoice_date, from date_trunc('week', ...).$dbt_comment_literal_block$;
  
    
    
    comment on column "gold"."bodega"."category_spending".month_start is $dbt_comment_literal_block$First day of the month containing invoice_date, from date_trunc('month', ...).$dbt_comment_literal_block$;
  
    
    
    comment on column "gold"."bodega"."category_spending".category is $dbt_comment_literal_block$LLM-assigned category, or the literal OTHER for a line whose product has no categorisation. Uncategorised spend lands here rather than being dropped.
$dbt_comment_literal_block$;
  
    
    
    comment on column "gold"."bodega"."category_spending".subcategory is $dbt_comment_literal_block$LLM-assigned subcategory. PARSE_ERROR when the LLM output failed to parse.$dbt_comment_literal_block$;
  
    
    
    comment on column "gold"."bodega"."category_spending".supermarket is $dbt_comment_literal_block$Retail brand this row aggregates.$dbt_comment_literal_block$;
  
    
    
    comment on column "gold"."bodega"."category_spending".invoice_count is $dbt_comment_literal_block$Distinct invoices contributing to this row.$dbt_comment_literal_block$;
  
    
    
    comment on column "gold"."bodega"."category_spending".item_count is $dbt_comment_literal_block$Line items contributing to this row.$dbt_comment_literal_block$;
  
    
    
    comment on column "gold"."bodega"."category_spending".total_spent is $dbt_comment_literal_block$Line-item spend, already aggregated to this row's grain. Summing it again is correct; averaging it is not.
$dbt_comment_literal_block$;
  

  
[0m17:27:26.415038 [debug] [Thread-2 (]: SQL status: OK in 0.002 seconds
[0m17:27:26.415384 [debug] [Thread-3 (]: SQL status: OK in 0.002 seconds
[0m17:27:26.416269 [debug] [Thread-2 (]: Using duckdb connection "model.bodega.price_trends"
[0m17:27:26.416479 [debug] [Thread-2 (]: On model.bodega.price_trends: /* {"app": "dbt", "dbt_version": "1.12.3", "profile_name": "bodega", "target_name": "local", "node_id": "model.bodega.price_trends"} */

    
  
  
    
    
    comment on column "gold"."bodega"."price_trends".description_clean is $dbt_comment_literal_block$Product key, trimmed and uppercased. Joins to invoice_items.description_clean.$dbt_comment_literal_block$;
  

  
[0m17:27:26.417157 [debug] [Thread-3 (]: On model.bodega.spending_by_day: COMMIT
[0m17:27:26.417361 [debug] [Thread-3 (]: Using duckdb connection "model.bodega.spending_by_day"
[0m17:27:26.417527 [debug] [Thread-3 (]: On model.bodega.spending_by_day: COMMIT
[0m17:27:26.418557 [debug] [Thread-4 (]: Using duckdb connection "model.bodega.spending_by_week"
[0m17:27:26.418820 [debug] [Thread-2 (]: SQL status: OK in 0.002 seconds
[0m17:27:26.419073 [debug] [Thread-4 (]: On model.bodega.spending_by_week: /* {"app": "dbt", "dbt_version": "1.12.3", "profile_name": "bodega", "target_name": "local", "node_id": "model.bodega.spending_by_week"} */

    
  
  
    
    
    comment on column "gold"."bodega"."spending_by_week".week_start is $dbt_comment_literal_block$Monday of the ISO week this row aggregates, from date_trunc('week', invoice_date).$dbt_comment_literal_block$;
  

  
[0m17:27:26.419271 [debug] [Thread-3 (]: SQL status: OK in 0.002 seconds
[0m17:27:26.419934 [debug] [Thread-2 (]: On model.bodega.price_trends: COMMIT
[0m17:27:26.422461 [debug] [Thread-3 (]: Using duckdb connection "model.bodega.spending_by_day"
[0m17:27:26.422685 [debug] [Thread-2 (]: Using duckdb connection "model.bodega.price_trends"
[0m17:27:26.422868 [debug] [Thread-4 (]: SQL status: OK in 0.003 seconds
[0m17:27:26.423054 [debug] [Thread-3 (]: On model.bodega.spending_by_day: /* {"app": "dbt", "dbt_version": "1.12.3", "profile_name": "bodega", "target_name": "local", "node_id": "model.bodega.spending_by_day"} */

      drop table if exists "gold"."bodega"."spending_by_day__dbt_backup" cascade
    
[0m17:27:26.423255 [debug] [Thread-2 (]: On model.bodega.price_trends: COMMIT
[0m17:27:26.423822 [debug] [Thread-4 (]: On model.bodega.spending_by_week: COMMIT
[0m17:27:26.424000 [debug] [Thread-1 (]: SQL status: OK in 0.009 seconds
[0m17:27:26.424325 [debug] [Thread-3 (]: SQL status: OK in 0.000 seconds
[0m17:27:26.424550 [debug] [Thread-4 (]: Using duckdb connection "model.bodega.spending_by_week"
[0m17:27:26.424715 [debug] [Thread-2 (]: SQL status: OK in 0.000 seconds
[0m17:27:26.425261 [debug] [Thread-1 (]: On model.bodega.category_spending: COMMIT
[0m17:27:26.426629 [debug] [Thread-3 (]: On model.bodega.spending_by_day: Close
[0m17:27:26.426904 [debug] [Thread-4 (]: On model.bodega.spending_by_week: COMMIT
[0m17:27:26.427806 [debug] [Thread-2 (]: Using duckdb connection "model.bodega.price_trends"
[0m17:27:26.428063 [debug] [Thread-1 (]: Using duckdb connection "model.bodega.category_spending"
[0m17:27:26.429488 [debug] [Thread-2 (]: On model.bodega.price_trends: /* {"app": "dbt", "dbt_version": "1.12.3", "profile_name": "bodega", "target_name": "local", "node_id": "model.bodega.price_trends"} */

      drop table if exists "gold"."bodega"."price_trends__dbt_backup" cascade
    
[0m17:27:26.429697 [debug] [Thread-1 (]: On model.bodega.category_spending: COMMIT
[0m17:27:26.429883 [debug] [Thread-4 (]: SQL status: OK in 0.002 seconds
[0m17:27:26.430759 [debug] [Thread-4 (]: Using duckdb connection "model.bodega.spending_by_week"
[0m17:27:26.430985 [debug] [Thread-4 (]: On model.bodega.spending_by_week: /* {"app": "dbt", "dbt_version": "1.12.3", "profile_name": "bodega", "target_name": "local", "node_id": "model.bodega.spending_by_week"} */

      drop table if exists "gold"."bodega"."spending_by_week__dbt_backup" cascade
    
[0m17:27:26.431196 [debug] [Thread-1 (]: SQL status: OK in 0.001 seconds
[0m17:27:26.431391 [debug] [Thread-2 (]: SQL status: OK in 0.001 seconds
[0m17:27:26.431652 [debug] [Thread-3 (]: Sending event: {'category': 'dbt', 'action': 'run_model', 'label': '52f5d6a6-73c0-4fd2-bbb6-0d532d85c85f', 'context': [<snowplow_tracker.self_describing_json.SelfDescribingJson object at 0x10c9d6c30>]}
[0m17:27:26.432343 [debug] [Thread-1 (]: Using duckdb connection "model.bodega.category_spending"
[0m17:27:26.433075 [debug] [Thread-2 (]: On model.bodega.price_trends: Close
[0m17:27:26.433259 [debug] [Thread-4 (]: SQL status: OK in 0.002 seconds
[0m17:27:26.433759 [debug] [Thread-1 (]: On model.bodega.category_spending: /* {"app": "dbt", "dbt_version": "1.12.3", "profile_name": "bodega", "target_name": "local", "node_id": "model.bodega.category_spending"} */

      drop table if exists "gold"."bodega"."category_spending__dbt_backup" cascade
    
[0m17:27:26.433609 [info ] [Thread-3 (]: 3 of 12 OK created sql table model gold.bodega.spending_by_day ................. [[32mOK[0m in 0.13s]
[0m17:27:26.434216 [debug] [Thread-2 (]: Sending event: {'category': 'dbt', 'action': 'run_model', 'label': '52f5d6a6-73c0-4fd2-bbb6-0d532d85c85f', 'context': [<snowplow_tracker.self_describing_json.SelfDescribingJson object at 0x10c604e90>]}
[0m17:27:26.434948 [debug] [Thread-4 (]: On model.bodega.spending_by_week: Close
[0m17:27:26.435457 [debug] [Thread-3 (]: Finished running node model.bodega.spending_by_day
[0m17:27:26.436001 [debug] [Thread-1 (]: SQL status: OK in 0.001 seconds
[0m17:27:26.435814 [info ] [Thread-2 (]: 2 of 12 OK created sql table model gold.bodega.price_trends .................... [[32mOK[0m in 0.14s]
[0m17:27:26.436405 [debug] [Thread-4 (]: Sending event: {'category': 'dbt', 'action': 'run_model', 'label': '52f5d6a6-73c0-4fd2-bbb6-0d532d85c85f', 'context': [<snowplow_tracker.self_describing_json.SelfDescribingJson object at 0x10c824d60>]}
[0m17:27:26.436645 [debug] [Thread-3 (]: Began running node model.bodega.tax_summary
[0m17:27:26.437399 [debug] [Thread-1 (]: On model.bodega.category_spending: Close
[0m17:27:26.437723 [debug] [Thread-2 (]: Finished running node model.bodega.price_trends
[0m17:27:26.438004 [info ] [Thread-4 (]: 4 of 12 OK created sql table model gold.bodega.spending_by_week ................ [[32mOK[0m in 0.14s]
[0m17:27:26.438185 [info ] [Thread-3 (]: 5 of 12 START sql table model gold.bodega.tax_summary .......................... [RUN]
[0m17:27:26.438515 [debug] [Thread-1 (]: Sending event: {'category': 'dbt', 'action': 'run_model', 'label': '52f5d6a6-73c0-4fd2-bbb6-0d532d85c85f', 'context': [<snowplow_tracker.self_describing_json.SelfDescribingJson object at 0x10ca6a490>]}
[0m17:27:26.438712 [debug] [Thread-2 (]: Began running node model.bodega.top_products
[0m17:27:26.438975 [debug] [Thread-4 (]: Finished running node model.bodega.spending_by_week
[0m17:27:26.439196 [debug] [Thread-3 (]: Re-using an available connection from the pool (formerly model.bodega.spending_by_day, now model.bodega.tax_summary)
[0m17:27:26.439474 [info ] [Thread-1 (]: 1 of 12 OK created sql table model gold.bodega.category_spending ............... [[32mOK[0m in 0.14s]
[0m17:27:26.439689 [info ] [Thread-2 (]: 6 of 12 START sql table model gold.bodega.top_products ......................... [RUN]
[0m17:27:26.439907 [debug] [Thread-4 (]: Began running node test.bodega.not_null_spending_by_day_invoice_date.2509f75e93
[0m17:27:26.440103 [debug] [Thread-3 (]: Began compiling node model.bodega.tax_summary
[0m17:27:26.440351 [debug] [Thread-1 (]: Finished running node model.bodega.category_spending
[0m17:27:26.440543 [debug] [Thread-2 (]: Re-using an available connection from the pool (formerly model.bodega.price_trends, now model.bodega.top_products)
[0m17:27:26.441713 [debug] [Thread-3 (]: Writing injected SQL for node "model.bodega.tax_summary"
[0m17:27:26.440731 [info ] [Thread-4 (]: 7 of 12 START test not_null_spending_by_day_invoice_date ....................... [RUN]
[0m17:27:26.441976 [debug] [Thread-1 (]: Began running node test.bodega.not_null_price_trends_description_clean.61eebb4b94
[0m17:27:26.442262 [debug] [Thread-2 (]: Began compiling node model.bodega.top_products
[0m17:27:26.442658 [debug] [Thread-4 (]: Re-using an available connection from the pool (formerly model.bodega.spending_by_week, now test.bodega.not_null_spending_by_day_invoice_date.2509f75e93)
[0m17:27:26.442940 [info ] [Thread-1 (]: 8 of 12 START test not_null_price_trends_description_clean ..................... [RUN]
[0m17:27:26.444513 [debug] [Thread-2 (]: Writing injected SQL for node "model.bodega.top_products"
[0m17:27:26.444808 [debug] [Thread-4 (]: Began compiling node test.bodega.not_null_spending_by_day_invoice_date.2509f75e93
[0m17:27:26.445094 [debug] [Thread-1 (]: Re-using an available connection from the pool (formerly model.bodega.category_spending, now test.bodega.not_null_price_trends_description_clean.61eebb4b94)
[0m17:27:26.445292 [debug] [Thread-3 (]: Began executing node model.bodega.tax_summary
[0m17:27:26.455065 [debug] [Thread-4 (]: Writing injected SQL for node "test.bodega.not_null_spending_by_day_invoice_date.2509f75e93"
[0m17:27:26.455369 [debug] [Thread-1 (]: Began compiling node test.bodega.not_null_price_trends_description_clean.61eebb4b94
[0m17:27:26.456706 [debug] [Thread-3 (]: Writing runtime sql for node "model.bodega.tax_summary"
[0m17:27:26.460212 [debug] [Thread-1 (]: Writing injected SQL for node "test.bodega.not_null_price_trends_description_clean.61eebb4b94"
[0m17:27:26.460496 [debug] [Thread-2 (]: Began executing node model.bodega.top_products
[0m17:27:26.461916 [debug] [Thread-2 (]: Writing runtime sql for node "model.bodega.top_products"
[0m17:27:26.462197 [debug] [Thread-4 (]: Began executing node test.bodega.not_null_spending_by_day_invoice_date.2509f75e93
[0m17:27:26.471011 [debug] [Thread-4 (]: Writing runtime sql for node "test.bodega.not_null_spending_by_day_invoice_date.2509f75e93"
[0m17:27:26.471601 [debug] [Thread-3 (]: Using duckdb connection "model.bodega.tax_summary"
[0m17:27:26.471874 [debug] [Thread-1 (]: Began executing node test.bodega.not_null_price_trends_description_clean.61eebb4b94
[0m17:27:26.472131 [debug] [Thread-3 (]: On model.bodega.tax_summary: BEGIN
[0m17:27:26.472350 [debug] [Thread-2 (]: Using duckdb connection "model.bodega.top_products"
[0m17:27:26.473196 [debug] [Thread-1 (]: Writing runtime sql for node "test.bodega.not_null_price_trends_description_clean.61eebb4b94"
[0m17:27:26.473487 [debug] [Thread-4 (]: Using duckdb connection "test.bodega.not_null_spending_by_day_invoice_date.2509f75e93"
[0m17:27:26.473714 [debug] [Thread-3 (]: Opening a new connection, currently in state closed
[0m17:27:26.473927 [debug] [Thread-2 (]: On model.bodega.top_products: BEGIN
[0m17:27:26.474158 [debug] [Thread-4 (]: On test.bodega.not_null_spending_by_day_invoice_date.2509f75e93: BEGIN
[0m17:27:26.474496 [debug] [Thread-2 (]: Opening a new connection, currently in state closed
[0m17:27:26.474691 [debug] [Thread-4 (]: Opening a new connection, currently in state closed
[0m17:27:26.474899 [debug] [Thread-1 (]: Using duckdb connection "test.bodega.not_null_price_trends_description_clean.61eebb4b94"
[0m17:27:26.475079 [debug] [Thread-3 (]: SQL status: OK in 0.001 seconds
[0m17:27:26.475370 [debug] [Thread-1 (]: On test.bodega.not_null_price_trends_description_clean.61eebb4b94: BEGIN
[0m17:27:26.475556 [debug] [Thread-3 (]: Using duckdb connection "model.bodega.tax_summary"
[0m17:27:26.475727 [debug] [Thread-2 (]: SQL status: OK in 0.001 seconds
[0m17:27:26.475896 [debug] [Thread-4 (]: SQL status: OK in 0.001 seconds
[0m17:27:26.476047 [debug] [Thread-1 (]: Opening a new connection, currently in state closed
[0m17:27:26.476258 [debug] [Thread-3 (]: On model.bodega.tax_summary: /* {"app": "dbt", "dbt_version": "1.12.3", "profile_name": "bodega", "target_name": "local", "node_id": "model.bodega.tax_summary"} */

    

    create  table
      "gold"."bodega"."tax_summary__dbt_tmp"
  
    
    as (
      SELECT
    date_trunc('month', invoice_date)  AS month_start,
    tax_rate,
    supermarket,
    SUM(base_amount)                   AS base_amount,
    SUM(tax_amount)                    AS tax_amount
FROM "silver"."bodega"."invoice_taxes"
GROUP BY date_trunc('month', invoice_date), tax_rate, supermarket
    );
    
  
[0m17:27:26.476516 [debug] [Thread-2 (]: Using duckdb connection "model.bodega.top_products"
[0m17:27:26.476739 [debug] [Thread-4 (]: Using duckdb connection "test.bodega.not_null_spending_by_day_invoice_date.2509f75e93"
[0m17:27:26.477209 [debug] [Thread-2 (]: On model.bodega.top_products: /* {"app": "dbt", "dbt_version": "1.12.3", "profile_name": "bodega", "target_name": "local", "node_id": "model.bodega.top_products"} */

    

    create  table
      "gold"."bodega"."top_products__dbt_tmp"
  
    
    as (
      SELECT
    i.description_clean,
    p.category,
    p.subcategory,
    p.is_weighted,
    i.supermarket,
    COUNT(DISTINCT i.invoice_number)   AS purchase_count,
    SUM(i.quantity)                    AS total_quantity,
    SUM(i.total_amount)                AS total_spent,
    AVG(i.unit_price)                  AS avg_unit_price,
    MIN(i.unit_price)                  AS min_unit_price,
    MAX(i.unit_price)                  AS max_unit_price,
    MAX(i.invoice_date)                AS last_purchased_date
FROM "silver"."bodega"."invoice_items" i
LEFT JOIN (
    -- products is merge-by-key in dlt but the Iceberg filesystem destination
    -- falls back to append, so dedupe to the latest categorisation per key
    SELECT
        description_clean,
        supermarket,
        max_by(category, categorized_at)    AS category,
        max_by(subcategory, categorized_at) AS subcategory,
        max_by(is_weighted, categorized_at) AS is_weighted
    FROM "silver"."bodega"."products"
    GROUP BY description_clean, supermarket
) p
    ON  i.description_clean = p.description_clean
    AND i.supermarket        = p.supermarket
GROUP BY i.description_clean, p.category, p.subcategory, p.is_weighted, i.supermarket
    );
    
  
[0m17:27:26.477517 [debug] [Thread-1 (]: SQL status: OK in 0.001 seconds
[0m17:27:26.477858 [debug] [Thread-4 (]: On test.bodega.not_null_spending_by_day_invoice_date.2509f75e93: /* {"app": "dbt", "dbt_version": "1.12.3", "profile_name": "bodega", "target_name": "local", "node_id": "test.bodega.not_null_spending_by_day_invoice_date.2509f75e93"} */

    
    select
      count(*) as failures,
      count(*) != 0 as should_warn,
      count(*) != 0 as should_error
    from (
      
    
  
    
    



select invoice_date
from "gold"."bodega"."spending_by_day"
where invoice_date is null



  
  
      
    ) dbt_internal_test
[0m17:27:26.478238 [debug] [Thread-3 (]: SQL status: OK in 0.001 seconds
[0m17:27:26.478462 [debug] [Thread-1 (]: Using duckdb connection "test.bodega.not_null_price_trends_description_clean.61eebb4b94"
[0m17:27:26.479676 [debug] [Thread-3 (]: Using duckdb connection "model.bodega.tax_summary"
[0m17:27:26.479933 [debug] [Thread-1 (]: On test.bodega.not_null_price_trends_description_clean.61eebb4b94: /* {"app": "dbt", "dbt_version": "1.12.3", "profile_name": "bodega", "target_name": "local", "node_id": "test.bodega.not_null_price_trends_description_clean.61eebb4b94"} */

    
    select
      count(*) as failures,
      count(*) != 0 as should_warn,
      count(*) != 0 as should_error
    from (
      
    
  
    
    



select description_clean
from "gold"."bodega"."price_trends"
where description_clean is null



  
  
      
    ) dbt_internal_test
[0m17:27:26.480178 [debug] [Thread-4 (]: SQL status: OK in 0.002 seconds
[0m17:27:26.480397 [debug] [Thread-2 (]: SQL status: OK in 0.002 seconds
[0m17:27:26.480580 [debug] [Thread-3 (]: On model.bodega.tax_summary: /* {"app": "dbt", "dbt_version": "1.12.3", "profile_name": "bodega", "target_name": "local", "node_id": "model.bodega.tax_summary"} */
alter table "gold"."bodega"."tax_summary__dbt_tmp" rename to "tax_summary"
[0m17:27:26.482959 [debug] [Thread-4 (]: On test.bodega.not_null_spending_by_day_invoice_date.2509f75e93: ROLLBACK
[0m17:27:26.484075 [debug] [Thread-2 (]: Using duckdb connection "model.bodega.top_products"
[0m17:27:26.484275 [debug] [Thread-1 (]: SQL status: OK in 0.003 seconds
[0m17:27:26.485002 [debug] [Thread-2 (]: On model.bodega.top_products: /* {"app": "dbt", "dbt_version": "1.12.3", "profile_name": "bodega", "target_name": "local", "node_id": "model.bodega.top_products"} */
alter table "gold"."bodega"."top_products__dbt_tmp" rename to "top_products"
[0m17:27:26.485319 [debug] [Thread-4 (]: On test.bodega.not_null_spending_by_day_invoice_date.2509f75e93: Close
[0m17:27:26.485554 [debug] [Thread-3 (]: SQL status: OK in 0.001 seconds
[0m17:27:26.486334 [debug] [Thread-1 (]: On test.bodega.not_null_price_trends_description_clean.61eebb4b94: ROLLBACK
[0m17:27:26.487550 [debug] [Thread-3 (]: Using duckdb connection "model.bodega.tax_summary"
[0m17:27:26.486755 [info ] [Thread-4 (]: 7 of 12 PASS not_null_spending_by_day_invoice_date ............................. [[32mPASS[0m in 0.04s]
[0m17:27:26.487782 [debug] [Thread-2 (]: SQL status: OK in 0.001 seconds
[0m17:27:26.488045 [debug] [Thread-3 (]: On model.bodega.tax_summary: /* {"app": "dbt", "dbt_version": "1.12.3", "profile_name": "bodega", "target_name": "local", "node_id": "model.bodega.tax_summary"} */

    
  
  comment on table "gold"."bodega"."tax_summary" is $dbt_comment_literal_block$Monthly tax base and amount per VAT rate.$dbt_comment_literal_block$;

  
[0m17:27:26.488249 [debug] [Thread-1 (]: On test.bodega.not_null_price_trends_description_clean.61eebb4b94: Close
[0m17:27:26.488506 [debug] [Thread-4 (]: Finished running node test.bodega.not_null_spending_by_day_invoice_date.2509f75e93
[0m17:27:26.489314 [debug] [Thread-2 (]: Using duckdb connection "model.bodega.top_products"
[0m17:27:26.489790 [info ] [Thread-1 (]: 8 of 12 PASS not_null_price_trends_description_clean ........................... [[32mPASS[0m in 0.04s]
[0m17:27:26.490041 [debug] [Thread-4 (]: Began running node test.bodega.not_null_spending_by_week_week_start.7ecb24cdbf
[0m17:27:26.490229 [debug] [Thread-3 (]: SQL status: OK in 0.001 seconds
[0m17:27:26.490407 [debug] [Thread-2 (]: On model.bodega.top_products: /* {"app": "dbt", "dbt_version": "1.12.3", "profile_name": "bodega", "target_name": "local", "node_id": "model.bodega.top_products"} */

    
  
  comment on table "gold"."bodega"."top_products" is $dbt_comment_literal_block$All-time product rankings by spend and frequency.$dbt_comment_literal_block$;

  
[0m17:27:26.490684 [debug] [Thread-1 (]: Finished running node test.bodega.not_null_price_trends_description_clean.61eebb4b94
[0m17:27:26.490864 [info ] [Thread-4 (]: 9 of 12 START test not_null_spending_by_week_week_start ........................ [RUN]
[0m17:27:26.491882 [debug] [Thread-3 (]: Using duckdb connection "model.bodega.tax_summary"
[0m17:27:26.492165 [debug] [Thread-1 (]: Began running node test.bodega.not_null_category_spending_invoice_date.bb466ccf3a
[0m17:27:26.492357 [debug] [Thread-2 (]: SQL status: OK in 0.000 seconds
[0m17:27:26.492591 [debug] [Thread-4 (]: Re-using an available connection from the pool (formerly test.bodega.not_null_spending_by_day_invoice_date.2509f75e93, now test.bodega.not_null_spending_by_week_week_start.7ecb24cdbf)
[0m17:27:26.492838 [debug] [Thread-3 (]: On model.bodega.tax_summary: /* {"app": "dbt", "dbt_version": "1.12.3", "profile_name": "bodega", "target_name": "local", "node_id": "model.bodega.tax_summary"} */

      select
          column_name,
          column_type as data_type,
          cast(null as bigint) as character_maximum_length,
          cast(null as bigint) as numeric_precision,
          cast(null as bigint) as numeric_scale
      from (describe "gold"."bodega"."tax_summary")
  
[0m17:27:26.493072 [info ] [Thread-1 (]: 10 of 12 START test not_null_category_spending_invoice_date .................... [RUN]
[0m17:27:26.494200 [debug] [Thread-2 (]: Using duckdb connection "model.bodega.top_products"
[0m17:27:26.494490 [debug] [Thread-4 (]: Began compiling node test.bodega.not_null_spending_by_week_week_start.7ecb24cdbf
[0m17:27:26.494919 [debug] [Thread-1 (]: Re-using an available connection from the pool (formerly test.bodega.not_null_price_trends_description_clean.61eebb4b94, now test.bodega.not_null_category_spending_invoice_date.bb466ccf3a)
[0m17:27:26.495176 [debug] [Thread-2 (]: On model.bodega.top_products: /* {"app": "dbt", "dbt_version": "1.12.3", "profile_name": "bodega", "target_name": "local", "node_id": "model.bodega.top_products"} */

      select
          column_name,
          column_type as data_type,
          cast(null as bigint) as character_maximum_length,
          cast(null as bigint) as numeric_precision,
          cast(null as bigint) as numeric_scale
      from (describe "gold"."bodega"."top_products")
  
[0m17:27:26.495394 [debug] [Thread-3 (]: SQL status: OK in 0.001 seconds
[0m17:27:26.499017 [debug] [Thread-4 (]: Writing injected SQL for node "test.bodega.not_null_spending_by_week_week_start.7ecb24cdbf"
[0m17:27:26.499278 [debug] [Thread-1 (]: Began compiling node test.bodega.not_null_category_spending_invoice_date.bb466ccf3a
[0m17:27:26.500814 [debug] [Thread-3 (]: Using duckdb connection "model.bodega.tax_summary"
[0m17:27:26.503888 [debug] [Thread-1 (]: Writing injected SQL for node "test.bodega.not_null_category_spending_invoice_date.bb466ccf3a"
[0m17:27:26.504119 [debug] [Thread-2 (]: SQL status: OK in 0.005 seconds
[0m17:27:26.504458 [debug] [Thread-3 (]: On model.bodega.tax_summary: /* {"app": "dbt", "dbt_version": "1.12.3", "profile_name": "bodega", "target_name": "local", "node_id": "model.bodega.tax_summary"} */

      select
          column_name,
          column_type as data_type,
          cast(null as bigint) as character_maximum_length,
          cast(null as bigint) as numeric_precision,
          cast(null as bigint) as numeric_scale
      from (describe "gold"."bodega"."tax_summary")
  
[0m17:27:26.504925 [debug] [Thread-4 (]: Began executing node test.bodega.not_null_spending_by_week_week_start.7ecb24cdbf
[0m17:27:26.506282 [debug] [Thread-2 (]: Using duckdb connection "model.bodega.top_products"
[0m17:27:26.506867 [debug] [Thread-1 (]: Began executing node test.bodega.not_null_category_spending_invoice_date.bb466ccf3a
[0m17:27:26.507956 [debug] [Thread-4 (]: Writing runtime sql for node "test.bodega.not_null_spending_by_week_week_start.7ecb24cdbf"
[0m17:27:26.508293 [debug] [Thread-2 (]: On model.bodega.top_products: /* {"app": "dbt", "dbt_version": "1.12.3", "profile_name": "bodega", "target_name": "local", "node_id": "model.bodega.top_products"} */

      select
          column_name,
          column_type as data_type,
          cast(null as bigint) as character_maximum_length,
          cast(null as bigint) as numeric_precision,
          cast(null as bigint) as numeric_scale
      from (describe "gold"."bodega"."top_products")
  
[0m17:27:26.508619 [debug] [Thread-3 (]: SQL status: OK in 0.002 seconds
[0m17:27:26.509786 [debug] [Thread-1 (]: Writing runtime sql for node "test.bodega.not_null_category_spending_invoice_date.bb466ccf3a"
[0m17:27:26.511531 [debug] [Thread-3 (]: Using duckdb connection "model.bodega.tax_summary"
[0m17:27:26.511879 [debug] [Thread-2 (]: SQL status: OK in 0.002 seconds
[0m17:27:26.512311 [debug] [Thread-3 (]: On model.bodega.tax_summary: /* {"app": "dbt", "dbt_version": "1.12.3", "profile_name": "bodega", "target_name": "local", "node_id": "model.bodega.tax_summary"} */

    
  
  
    
    
    comment on column "gold"."bodega"."tax_summary".month_start is $dbt_comment_literal_block$First day of the month this row aggregates, from date_trunc('month', invoice_date).$dbt_comment_literal_block$;
  

  
[0m17:27:26.512602 [debug] [Thread-4 (]: Using duckdb connection "test.bodega.not_null_spending_by_week_week_start.7ecb24cdbf"
[0m17:27:26.513776 [debug] [Thread-2 (]: Using duckdb connection "model.bodega.top_products"
[0m17:27:26.514027 [debug] [Thread-1 (]: Using duckdb connection "test.bodega.not_null_category_spending_invoice_date.bb466ccf3a"
[0m17:27:26.514266 [debug] [Thread-4 (]: On test.bodega.not_null_spending_by_week_week_start.7ecb24cdbf: BEGIN
[0m17:27:26.514473 [debug] [Thread-3 (]: SQL status: OK in 0.001 seconds
[0m17:27:26.514710 [debug] [Thread-2 (]: On model.bodega.top_products: /* {"app": "dbt", "dbt_version": "1.12.3", "profile_name": "bodega", "target_name": "local", "node_id": "model.bodega.top_products"} */

    
  
  
    
    
    comment on column "gold"."bodega"."top_products".description_clean is $dbt_comment_literal_block$Product key, trimmed and uppercased. Joins to invoice_items.description_clean.$dbt_comment_literal_block$;
  

  
[0m17:27:26.514946 [debug] [Thread-1 (]: On test.bodega.not_null_category_spending_invoice_date.bb466ccf3a: BEGIN
[0m17:27:26.515161 [debug] [Thread-4 (]: Opening a new connection, currently in state closed
[0m17:27:26.516231 [debug] [Thread-3 (]: On model.bodega.tax_summary: COMMIT
[0m17:27:26.516499 [debug] [Thread-1 (]: Opening a new connection, currently in state closed
[0m17:27:26.516801 [debug] [Thread-2 (]: SQL status: OK in 0.000 seconds
[0m17:27:26.517054 [debug] [Thread-3 (]: Using duckdb connection "model.bodega.tax_summary"
[0m17:27:26.517276 [debug] [Thread-4 (]: SQL status: OK in 0.002 seconds
[0m17:27:26.518026 [debug] [Thread-2 (]: On model.bodega.top_products: COMMIT
[0m17:27:26.518313 [debug] [Thread-3 (]: On model.bodega.tax_summary: COMMIT
[0m17:27:26.518538 [debug] [Thread-1 (]: SQL status: OK in 0.002 seconds
[0m17:27:26.518757 [debug] [Thread-4 (]: Using duckdb connection "test.bodega.not_null_spending_by_week_week_start.7ecb24cdbf"
[0m17:27:26.519014 [debug] [Thread-2 (]: Using duckdb connection "model.bodega.top_products"
[0m17:27:26.519289 [debug] [Thread-1 (]: Using duckdb connection "test.bodega.not_null_category_spending_invoice_date.bb466ccf3a"
[0m17:27:26.519528 [debug] [Thread-4 (]: On test.bodega.not_null_spending_by_week_week_start.7ecb24cdbf: /* {"app": "dbt", "dbt_version": "1.12.3", "profile_name": "bodega", "target_name": "local", "node_id": "test.bodega.not_null_spending_by_week_week_start.7ecb24cdbf"} */

    
    select
      count(*) as failures,
      count(*) != 0 as should_warn,
      count(*) != 0 as should_error
    from (
      
    
  
    
    



select week_start
from "gold"."bodega"."spending_by_week"
where week_start is null



  
  
      
    ) dbt_internal_test
[0m17:27:26.519761 [debug] [Thread-2 (]: On model.bodega.top_products: COMMIT
[0m17:27:26.519956 [debug] [Thread-3 (]: SQL status: OK in 0.001 seconds
[0m17:27:26.520162 [debug] [Thread-1 (]: On test.bodega.not_null_category_spending_invoice_date.bb466ccf3a: /* {"app": "dbt", "dbt_version": "1.12.3", "profile_name": "bodega", "target_name": "local", "node_id": "test.bodega.not_null_category_spending_invoice_date.bb466ccf3a"} */

    
    select
      count(*) as failures,
      count(*) != 0 as should_warn,
      count(*) != 0 as should_error
    from (
      
    
  
    
    



select invoice_date
from "gold"."bodega"."category_spending"
where invoice_date is null



  
  
      
    ) dbt_internal_test
[0m17:27:26.521128 [debug] [Thread-3 (]: Using duckdb connection "model.bodega.tax_summary"
[0m17:27:26.521400 [debug] [Thread-4 (]: SQL status: OK in 0.001 seconds
[0m17:27:26.521725 [debug] [Thread-2 (]: SQL status: OK in 0.001 seconds
[0m17:27:26.521981 [debug] [Thread-3 (]: On model.bodega.tax_summary: /* {"app": "dbt", "dbt_version": "1.12.3", "profile_name": "bodega", "target_name": "local", "node_id": "model.bodega.tax_summary"} */

      drop table if exists "gold"."bodega"."tax_summary__dbt_backup" cascade
    
[0m17:27:26.522211 [debug] [Thread-1 (]: SQL status: OK in 0.001 seconds
[0m17:27:26.523734 [debug] [Thread-4 (]: On test.bodega.not_null_spending_by_week_week_start.7ecb24cdbf: ROLLBACK
[0m17:27:26.524771 [debug] [Thread-2 (]: Using duckdb connection "model.bodega.top_products"
[0m17:27:26.525856 [debug] [Thread-1 (]: On test.bodega.not_null_category_spending_invoice_date.bb466ccf3a: ROLLBACK
[0m17:27:26.526132 [debug] [Thread-2 (]: On model.bodega.top_products: /* {"app": "dbt", "dbt_version": "1.12.3", "profile_name": "bodega", "target_name": "local", "node_id": "model.bodega.top_products"} */

      drop table if exists "gold"."bodega"."top_products__dbt_backup" cascade
    
[0m17:27:26.526489 [debug] [Thread-3 (]: SQL status: OK in 0.001 seconds
[0m17:27:26.526715 [debug] [Thread-4 (]: On test.bodega.not_null_spending_by_week_week_start.7ecb24cdbf: Close
[0m17:27:26.527616 [debug] [Thread-3 (]: On model.bodega.tax_summary: Close
[0m17:27:26.527913 [debug] [Thread-1 (]: On test.bodega.not_null_category_spending_invoice_date.bb466ccf3a: Close
[0m17:27:26.528122 [debug] [Thread-2 (]: SQL status: OK in 0.001 seconds
[0m17:27:26.528447 [info ] [Thread-4 (]: 9 of 12 PASS not_null_spending_by_week_week_start .............................. [[32mPASS[0m in 0.04s]
[0m17:27:26.528792 [debug] [Thread-3 (]: Sending event: {'category': 'dbt', 'action': 'run_model', 'label': '52f5d6a6-73c0-4fd2-bbb6-0d532d85c85f', 'context': [<snowplow_tracker.self_describing_json.SelfDescribingJson object at 0x10c8e8ed0>]}
[0m17:27:26.529064 [info ] [Thread-1 (]: 10 of 12 PASS not_null_category_spending_invoice_date .......................... [[32mPASS[0m in 0.03s]
[0m17:27:26.529713 [debug] [Thread-2 (]: On model.bodega.top_products: Close
[0m17:27:26.529977 [debug] [Thread-4 (]: Finished running node test.bodega.not_null_spending_by_week_week_start.7ecb24cdbf
[0m17:27:26.530511 [debug] [Thread-1 (]: Finished running node test.bodega.not_null_category_spending_invoice_date.bb466ccf3a
[0m17:27:26.530300 [info ] [Thread-3 (]: 5 of 12 OK created sql table model gold.bodega.tax_summary ..................... [[32mOK[0m in 0.09s]
[0m17:27:26.530824 [debug] [Thread-2 (]: Sending event: {'category': 'dbt', 'action': 'run_model', 'label': '52f5d6a6-73c0-4fd2-bbb6-0d532d85c85f', 'context': [<snowplow_tracker.self_describing_json.SelfDescribingJson object at 0x10ca09be0>]}
[0m17:27:26.531196 [debug] [Thread-3 (]: Finished running node model.bodega.tax_summary
[0m17:27:26.531490 [info ] [Thread-2 (]: 6 of 12 OK created sql table model gold.bodega.top_products .................... [[32mOK[0m in 0.09s]
[0m17:27:26.531800 [debug] [Thread-2 (]: Finished running node model.bodega.top_products
[0m17:27:26.532037 [debug] [Thread-4 (]: Began running node test.bodega.not_null_tax_summary_month_start.2fd9eeda3c
[0m17:27:26.532230 [info ] [Thread-4 (]: 11 of 12 START test not_null_tax_summary_month_start ........................... [RUN]
[0m17:27:26.532468 [debug] [Thread-4 (]: Re-using an available connection from the pool (formerly test.bodega.not_null_spending_by_week_week_start.7ecb24cdbf, now test.bodega.not_null_tax_summary_month_start.2fd9eeda3c)
[0m17:27:26.532649 [debug] [Thread-4 (]: Began compiling node test.bodega.not_null_tax_summary_month_start.2fd9eeda3c
[0m17:27:26.532828 [debug] [Thread-1 (]: Began running node test.bodega.not_null_top_products_description_clean.03adf210e6
[0m17:27:26.536174 [debug] [Thread-4 (]: Writing injected SQL for node "test.bodega.not_null_tax_summary_month_start.2fd9eeda3c"
[0m17:27:26.536406 [info ] [Thread-1 (]: 12 of 12 START test not_null_top_products_description_clean .................... [RUN]
[0m17:27:26.536836 [debug] [Thread-1 (]: Re-using an available connection from the pool (formerly test.bodega.not_null_category_spending_invoice_date.bb466ccf3a, now test.bodega.not_null_top_products_description_clean.03adf210e6)
[0m17:27:26.537064 [debug] [Thread-1 (]: Began compiling node test.bodega.not_null_top_products_description_clean.03adf210e6
[0m17:27:26.540172 [debug] [Thread-1 (]: Writing injected SQL for node "test.bodega.not_null_top_products_description_clean.03adf210e6"
[0m17:27:26.540551 [debug] [Thread-4 (]: Began executing node test.bodega.not_null_tax_summary_month_start.2fd9eeda3c
[0m17:27:26.541301 [debug] [Thread-4 (]: Writing runtime sql for node "test.bodega.not_null_tax_summary_month_start.2fd9eeda3c"
[0m17:27:26.541597 [debug] [Thread-1 (]: Began executing node test.bodega.not_null_top_products_description_clean.03adf210e6
[0m17:27:26.542544 [debug] [Thread-1 (]: Writing runtime sql for node "test.bodega.not_null_top_products_description_clean.03adf210e6"
[0m17:27:26.542977 [debug] [Thread-4 (]: Using duckdb connection "test.bodega.not_null_tax_summary_month_start.2fd9eeda3c"
[0m17:27:26.543218 [debug] [Thread-4 (]: On test.bodega.not_null_tax_summary_month_start.2fd9eeda3c: BEGIN
[0m17:27:26.543470 [debug] [Thread-4 (]: Opening a new connection, currently in state closed
[0m17:27:26.543870 [debug] [Thread-1 (]: Using duckdb connection "test.bodega.not_null_top_products_description_clean.03adf210e6"
[0m17:27:26.544149 [debug] [Thread-1 (]: On test.bodega.not_null_top_products_description_clean.03adf210e6: BEGIN
[0m17:27:26.544368 [debug] [Thread-4 (]: SQL status: OK in 0.001 seconds
[0m17:27:26.544555 [debug] [Thread-1 (]: Opening a new connection, currently in state closed
[0m17:27:26.544749 [debug] [Thread-4 (]: Using duckdb connection "test.bodega.not_null_tax_summary_month_start.2fd9eeda3c"
[0m17:27:26.545029 [debug] [Thread-4 (]: On test.bodega.not_null_tax_summary_month_start.2fd9eeda3c: /* {"app": "dbt", "dbt_version": "1.12.3", "profile_name": "bodega", "target_name": "local", "node_id": "test.bodega.not_null_tax_summary_month_start.2fd9eeda3c"} */

    
    select
      count(*) as failures,
      count(*) != 0 as should_warn,
      count(*) != 0 as should_error
    from (
      
    
  
    
    



select month_start
from "gold"."bodega"."tax_summary"
where month_start is null



  
  
      
    ) dbt_internal_test
[0m17:27:26.545287 [debug] [Thread-1 (]: SQL status: OK in 0.001 seconds
[0m17:27:26.545477 [debug] [Thread-1 (]: Using duckdb connection "test.bodega.not_null_top_products_description_clean.03adf210e6"
[0m17:27:26.545667 [debug] [Thread-1 (]: On test.bodega.not_null_top_products_description_clean.03adf210e6: /* {"app": "dbt", "dbt_version": "1.12.3", "profile_name": "bodega", "target_name": "local", "node_id": "test.bodega.not_null_top_products_description_clean.03adf210e6"} */

    
    select
      count(*) as failures,
      count(*) != 0 as should_warn,
      count(*) != 0 as should_error
    from (
      
    
  
    
    



select description_clean
from "gold"."bodega"."top_products"
where description_clean is null



  
  
      
    ) dbt_internal_test
[0m17:27:26.545848 [debug] [Thread-4 (]: SQL status: OK in 0.001 seconds
[0m17:27:26.546719 [debug] [Thread-4 (]: On test.bodega.not_null_tax_summary_month_start.2fd9eeda3c: ROLLBACK
[0m17:27:26.546969 [debug] [Thread-1 (]: SQL status: OK in 0.001 seconds
[0m17:27:26.547174 [debug] [Thread-4 (]: On test.bodega.not_null_tax_summary_month_start.2fd9eeda3c: Close
[0m17:27:26.547883 [debug] [Thread-1 (]: On test.bodega.not_null_top_products_description_clean.03adf210e6: ROLLBACK
[0m17:27:26.548223 [info ] [Thread-4 (]: 11 of 12 PASS not_null_tax_summary_month_start ................................. [[32mPASS[0m in 0.02s]
[0m17:27:26.548562 [debug] [Thread-4 (]: Finished running node test.bodega.not_null_tax_summary_month_start.2fd9eeda3c
[0m17:27:26.548747 [debug] [Thread-1 (]: On test.bodega.not_null_top_products_description_clean.03adf210e6: Close
[0m17:27:26.549192 [info ] [Thread-1 (]: 12 of 12 PASS not_null_top_products_description_clean .......................... [[32mPASS[0m in 0.01s]
[0m17:27:26.549521 [debug] [Thread-1 (]: Finished running node test.bodega.not_null_top_products_description_clean.03adf210e6
[0m17:27:26.550398 [debug] [MainThread]: Using duckdb connection "master"
[0m17:27:26.550616 [debug] [MainThread]: On master: BEGIN
[0m17:27:26.550779 [debug] [MainThread]: Opening a new connection, currently in state closed
[0m17:27:26.551123 [debug] [MainThread]: SQL status: OK in 0.000 seconds
[0m17:27:26.551317 [debug] [MainThread]: On master: COMMIT
[0m17:27:26.551474 [debug] [MainThread]: Using duckdb connection "master"
[0m17:27:26.551617 [debug] [MainThread]: On master: COMMIT
[0m17:27:26.551927 [debug] [MainThread]: SQL status: OK in 0.000 seconds
[0m17:27:26.552107 [debug] [MainThread]: On master: Close
[0m17:27:26.552334 [debug] [MainThread]: Connection 'master' was properly closed.
[0m17:27:26.552488 [debug] [MainThread]: Connection 'test.bodega.not_null_top_products_description_clean.03adf210e6' was properly closed.
[0m17:27:26.552631 [debug] [MainThread]: Connection 'model.bodega.top_products' was properly closed.
[0m17:27:26.552762 [debug] [MainThread]: Connection 'model.bodega.tax_summary' was properly closed.
[0m17:27:26.552885 [debug] [MainThread]: Connection 'test.bodega.not_null_tax_summary_month_start.2fd9eeda3c' was properly closed.
[0m17:27:26.553067 [info ] [MainThread]: 
[0m17:27:26.553230 [info ] [MainThread]: Finished running 6 table models, 6 data tests in 0 hours 0 minutes and 0.33 seconds (0.33s).
[0m17:27:26.554093 [debug] [MainThread]: Command end result
[0m17:27:26.573853 [debug] [MainThread]: Wrote artifact WritableManifest to /Users/alvarosantosandres/personal/datahub-local-ai/workflows/dbt/projects/bodega/target/manifest.json
[0m17:27:26.575744 [debug] [MainThread]: Wrote artifact SemanticManifest to /Users/alvarosantosandres/personal/datahub-local-ai/workflows/dbt/projects/bodega/target/semantic_manifest.json
[0m17:27:26.577680 [debug] [MainThread]: Wrote artifact OsiDocument to /Users/alvarosantosandres/personal/datahub-local-ai/workflows/dbt/projects/bodega/target/osi_document.json
[0m17:27:26.581431 [debug] [MainThread]: Wrote artifact RunExecutionResult to /Users/alvarosantosandres/personal/datahub-local-ai/workflows/dbt/projects/bodega/target/run_results.json
[0m17:27:26.581632 [info ] [MainThread]: 
[0m17:27:26.581831 [info ] [MainThread]: [32mCompleted successfully[0m
[0m17:27:26.581985 [info ] [MainThread]: 
[0m17:27:26.582157 [info ] [MainThread]: Done. PASS=12 WARN=0 ERROR=0 SKIP=0 NO-OP=0 REUSED=0 TOTAL=12
[0m17:27:26.582496 [debug] [MainThread]: Resource report: {"command_name": "build", "command_success": true, "command_wall_clock_time": 0.93368787, "process_in_blocks": "0", "process_kernel_time": 0.268755, "process_mem_max_rss": "187760640", "process_out_blocks": "0", "process_user_time": 1.55661}
[0m17:27:26.582756 [debug] [MainThread]: Command `cli build` succeeded at 17:27:26.582717 after 0.93 seconds
[0m17:27:26.582966 [debug] [MainThread]: Sending event: {'category': 'dbt', 'action': 'invocation', 'label': 'end', 'context': [<snowplow_tracker.self_describing_json.SelfDescribingJson object at 0x10bd3d6d0>, <snowplow_tracker.self_describing_json.SelfDescribingJson object at 0x10c949190>, <snowplow_tracker.self_describing_json.SelfDescribingJson object at 0x10c9488f0>]}
[0m17:27:26.583151 [debug] [MainThread]: Flushing usage events
[0m17:27:27.263712 [debug] [MainThread]: An error was encountered while trying to flush usage events
[0m17:27:28.804775 [debug] [MainThread]: Sending event: {'category': 'dbt', 'action': 'invocation', 'label': 'start', 'context': [<snowplow_tracker.self_describing_json.SelfDescribingJson object at 0x10cad5940>, <snowplow_tracker.self_describing_json.SelfDescribingJson object at 0x110acf890>, <snowplow_tracker.self_describing_json.SelfDescribingJson object at 0x110acf9d0>]}


============================== 17:27:28.808295 | 2b872a64-e60d-4ceb-bb6d-46635e2a5121 ==============================
[0m17:27:28.808295 [info ] [MainThread]: Running with dbt=1.12.3
[0m17:27:28.808699 [debug] [MainThread]: running dbt with arguments {'log_path': '/Users/alvarosantosandres/personal/datahub-local-ai/workflows/dbt/projects/bodega/logs', 'send_anonymous_usage_stats': 'True', 'empty': 'None', 'quiet': 'False', 'log_cache_events': 'False', 'introspect': 'True', 'debug': 'False', 'printer_width': '80', 'use_experimental_parser': 'False', 'maximum_seed_size_mib': '1', 'warn_error': 'None', 'invocation_command': 'dbt tests/ --ignore=tests/example_db/test_integration.py -q', 'target_path': 'None', 'indirect_selection': 'eager', 'no_print': 'None', 'profiles_dir': '/Users/alvarosantosandres/personal/datahub-local-ai/workflows/dbt/projects/bodega', 'log_format': 'default', 'write_json': 'True', 'warn_error_options': 'WarnErrorOptionsV2(error=[], warn=[], silence=[])', 'fail_fast': 'False', 'use_colors': 'True', 'version_check': 'True', 'hints_enabled': 'True', 'partial_parse': 'True', 'cache_selected_only': 'False', 'static_parser': 'True'}
[0m17:27:28.937671 [debug] [MainThread]: Sending event: {'category': 'dbt', 'action': 'project_id', 'label': '2b872a64-e60d-4ceb-bb6d-46635e2a5121', 'context': [<snowplow_tracker.self_describing_json.SelfDescribingJson object at 0x10cdea190>]}
[0m17:27:28.986252 [debug] [MainThread]: Sending event: {'category': 'dbt', 'action': 'adapter_info', 'label': '2b872a64-e60d-4ceb-bb6d-46635e2a5121', 'context': [<snowplow_tracker.self_describing_json.SelfDescribingJson object at 0x110c95d00>]}
[0m17:27:28.988025 [info ] [MainThread]: Registered adapter: duckdb=1.11.0
[0m17:27:29.057512 [debug] [MainThread]: checksum: 59a249011856ecdb0c0125045551a53b65cd388a4d7d6d24b99b9f67da16e401, vars: {}, profile: bodega, target: local, version: 1.12.3
[0m17:27:29.136492 [debug] [MainThread]: Partial parsing enabled: 0 files deleted, 0 files added, 0 files changed.
[0m17:27:29.136799 [debug] [MainThread]: Nothing changed, skipping partial parsing.
[0m17:27:29.136958 [debug] [MainThread]: Partial parsing enabled, no changes found, skipping parsing
[0m17:27:29.142275 [debug] [MainThread]: Sending event: {'category': 'dbt', 'action': 'load_project', 'label': '2b872a64-e60d-4ceb-bb6d-46635e2a5121', 'context': [<snowplow_tracker.self_describing_json.SelfDescribingJson object at 0x1110b0050>]}
[0m17:27:29.144189 [info ] [MainThread]: Performance info: /Users/alvarosantosandres/personal/datahub-local-ai/workflows/dbt/projects/bodega/target/perf_info.json
[0m17:27:29.223971 [debug] [MainThread]: Wrote artifact WritableManifest to /Users/alvarosantosandres/personal/datahub-local-ai/workflows/dbt/projects/bodega/target/manifest.json
[0m17:27:29.225910 [debug] [MainThread]: Wrote artifact SemanticManifest to /Users/alvarosantosandres/personal/datahub-local-ai/workflows/dbt/projects/bodega/target/semantic_manifest.json
[0m17:27:29.235624 [debug] [MainThread]: Wrote artifact OsiDocument to /Users/alvarosantosandres/personal/datahub-local-ai/workflows/dbt/projects/bodega/target/osi_document.json
[0m17:27:29.236076 [debug] [MainThread]: Resource report: {"command_name": "parse", "command_success": true, "command_wall_clock_time": 0.56561095, "process_in_blocks": "0", "process_kernel_time": 0.358437, "process_mem_max_rss": "179634176", "process_out_blocks": "0", "process_user_time": 1.407829}
[0m17:27:29.236341 [debug] [MainThread]: Command `cli parse` succeeded at 17:27:29.236292 after 0.57 seconds
[0m17:27:29.236554 [debug] [MainThread]: Sending event: {'category': 'dbt', 'action': 'invocation', 'label': 'end', 'context': [<snowplow_tracker.self_describing_json.SelfDescribingJson object at 0x110c015e0>, <snowplow_tracker.self_describing_json.SelfDescribingJson object at 0x1113a87d0>, <snowplow_tracker.self_describing_json.SelfDescribingJson object at 0x110adbe70>]}
[0m17:27:29.236740 [debug] [MainThread]: Flushing usage events
[0m17:27:29.785247 [debug] [MainThread]: An error was encountered while trying to flush usage events
[0m17:32:45.577049 [debug] [MainThread]: Sending event: {'category': 'dbt', 'action': 'invocation', 'label': 'start', 'context': [<snowplow_tracker.self_describing_json.SelfDescribingJson object at 0x108512660>, <snowplow_tracker.self_describing_json.SelfDescribingJson object at 0x1099539d0>, <snowplow_tracker.self_describing_json.SelfDescribingJson object at 0x109953890>]}


============================== 17:32:45.581834 | a3f75e35-5c41-41d3-83a9-b1aff48111ab ==============================
[0m17:32:45.581834 [info ] [MainThread]: Running with dbt=1.12.3
[0m17:32:45.582210 [debug] [MainThread]: running dbt with arguments {'warn_error': 'None', 'cache_selected_only': 'False', 'empty': 'None', 'use_colors': 'True', 'debug': 'False', 'static_parser': 'True', 'indirect_selection': 'eager', 'target_path': 'None', 'maximum_seed_size_mib': '1', 'warn_error_options': 'WarnErrorOptionsV2(error=[], warn=[], silence=[])', 'send_anonymous_usage_stats': 'True', 'write_json': 'True', 'use_experimental_parser': 'False', 'no_print': 'None', 'partial_parse': 'True', 'printer_width': '80', 'hints_enabled': 'True', 'fail_fast': 'False', 'version_check': 'True', 'log_format': 'default', 'introspect': 'True', 'log_cache_events': 'False', 'profiles_dir': '/Users/alvarosantosandres/personal/datahub-local-ai/workflows/dbt/projects/bodega', 'log_path': '/Users/alvarosantosandres/personal/datahub-local-ai/workflows/dbt/projects/bodega/logs', 'quiet': 'False', 'invocation_command': 'dbt --project bodega'}
[0m17:32:45.825650 [debug] [MainThread]: Sending event: {'category': 'dbt', 'action': 'project_id', 'label': 'a3f75e35-5c41-41d3-83a9-b1aff48111ab', 'context': [<snowplow_tracker.self_describing_json.SelfDescribingJson object at 0x108817490>]}
[0m17:32:45.874193 [debug] [MainThread]: Sending event: {'category': 'dbt', 'action': 'adapter_info', 'label': 'a3f75e35-5c41-41d3-83a9-b1aff48111ab', 'context': [<snowplow_tracker.self_describing_json.SelfDescribingJson object at 0x109bc7130>]}
[0m17:32:45.876474 [info ] [MainThread]: Registered adapter: duckdb=1.11.0
[0m17:32:45.944387 [debug] [MainThread]: checksum: 59a249011856ecdb0c0125045551a53b65cd388a4d7d6d24b99b9f67da16e401, vars: {}, profile: bodega, target: local, version: 1.12.3
[0m17:32:46.051192 [info ] [MainThread]: Unable to do partial parsing because profile has changed
[0m17:32:46.051592 [debug] [MainThread]: Sending event: {'category': 'dbt', 'action': 'partial_parser', 'label': 'a3f75e35-5c41-41d3-83a9-b1aff48111ab', 'context': [<snowplow_tracker.self_describing_json.SelfDescribingJson object at 0x10a02df50>]}
[0m17:32:46.927613 [debug] [MainThread]: Sending event: {'category': 'dbt', 'action': 'load_project', 'label': 'a3f75e35-5c41-41d3-83a9-b1aff48111ab', 'context': [<snowplow_tracker.self_describing_json.SelfDescribingJson object at 0x109e5b6b0>]}
[0m17:32:46.930195 [info ] [MainThread]: Performance info: /Users/alvarosantosandres/personal/datahub-local-ai/workflows/dbt/projects/bodega/target/perf_info.json
[0m17:32:46.983373 [debug] [MainThread]: Wrote artifact WritableManifest to /Users/alvarosantosandres/personal/datahub-local-ai/workflows/dbt/projects/bodega/target/manifest.json
[0m17:32:46.985751 [debug] [MainThread]: Wrote artifact SemanticManifest to /Users/alvarosantosandres/personal/datahub-local-ai/workflows/dbt/projects/bodega/target/semantic_manifest.json
[0m17:32:46.999262 [debug] [MainThread]: Wrote artifact OsiDocument to /Users/alvarosantosandres/personal/datahub-local-ai/workflows/dbt/projects/bodega/target/osi_document.json
[0m17:32:46.999716 [debug] [MainThread]: Resource report: {"command_name": "parse", "command_success": true, "command_wall_clock_time": 1.5041722, "process_in_blocks": "0", "process_kernel_time": 0.322375, "process_mem_max_rss": "167575552", "process_out_blocks": "0", "process_user_time": 2.017451}
[0m17:32:47.000017 [debug] [MainThread]: Command `cli parse` succeeded at 17:32:46.999962 after 1.50 seconds
[0m17:32:47.000239 [debug] [MainThread]: Sending event: {'category': 'dbt', 'action': 'invocation', 'label': 'end', 'context': [<snowplow_tracker.self_describing_json.SelfDescribingJson object at 0x109903e70>, <snowplow_tracker.self_describing_json.SelfDescribingJson object at 0x109902dd0>, <snowplow_tracker.self_describing_json.SelfDescribingJson object at 0x10a588ae0>]}
[0m17:32:47.000455 [debug] [MainThread]: Flushing usage events
[0m17:32:47.701583 [debug] [MainThread]: An error was encountered while trying to flush usage events
[0m17:32:49.175048 [debug] [MainThread]: Sending event: {'category': 'dbt', 'action': 'invocation', 'label': 'start', 'context': [<snowplow_tracker.self_describing_json.SelfDescribingJson object at 0x1087d2270>, <snowplow_tracker.self_describing_json.SelfDescribingJson object at 0x109c67890>, <snowplow_tracker.self_describing_json.SelfDescribingJson object at 0x109c679d0>]}


============================== 17:32:49.178930 | e1cb79de-7f1b-4199-bb39-e59d9ba348f6 ==============================
[0m17:32:49.178930 [info ] [MainThread]: Running with dbt=1.12.3
[0m17:32:49.179350 [debug] [MainThread]: running dbt with arguments {'empty': 'False', 'maximum_seed_size_mib': '1', 'static_parser': 'True', 'quiet': 'False', 'log_path': '/Users/alvarosantosandres/personal/datahub-local-ai/workflows/dbt/projects/bodega/logs', 'warn_error_options': 'WarnErrorOptionsV2(error=[], warn=[], silence=[])', 'printer_width': '80', 'indirect_selection': 'eager', 'invocation_command': 'dbt --project bodega --target local --select silver.* --full-refresh', 'send_anonymous_usage_stats': 'True', 'version_check': 'True', 'no_print': 'None', 'debug': 'False', 'profiles_dir': '/Users/alvarosantosandres/personal/datahub-local-ai/workflows/dbt/projects/bodega', 'write_json': 'True', 'log_format': 'default', 'log_cache_events': 'False', 'warn_error': 'None', 'use_colors': 'True', 'target_path': 'None', 'fail_fast': 'False', 'cache_selected_only': 'False', 'hints_enabled': 'True', 'use_experimental_parser': 'False', 'introspect': 'True', 'partial_parse': 'True'}
[0m17:32:49.333484 [debug] [MainThread]: Sending event: {'category': 'dbt', 'action': 'project_id', 'label': 'e1cb79de-7f1b-4199-bb39-e59d9ba348f6', 'context': [<snowplow_tracker.self_describing_json.SelfDescribingJson object at 0x108b0e190>]}
[0m17:32:49.422816 [debug] [MainThread]: Sending event: {'category': 'dbt', 'action': 'adapter_info', 'label': 'e1cb79de-7f1b-4199-bb39-e59d9ba348f6', 'context': [<snowplow_tracker.self_describing_json.SelfDescribingJson object at 0x109bf5370>]}
[0m17:32:49.424268 [info ] [MainThread]: Registered adapter: duckdb=1.11.0
[0m17:32:49.486785 [debug] [MainThread]: checksum: 59a249011856ecdb0c0125045551a53b65cd388a4d7d6d24b99b9f67da16e401, vars: {}, profile: bodega, target: local, version: 1.12.3
[0m17:32:49.548650 [info ] [MainThread]: Unable to do partial parsing because profile has changed
[0m17:32:49.549024 [debug] [MainThread]: Sending event: {'category': 'dbt', 'action': 'partial_parser', 'label': 'e1cb79de-7f1b-4199-bb39-e59d9ba348f6', 'context': [<snowplow_tracker.self_describing_json.SelfDescribingJson object at 0x10a22f350>]}
[0m17:32:50.404669 [debug] [MainThread]: Sending event: {'category': 'dbt', 'action': 'load_project', 'label': 'e1cb79de-7f1b-4199-bb39-e59d9ba348f6', 'context': [<snowplow_tracker.self_describing_json.SelfDescribingJson object at 0x10a4a4e60>]}
[0m17:32:50.465234 [debug] [MainThread]: Wrote artifact WritableManifest to /Users/alvarosantosandres/personal/datahub-local-ai/workflows/dbt/projects/bodega/target/manifest.json
[0m17:32:50.467384 [debug] [MainThread]: Wrote artifact SemanticManifest to /Users/alvarosantosandres/personal/datahub-local-ai/workflows/dbt/projects/bodega/target/semantic_manifest.json
[0m17:32:50.476315 [debug] [MainThread]: Wrote artifact OsiDocument to /Users/alvarosantosandres/personal/datahub-local-ai/workflows/dbt/projects/bodega/target/osi_document.json
[0m17:32:50.500943 [debug] [MainThread]: Sending event: {'category': 'dbt', 'action': 'resource_counts', 'label': 'e1cb79de-7f1b-4199-bb39-e59d9ba348f6', 'context': [<snowplow_tracker.self_describing_json.SelfDescribingJson object at 0x10a962430>]}
[0m17:32:50.501341 [info ] [MainThread]: Found 10 models, 14 data tests, 2 sources, 516 macros
[0m17:32:50.502779 [info ] [MainThread]: 
[0m17:32:50.503003 [info ] [MainThread]: Concurrency: 4 threads (target='local')
[0m17:32:50.503162 [info ] [MainThread]: 
[0m17:32:50.503482 [debug] [MainThread]: Acquiring new duckdb connection 'master'
[0m17:32:50.506482 [debug] [ThreadPool]: Acquiring new duckdb connection 'list_silver'
[0m17:32:50.568431 [debug] [ThreadPool]: Using duckdb connection "list_silver"
[0m17:32:50.568710 [debug] [ThreadPool]: On list_silver: /* {"app": "dbt", "dbt_version": "1.12.3", "profile_name": "bodega", "target_name": "local", "connection_name": "list_silver"} */

    
    select schema_name
    from system.information_schema.schemata
    
    where lower(catalog_name) = '"silver"'
    
  
  
[0m17:32:50.568879 [debug] [ThreadPool]: Opening a new connection, currently in state init
[0m17:32:50.578190 [debug] [ThreadPool]: SQL status: OK in 0.009 seconds
[0m17:32:50.579105 [debug] [ThreadPool]: On list_silver: Close
[0m17:32:50.579647 [debug] [ThreadPool]: Re-using an available connection from the pool (formerly list_silver, now create_silver_bodega)
[0m17:32:50.580063 [debug] [ThreadPool]: Creating schema "database: "silver"
schema: "bodega"
"
[0m17:32:50.583677 [debug] [ThreadPool]: Using duckdb connection "create_silver_bodega"
[0m17:32:50.583938 [debug] [ThreadPool]: On create_silver_bodega: /* {"app": "dbt", "dbt_version": "1.12.3", "profile_name": "bodega", "target_name": "local", "connection_name": "create_silver_bodega"} */

    
        select type from duckdb_databases()
        where lower(database_name)='silver'
        and type != 'duckdb'
    
  
[0m17:32:50.584109 [debug] [ThreadPool]: Opening a new connection, currently in state closed
[0m17:32:50.584756 [debug] [ThreadPool]: SQL status: OK in 0.001 seconds
[0m17:32:50.585644 [debug] [ThreadPool]: Using duckdb connection "create_silver_bodega"
[0m17:32:50.585899 [debug] [ThreadPool]: On create_silver_bodega: BEGIN
[0m17:32:50.586211 [debug] [ThreadPool]: SQL status: OK in 0.000 seconds
[0m17:32:50.586386 [debug] [ThreadPool]: Using duckdb connection "create_silver_bodega"
[0m17:32:50.586532 [debug] [ThreadPool]: On create_silver_bodega: /* {"app": "dbt", "dbt_version": "1.12.3", "profile_name": "bodega", "target_name": "local", "connection_name": "create_silver_bodega"} */

    
    
        create schema if not exists "silver"."bodega"
    
[0m17:32:50.586792 [debug] [ThreadPool]: SQL status: OK in 0.000 seconds
[0m17:32:50.587523 [debug] [ThreadPool]: On create_silver_bodega: COMMIT
[0m17:32:50.587770 [debug] [ThreadPool]: Using duckdb connection "create_silver_bodega"
[0m17:32:50.587933 [debug] [ThreadPool]: On create_silver_bodega: COMMIT
[0m17:32:50.588519 [debug] [ThreadPool]: SQL status: OK in 0.000 seconds
[0m17:32:50.588760 [debug] [ThreadPool]: On create_silver_bodega: Close
[0m17:32:50.589613 [debug] [ThreadPool]: Re-using an available connection from the pool (formerly create_silver_bodega, now list_gold_bodega)
[0m17:32:50.591973 [debug] [ThreadPool]: Using duckdb connection "list_gold_bodega"
[0m17:32:50.592261 [debug] [ThreadPool]: Acquiring new duckdb connection 'list_silver_bodega'
[0m17:32:50.592441 [debug] [ThreadPool]: On list_gold_bodega: BEGIN
[0m17:32:50.592913 [debug] [ThreadPool]: Using duckdb connection "list_silver_bodega"
[0m17:32:50.593086 [debug] [ThreadPool]: Opening a new connection, currently in state closed
[0m17:32:50.593287 [debug] [ThreadPool]: On list_silver_bodega: BEGIN
[0m17:32:50.593631 [debug] [ThreadPool]: Opening a new connection, currently in state init
[0m17:32:50.593886 [debug] [ThreadPool]: SQL status: OK in 0.001 seconds
[0m17:32:50.594045 [debug] [ThreadPool]: Using duckdb connection "list_gold_bodega"
[0m17:32:50.594195 [debug] [ThreadPool]: SQL status: OK in 0.001 seconds
[0m17:32:50.594370 [debug] [ThreadPool]: On list_gold_bodega: /* {"app": "dbt", "dbt_version": "1.12.3", "profile_name": "bodega", "target_name": "local", "connection_name": "list_gold_bodega"} */
select
      'gold' as database,
      table_name as name,
      table_schema as schema,
      CASE table_type
        WHEN 'BASE TABLE' THEN 'table'
        WHEN 'VIEW' THEN 'view'
        WHEN 'LOCAL TEMPORARY' THEN 'table'
        END as type
    from system.information_schema.tables
    where lower(table_schema) = 'bodega'
    and lower(table_catalog) = 'gold'
  
[0m17:32:50.594538 [debug] [ThreadPool]: Using duckdb connection "list_silver_bodega"
[0m17:32:50.594884 [debug] [ThreadPool]: On list_silver_bodega: /* {"app": "dbt", "dbt_version": "1.12.3", "profile_name": "bodega", "target_name": "local", "connection_name": "list_silver_bodega"} */
select
      'silver' as database,
      table_name as name,
      table_schema as schema,
      CASE table_type
        WHEN 'BASE TABLE' THEN 'table'
        WHEN 'VIEW' THEN 'view'
        WHEN 'LOCAL TEMPORARY' THEN 'table'
        END as type
    from system.information_schema.tables
    where lower(table_schema) = 'bodega'
    and lower(table_catalog) = 'silver'
  
[0m17:32:50.597103 [debug] [ThreadPool]: SQL status: OK in 0.002 seconds
[0m17:32:50.597311 [debug] [ThreadPool]: SQL status: OK in 0.003 seconds
[0m17:32:50.597974 [debug] [ThreadPool]: On list_silver_bodega: ROLLBACK
[0m17:32:50.598699 [debug] [ThreadPool]: On list_gold_bodega: ROLLBACK
[0m17:32:50.598999 [debug] [ThreadPool]: On list_silver_bodega: Close
[0m17:32:50.599205 [debug] [ThreadPool]: On list_gold_bodega: Close
[0m17:32:50.599698 [debug] [MainThread]: Sending event: {'category': 'dbt', 'action': 'runnable_timing', 'label': 'e1cb79de-7f1b-4199-bb39-e59d9ba348f6', 'context': [<snowplow_tracker.self_describing_json.SelfDescribingJson object at 0x10abeb040>]}
[0m17:32:50.599990 [debug] [MainThread]: Using duckdb connection "master"
[0m17:32:50.600149 [debug] [MainThread]: On master: BEGIN
[0m17:32:50.600294 [debug] [MainThread]: Opening a new connection, currently in state init
[0m17:32:50.600544 [debug] [MainThread]: SQL status: OK in 0.000 seconds
[0m17:32:50.600690 [debug] [MainThread]: On master: COMMIT
[0m17:32:50.600831 [debug] [MainThread]: Using duckdb connection "master"
[0m17:32:50.600971 [debug] [MainThread]: On master: COMMIT
[0m17:32:50.601156 [debug] [MainThread]: SQL status: OK in 0.000 seconds
[0m17:32:50.601300 [debug] [MainThread]: On master: Close
[0m17:32:50.603160 [debug] [Thread-1 (]: Began running node model.bodega.invoice_items
[0m17:32:50.603550 [info ] [Thread-1 (]: 1 of 12 START sql table model silver.bodega.invoice_items ...................... [RUN]
[0m17:32:50.604172 [debug] [Thread-3 (]: Began running node model.bodega.invoices
[0m17:32:50.604378 [debug] [Thread-4 (]: Began running node model.bodega.stores
[0m17:32:50.604682 [debug] [Thread-1 (]: Re-using an available connection from the pool (formerly list_gold_bodega, now model.bodega.invoice_items)
[0m17:32:50.605019 [debug] [Thread-2 (]: Began running node model.bodega.invoice_taxes
[0m17:32:50.605352 [info ] [Thread-3 (]: 3 of 12 START sql table model silver.bodega.invoices ........................... [RUN]
[0m17:32:50.605725 [info ] [Thread-4 (]: 4 of 12 START sql table model silver.bodega.stores ............................. [RUN]
[0m17:32:50.606016 [debug] [Thread-1 (]: Began compiling node model.bodega.invoice_items
[0m17:32:50.606316 [info ] [Thread-2 (]: 2 of 12 START sql table model silver.bodega.invoice_taxes ...................... [RUN]
[0m17:32:50.606647 [debug] [Thread-3 (]: Acquiring new duckdb connection 'model.bodega.invoices'
[0m17:32:50.606993 [debug] [Thread-4 (]: Acquiring new duckdb connection 'model.bodega.stores'
[0m17:32:50.611685 [debug] [Thread-1 (]: Writing injected SQL for node "model.bodega.invoice_items"
[0m17:32:50.611972 [debug] [Thread-2 (]: Re-using an available connection from the pool (formerly list_silver_bodega, now model.bodega.invoice_taxes)
[0m17:32:50.612171 [debug] [Thread-3 (]: Began compiling node model.bodega.invoices
[0m17:32:50.612784 [debug] [Thread-4 (]: Began compiling node model.bodega.stores
[0m17:32:50.613158 [debug] [Thread-2 (]: Began compiling node model.bodega.invoice_taxes
[0m17:32:50.615136 [debug] [Thread-3 (]: Writing injected SQL for node "model.bodega.invoices"
[0m17:32:50.616711 [debug] [Thread-4 (]: Writing injected SQL for node "model.bodega.stores"
[0m17:32:50.618395 [debug] [Thread-2 (]: Writing injected SQL for node "model.bodega.invoice_taxes"
[0m17:32:50.618673 [debug] [Thread-1 (]: Began executing node model.bodega.invoice_items
[0m17:32:50.631191 [debug] [Thread-3 (]: Began executing node model.bodega.invoices
[0m17:32:50.637094 [debug] [Thread-4 (]: Began executing node model.bodega.stores
[0m17:32:50.651743 [debug] [Thread-1 (]: Writing runtime sql for node "model.bodega.invoice_items"
[0m17:32:50.653383 [debug] [Thread-4 (]: Writing runtime sql for node "model.bodega.stores"
[0m17:32:50.656722 [debug] [Thread-3 (]: Writing runtime sql for node "model.bodega.invoices"
[0m17:32:50.657040 [debug] [Thread-2 (]: Began executing node model.bodega.invoice_taxes
[0m17:32:50.658516 [debug] [Thread-2 (]: Writing runtime sql for node "model.bodega.invoice_taxes"
[0m17:32:50.659130 [debug] [Thread-4 (]: Using duckdb connection "model.bodega.stores"
[0m17:32:50.659417 [debug] [Thread-1 (]: Using duckdb connection "model.bodega.invoice_items"
[0m17:32:50.659647 [debug] [Thread-3 (]: Using duckdb connection "model.bodega.invoices"
[0m17:32:50.659891 [debug] [Thread-4 (]: On model.bodega.stores: BEGIN
[0m17:32:50.660168 [debug] [Thread-2 (]: Using duckdb connection "model.bodega.invoice_taxes"
[0m17:32:50.660387 [debug] [Thread-1 (]: On model.bodega.invoice_items: BEGIN
[0m17:32:50.660579 [debug] [Thread-3 (]: On model.bodega.invoices: BEGIN
[0m17:32:50.660782 [debug] [Thread-4 (]: Opening a new connection, currently in state init
[0m17:32:50.660971 [debug] [Thread-2 (]: On model.bodega.invoice_taxes: BEGIN
[0m17:32:50.661153 [debug] [Thread-1 (]: Opening a new connection, currently in state closed
[0m17:32:50.661336 [debug] [Thread-3 (]: Opening a new connection, currently in state init
[0m17:32:50.661668 [debug] [Thread-2 (]: Opening a new connection, currently in state closed
[0m17:32:50.662021 [debug] [Thread-4 (]: SQL status: OK in 0.001 seconds
[0m17:32:50.662307 [debug] [Thread-1 (]: SQL status: OK in 0.001 seconds
[0m17:32:50.662733 [debug] [Thread-3 (]: SQL status: OK in 0.001 seconds
[0m17:32:50.662967 [debug] [Thread-2 (]: SQL status: OK in 0.001 seconds
[0m17:32:50.663177 [debug] [Thread-4 (]: Using duckdb connection "model.bodega.stores"
[0m17:32:50.663377 [debug] [Thread-1 (]: Using duckdb connection "model.bodega.invoice_items"
[0m17:32:50.663574 [debug] [Thread-3 (]: Using duckdb connection "model.bodega.invoices"
[0m17:32:50.663759 [debug] [Thread-2 (]: Using duckdb connection "model.bodega.invoice_taxes"
[0m17:32:50.663991 [debug] [Thread-4 (]: On model.bodega.stores: /* {"app": "dbt", "dbt_version": "1.12.3", "profile_name": "bodega", "target_name": "local", "node_id": "model.bodega.stores"} */

    

    create  table
      "silver"."bodega"."stores__dbt_tmp"
  
    
    as (
      
WITH ranked AS (
    SELECT
        store_vat_id,
        store_name,
        store_address,
        store_phone,
        supermarket,
        CAST(strptime(invoice_date, '%Y-%m-%dT%H:%M:%S') AS DATE)                     AS invoice_date,
        ROW_NUMBER() OVER (
            PARTITION BY store_vat_id
            ORDER BY strptime(invoice_date, '%Y-%m-%dT%H:%M:%S') DESC, invoice_number DESC
        )                                                                       AS rn
    FROM "bronze"."bodega"."raw_invoices"
)

SELECT
    ranked.store_vat_id                                                         AS store_id,
    trim(upper(ranked.store_name))                                              AS name,
    ranked.store_vat_id                                                         AS vat_id,
    ranked.store_address                                                        AS address,
    ranked.store_phone                                                          AS phone,
    ranked.supermarket,
    seen.first_seen_date,
    seen.last_seen_date
FROM ranked
JOIN (
    SELECT
        store_vat_id,
        MIN(invoice_date)                                                       AS first_seen_date,
        MAX(invoice_date)                                                       AS last_seen_date
    FROM ranked
    GROUP BY store_vat_id
) AS seen ON seen.store_vat_id = ranked.store_vat_id
WHERE ranked.rn = 1
    );
    
  
[0m17:32:50.664261 [debug] [Thread-1 (]: On model.bodega.invoice_items: /* {"app": "dbt", "dbt_version": "1.12.3", "profile_name": "bodega", "target_name": "local", "node_id": "model.bodega.invoice_items"} */

    

    create  table
      "silver"."bodega"."invoice_items__dbt_tmp"
  
    
    as (
      SELECT
    b.invoice_number,
    CAST(_it.pos AS INTEGER)                                                       AS item_position,
    CAST(strptime(b.invoice_date, '%Y-%m-%dT%H:%M:%S') AS DATE)                          AS invoice_date,
    b.store_vat_id,
    b.supermarket,
    json_extract_string(_it.elem, '$.description')                          AS description_raw,
    trim(upper(json_extract_string(_it.elem, '$.description')))             AS description_clean,
    CAST(json_extract_string(_it.elem, '$.quantity') AS DOUBLE)             AS quantity,
    CASE
        WHEN CAST(json_extract_string(_it.elem, '$.quantity') AS DOUBLE)
             != FLOOR(CAST(json_extract_string(_it.elem, '$.quantity') AS DOUBLE))
        THEN 'KG' ELSE 'EA'
    END                                                                            AS unit,
    CAST(json_extract_string(_it.elem, '$.unit_price') AS DOUBLE)           AS unit_price,
    CAST(json_extract_string(_it.elem, '$.total') AS DOUBLE)                AS total_amount
FROM "bronze"."bodega"."raw_invoices" AS b
CROSS JOIN (
        SELECT json_extract(b.items_json, '$[' || g.i || ']') AS elem, g.i + 1 AS pos
        FROM range(CAST(json_array_length(CAST(b.items_json AS JSON)) AS BIGINT)) AS g(i)
    ) AS _it
    );
    
  
[0m17:32:50.664522 [debug] [Thread-3 (]: On model.bodega.invoices: /* {"app": "dbt", "dbt_version": "1.12.3", "profile_name": "bodega", "target_name": "local", "node_id": "model.bodega.invoices"} */

    

    create  table
      "silver"."bodega"."invoices__dbt_tmp"
  
    
    as (
      SELECT
    invoice_number,
    strptime(invoice_date, '%Y-%m-%dT%H:%M:%S')                               AS invoice_datetime,
    CAST(strptime(invoice_date, '%Y-%m-%dT%H:%M:%S') AS DATE)                 AS invoice_date,
    year(strptime(invoice_date, '%Y-%m-%dT%H:%M:%S'))                        AS invoice_year,
    month(strptime(invoice_date, '%Y-%m-%dT%H:%M:%S'))                       AS invoice_month,
    week(strptime(invoice_date, '%Y-%m-%dT%H:%M:%S'))                        AS invoice_week,
    operator_id,
    store_vat_id,
    trim(upper(store_name))                                             AS store_name,
    total_amount,
    (
        SELECT SUM(CAST(json_extract_string(e, '$.tax') AS DOUBLE))
        FROM UNNEST(json_extract(taxes_json, '$[*]')) AS u(e)
    )                          AS total_tax_amount,
    (
        SELECT SUM(CAST(json_extract_string(e, '$.base') AS DOUBLE))
        FROM UNNEST(json_extract(taxes_json, '$[*]')) AS u(e)
    )                         AS total_base_amount,
    payment_method,
    card_type,
    card_number_masked,
    supermarket,
    json_array_length(CAST(items_json AS JSON))                                 AS item_count,
    _ingested_at
FROM "bronze"."bodega"."raw_invoices"
    );
    
  
[0m17:32:50.664776 [debug] [Thread-2 (]: On model.bodega.invoice_taxes: /* {"app": "dbt", "dbt_version": "1.12.3", "profile_name": "bodega", "target_name": "local", "node_id": "model.bodega.invoice_taxes"} */

    

    create  table
      "silver"."bodega"."invoice_taxes__dbt_tmp"
  
    
    as (
      SELECT
    b.invoice_number,
    b.supermarket,
    CAST(strptime(b.invoice_date, '%Y-%m-%dT%H:%M:%S') AS DATE)              AS invoice_date,
    json_extract_string(_it.elem, '$.rate')                     AS tax_rate,
    CAST(json_extract_string(_it.elem, '$.base') AS DOUBLE)     AS base_amount,
    CAST(json_extract_string(_it.elem, '$.tax') AS DOUBLE)     AS tax_amount
FROM "bronze"."bodega"."raw_invoices" AS b
CROSS JOIN (
        SELECT json_extract(b.taxes_json, '$[' || g.i || ']') AS elem, g.i + 1 AS pos
        FROM range(CAST(json_array_length(CAST(b.taxes_json AS JSON)) AS BIGINT)) AS g(i)
    ) AS _it
    );
    
  
[0m17:32:50.668923 [debug] [Thread-1 (]: SQL status: OK in 0.004 seconds
[0m17:32:50.672307 [debug] [Thread-1 (]: Using duckdb connection "model.bodega.invoice_items"
[0m17:32:50.672581 [debug] [Thread-1 (]: On model.bodega.invoice_items: /* {"app": "dbt", "dbt_version": "1.12.3", "profile_name": "bodega", "target_name": "local", "node_id": "model.bodega.invoice_items"} */
alter table "silver"."bodega"."invoice_items__dbt_tmp" rename to "invoice_items"
[0m17:32:50.672825 [debug] [Thread-4 (]: SQL status: OK in 0.008 seconds
[0m17:32:50.673083 [debug] [Thread-3 (]: SQL status: OK in 0.008 seconds
[0m17:32:50.673286 [debug] [Thread-2 (]: SQL status: OK in 0.008 seconds
[0m17:32:50.674873 [debug] [Thread-4 (]: Using duckdb connection "model.bodega.stores"
[0m17:32:50.675788 [debug] [Thread-3 (]: Using duckdb connection "model.bodega.invoices"
[0m17:32:50.676629 [debug] [Thread-2 (]: Using duckdb connection "model.bodega.invoice_taxes"
[0m17:32:50.676814 [debug] [Thread-1 (]: SQL status: OK in 0.003 seconds
[0m17:32:50.677006 [debug] [Thread-4 (]: On model.bodega.stores: /* {"app": "dbt", "dbt_version": "1.12.3", "profile_name": "bodega", "target_name": "local", "node_id": "model.bodega.stores"} */
alter table "silver"."bodega"."stores__dbt_tmp" rename to "stores"
[0m17:32:50.677197 [debug] [Thread-3 (]: On model.bodega.invoices: /* {"app": "dbt", "dbt_version": "1.12.3", "profile_name": "bodega", "target_name": "local", "node_id": "model.bodega.invoices"} */
alter table "silver"."bodega"."invoices__dbt_tmp" rename to "invoices"
[0m17:32:50.677376 [debug] [Thread-2 (]: On model.bodega.invoice_taxes: /* {"app": "dbt", "dbt_version": "1.12.3", "profile_name": "bodega", "target_name": "local", "node_id": "model.bodega.invoice_taxes"} */
alter table "silver"."bodega"."invoice_taxes__dbt_tmp" rename to "invoice_taxes"
[0m17:32:50.688117 [debug] [Thread-1 (]: Using duckdb connection "model.bodega.invoice_items"
[0m17:32:50.688806 [debug] [Thread-1 (]: On model.bodega.invoice_items: /* {"app": "dbt", "dbt_version": "1.12.3", "profile_name": "bodega", "target_name": "local", "node_id": "model.bodega.invoice_items"} */

    
  
  comment on table "silver"."bodega"."invoice_items" is $dbt_comment_literal_block$Exploded line items. One row per product per invoice.$dbt_comment_literal_block$;

  
[0m17:32:50.689121 [debug] [Thread-2 (]: SQL status: OK in 0.000 seconds
[0m17:32:50.689393 [debug] [Thread-3 (]: SQL status: OK in 0.001 seconds
[0m17:32:50.689628 [debug] [Thread-4 (]: SQL status: OK in 0.001 seconds
[0m17:32:50.690538 [debug] [Thread-2 (]: Using duckdb connection "model.bodega.invoice_taxes"
[0m17:32:50.690744 [debug] [Thread-1 (]: SQL status: OK in 0.002 seconds
[0m17:32:50.691501 [debug] [Thread-3 (]: Using duckdb connection "model.bodega.invoices"
[0m17:32:50.692551 [debug] [Thread-4 (]: Using duckdb connection "model.bodega.stores"
[0m17:32:50.692787 [debug] [Thread-2 (]: On model.bodega.invoice_taxes: /* {"app": "dbt", "dbt_version": "1.12.3", "profile_name": "bodega", "target_name": "local", "node_id": "model.bodega.invoice_taxes"} */

    
  
  comment on table "silver"."bodega"."invoice_taxes" is $dbt_comment_literal_block$Exploded tax breakdown. One row per tax rate per invoice.$dbt_comment_literal_block$;

  
[0m17:32:50.693056 [debug] [Thread-3 (]: On model.bodega.invoices: /* {"app": "dbt", "dbt_version": "1.12.3", "profile_name": "bodega", "target_name": "local", "node_id": "model.bodega.invoices"} */

    
  
  comment on table "silver"."bodega"."invoices" is $dbt_comment_literal_block$Cleaned invoice headers. One row per shopping trip.$dbt_comment_literal_block$;

  
[0m17:32:50.696271 [debug] [Thread-1 (]: Using duckdb connection "model.bodega.invoice_items"
[0m17:32:50.696555 [debug] [Thread-4 (]: On model.bodega.stores: /* {"app": "dbt", "dbt_version": "1.12.3", "profile_name": "bodega", "target_name": "local", "node_id": "model.bodega.stores"} */

    
  
  comment on table "silver"."bodega"."stores" is $dbt_comment_literal_block$SCD Type 1 store dimension. One row per distinct store VAT ID.$dbt_comment_literal_block$;

  
[0m17:32:50.696960 [debug] [Thread-1 (]: On model.bodega.invoice_items: /* {"app": "dbt", "dbt_version": "1.12.3", "profile_name": "bodega", "target_name": "local", "node_id": "model.bodega.invoice_items"} */

      select
          column_name,
          column_type as data_type,
          cast(null as bigint) as character_maximum_length,
          cast(null as bigint) as numeric_precision,
          cast(null as bigint) as numeric_scale
      from (describe "silver"."bodega"."invoice_items")
  
[0m17:32:50.697212 [debug] [Thread-2 (]: SQL status: OK in 0.000 seconds
[0m17:32:50.697400 [debug] [Thread-3 (]: SQL status: OK in 0.001 seconds
[0m17:32:50.697812 [debug] [Thread-4 (]: SQL status: OK in 0.000 seconds
[0m17:32:50.699193 [debug] [Thread-2 (]: Using duckdb connection "model.bodega.invoice_taxes"
[0m17:32:50.700345 [debug] [Thread-3 (]: Using duckdb connection "model.bodega.invoices"
[0m17:32:50.701318 [debug] [Thread-4 (]: Using duckdb connection "model.bodega.stores"
[0m17:32:50.701609 [debug] [Thread-1 (]: SQL status: OK in 0.003 seconds
[0m17:32:50.701973 [debug] [Thread-2 (]: On model.bodega.invoice_taxes: /* {"app": "dbt", "dbt_version": "1.12.3", "profile_name": "bodega", "target_name": "local", "node_id": "model.bodega.invoice_taxes"} */

      select
          column_name,
          column_type as data_type,
          cast(null as bigint) as character_maximum_length,
          cast(null as bigint) as numeric_precision,
          cast(null as bigint) as numeric_scale
      from (describe "silver"."bodega"."invoice_taxes")
  
[0m17:32:50.702351 [debug] [Thread-3 (]: On model.bodega.invoices: /* {"app": "dbt", "dbt_version": "1.12.3", "profile_name": "bodega", "target_name": "local", "node_id": "model.bodega.invoices"} */

      select
          column_name,
          column_type as data_type,
          cast(null as bigint) as character_maximum_length,
          cast(null as bigint) as numeric_precision,
          cast(null as bigint) as numeric_scale
      from (describe "silver"."bodega"."invoices")
  
[0m17:32:50.702592 [debug] [Thread-4 (]: On model.bodega.stores: /* {"app": "dbt", "dbt_version": "1.12.3", "profile_name": "bodega", "target_name": "local", "node_id": "model.bodega.stores"} */

      select
          column_name,
          column_type as data_type,
          cast(null as bigint) as character_maximum_length,
          cast(null as bigint) as numeric_precision,
          cast(null as bigint) as numeric_scale
      from (describe "silver"."bodega"."stores")
  
[0m17:32:50.709404 [debug] [Thread-2 (]: SQL status: OK in 0.006 seconds
[0m17:32:50.710942 [debug] [Thread-1 (]: Using duckdb connection "model.bodega.invoice_items"
[0m17:32:50.711660 [debug] [Thread-1 (]: On model.bodega.invoice_items: /* {"app": "dbt", "dbt_version": "1.12.3", "profile_name": "bodega", "target_name": "local", "node_id": "model.bodega.invoice_items"} */

      select
          column_name,
          column_type as data_type,
          cast(null as bigint) as character_maximum_length,
          cast(null as bigint) as numeric_precision,
          cast(null as bigint) as numeric_scale
      from (describe "silver"."bodega"."invoice_items")
  
[0m17:32:50.713776 [debug] [Thread-2 (]: Using duckdb connection "model.bodega.invoice_taxes"
[0m17:32:50.714586 [debug] [Thread-2 (]: On model.bodega.invoice_taxes: /* {"app": "dbt", "dbt_version": "1.12.3", "profile_name": "bodega", "target_name": "local", "node_id": "model.bodega.invoice_taxes"} */

      select
          column_name,
          column_type as data_type,
          cast(null as bigint) as character_maximum_length,
          cast(null as bigint) as numeric_precision,
          cast(null as bigint) as numeric_scale
      from (describe "silver"."bodega"."invoice_taxes")
  
[0m17:32:50.715115 [debug] [Thread-1 (]: SQL status: OK in 0.003 seconds
[0m17:32:50.715555 [debug] [Thread-4 (]: SQL status: OK in 0.004 seconds
[0m17:32:50.715829 [debug] [Thread-3 (]: SQL status: OK in 0.005 seconds
[0m17:32:50.717277 [debug] [Thread-4 (]: Using duckdb connection "model.bodega.stores"
[0m17:32:50.718568 [debug] [Thread-1 (]: Using duckdb connection "model.bodega.invoice_items"
[0m17:32:50.718894 [debug] [Thread-2 (]: SQL status: OK in 0.003 seconds
[0m17:32:50.719236 [debug] [Thread-4 (]: On model.bodega.stores: /* {"app": "dbt", "dbt_version": "1.12.3", "profile_name": "bodega", "target_name": "local", "node_id": "model.bodega.stores"} */

      select
          column_name,
          column_type as data_type,
          cast(null as bigint) as character_maximum_length,
          cast(null as bigint) as numeric_precision,
          cast(null as bigint) as numeric_scale
      from (describe "silver"."bodega"."stores")
  
[0m17:32:50.721048 [debug] [Thread-3 (]: Using duckdb connection "model.bodega.invoices"
[0m17:32:50.721542 [debug] [Thread-1 (]: On model.bodega.invoice_items: /* {"app": "dbt", "dbt_version": "1.12.3", "profile_name": "bodega", "target_name": "local", "node_id": "model.bodega.invoice_items"} */

    
  
  
    
    
    comment on column "silver"."bodega"."invoice_items".invoice_number is $dbt_comment_literal_block$Invoice this line belongs to. Joins to invoices.invoice_number.$dbt_comment_literal_block$;
  
    
    
    comment on column "silver"."bodega"."invoice_items".item_position is $dbt_comment_literal_block$1-based position of the line on the receipt. Unique within an invoice.$dbt_comment_literal_block$;
  
    
    
    comment on column "silver"."bodega"."invoice_items".invoice_date is $dbt_comment_literal_block$Purchase date, denormalised from the header.$dbt_comment_literal_block$;
  
    
    
    comment on column "silver"."bodega"."invoice_items".store_vat_id is $dbt_comment_literal_block$Store VAT identifier, denormalised from the header.$dbt_comment_literal_block$;
  
    
    
    comment on column "silver"."bodega"."invoice_items".supermarket is $dbt_comment_literal_block$Retail brand, denormalised from the header.$dbt_comment_literal_block$;
  
    
    
    comment on column "silver"."bodega"."invoice_items".description_raw is $dbt_comment_literal_block$Product description exactly as printed.$dbt_comment_literal_block$;
  
    
    
    comment on column "silver"."bodega"."invoice_items".description_clean is $dbt_comment_literal_block$description_raw trimmed and uppercased. The product key.$dbt_comment_literal_block$;
  
    
    
    comment on column "silver"."bodega"."invoice_items".quantity is $dbt_comment_literal_block$Units for EA lines, kilograms for KG lines.$dbt_comment_literal_block$;
  
    
    
    comment on column "silver"."bodega"."invoice_items".unit is $dbt_comment_literal_block$KG for weighted lines, EA otherwise. Derived from quantity.$dbt_comment_literal_block$;
  
    
    
    comment on column "silver"."bodega"."invoice_items".unit_price is $dbt_comment_literal_block$Per-unit price as printed. Do NOT average this for a price metric — avg(unit_price) and sum(total)/sum(quantity) differ by 5.2% on this data. See ../../../semantic/PHASE0.md.
$dbt_comment_literal_block$;
  
    
    
    comment on column "silver"."bodega"."invoice_items".total_amount is $dbt_comment_literal_block$Line total, VAT included.$dbt_comment_literal_block$;
  

  
[0m17:32:50.722702 [debug] [Thread-2 (]: Using duckdb connection "model.bodega.invoice_taxes"
[0m17:32:50.723128 [debug] [Thread-3 (]: On model.bodega.invoices: /* {"app": "dbt", "dbt_version": "1.12.3", "profile_name": "bodega", "target_name": "local", "node_id": "model.bodega.invoices"} */

      select
          column_name,
          column_type as data_type,
          cast(null as bigint) as character_maximum_length,
          cast(null as bigint) as numeric_precision,
          cast(null as bigint) as numeric_scale
      from (describe "silver"."bodega"."invoices")
  
[0m17:32:50.723593 [debug] [Thread-4 (]: SQL status: OK in 0.001 seconds
[0m17:32:50.723889 [debug] [Thread-2 (]: On model.bodega.invoice_taxes: /* {"app": "dbt", "dbt_version": "1.12.3", "profile_name": "bodega", "target_name": "local", "node_id": "model.bodega.invoice_taxes"} */

    
  
  
    
    
    comment on column "silver"."bodega"."invoice_taxes".invoice_number is $dbt_comment_literal_block$Invoice this tax line belongs to. Joins to invoices.invoice_number.$dbt_comment_literal_block$;
  
    
    
    comment on column "silver"."bodega"."invoice_taxes".tax_rate is $dbt_comment_literal_block$VAT rate for this breakdown line, as printed on the receipt.$dbt_comment_literal_block$;
  

  
[0m17:32:50.725062 [debug] [Thread-4 (]: Using duckdb connection "model.bodega.stores"
[0m17:32:50.725282 [debug] [Thread-4 (]: On model.bodega.stores: /* {"app": "dbt", "dbt_version": "1.12.3", "profile_name": "bodega", "target_name": "local", "node_id": "model.bodega.stores"} */

    
  
  
    
    
    comment on column "silver"."bodega"."stores".store_id is $dbt_comment_literal_block$Store VAT identifier. The dimension key; joins to invoices.store_vat_id.$dbt_comment_literal_block$;
  

  
[0m17:32:50.725595 [debug] [Thread-3 (]: SQL status: OK in 0.001 seconds
[0m17:32:50.725880 [debug] [Thread-4 (]: SQL status: OK in 0.000 seconds
[0m17:32:50.726259 [debug] [Thread-2 (]: SQL status: OK in 0.002 seconds
[0m17:32:50.727028 [debug] [Thread-2 (]: On model.bodega.invoice_taxes: COMMIT
[0m17:32:50.727239 [debug] [Thread-2 (]: Using duckdb connection "model.bodega.invoice_taxes"
[0m17:32:50.727422 [debug] [Thread-2 (]: On model.bodega.invoice_taxes: COMMIT
[0m17:32:50.728094 [debug] [Thread-4 (]: On model.bodega.stores: COMMIT
[0m17:32:50.729738 [debug] [Thread-3 (]: Using duckdb connection "model.bodega.invoices"
[0m17:32:50.729978 [debug] [Thread-4 (]: Using duckdb connection "model.bodega.stores"
[0m17:32:50.730197 [debug] [Thread-2 (]: SQL status: OK in 0.003 seconds
[0m17:32:50.730521 [debug] [Thread-3 (]: On model.bodega.invoices: /* {"app": "dbt", "dbt_version": "1.12.3", "profile_name": "bodega", "target_name": "local", "node_id": "model.bodega.invoices"} */

    
  
  
    
    
    comment on column "silver"."bodega"."invoices".invoice_number is $dbt_comment_literal_block$Natural primary key.$dbt_comment_literal_block$;
  
    
    
    comment on column "silver"."bodega"."invoices".invoice_datetime is $dbt_comment_literal_block$Purchase instant as parsed from the receipt.$dbt_comment_literal_block$;
  
    
    
    comment on column "silver"."bodega"."invoices".invoice_date is $dbt_comment_literal_block$Purchase date. The aggregation time dimension.$dbt_comment_literal_block$;
  
    
    
    comment on column "silver"."bodega"."invoices".invoice_year is $dbt_comment_literal_block$Calendar year of invoice_date.$dbt_comment_literal_block$;
  
    
    
    comment on column "silver"."bodega"."invoices".invoice_month is $dbt_comment_literal_block$Calendar month of invoice_date, 1-12. Not a date - use invoice_date to aggregate.$dbt_comment_literal_block$;
  
    
    
    comment on column "silver"."bodega"."invoices".invoice_week is $dbt_comment_literal_block$ISO week number of invoice_date, 1-53. Not a date, and not comparable across years.$dbt_comment_literal_block$;
  
    
    
    comment on column "silver"."bodega"."invoices".operator_id is $dbt_comment_literal_block$Till operator on the receipt.$dbt_comment_literal_block$;
  
    
    
    comment on column "silver"."bodega"."invoices".store_vat_id is $dbt_comment_literal_block$Store VAT identifier. Joins to stores.store_id.$dbt_comment_literal_block$;
  
    
    
    comment on column "silver"."bodega"."invoices".store_name is $dbt_comment_literal_block$Store name, trimmed and uppercased.$dbt_comment_literal_block$;
  
    
    
    comment on column "silver"."bodega"."invoices".total_amount is $dbt_comment_literal_block$Receipt total, VAT included.$dbt_comment_literal_block$;
  
    
    
    comment on column "silver"."bodega"."invoices".total_tax_amount is $dbt_comment_literal_block$VAT summed from the receipt's own tax breakdown.$dbt_comment_literal_block$;
  
    
    
    comment on column "silver"."bodega"."invoices".total_base_amount is $dbt_comment_literal_block$Pre-VAT base summed from the receipt's tax breakdown.$dbt_comment_literal_block$;
  
    
    
    comment on column "silver"."bodega"."invoices".payment_method is $dbt_comment_literal_block$Payment method as printed on the receipt. TARJETA BANCARIA only, so far.$dbt_comment_literal_block$;
  
    
    
    comment on column "silver"."bodega"."invoices".card_type is $dbt_comment_literal_block$Card brand as printed. DEBIT MASTERCARD only, so far.$dbt_comment_literal_block$;
  
    
    
    comment on column "silver"."bodega"."invoices".card_number_masked is $dbt_comment_literal_block$Card number with all but the last digits masked, as printed on the receipt.$dbt_comment_literal_block$;
  
    
    
    comment on column "silver"."bodega"."invoices".supermarket is $dbt_comment_literal_block$Retail brand. MERCADONA only, so far.$dbt_comment_literal_block$;
  
    
    
    comment on column "silver"."bodega"."invoices".item_count is $dbt_comment_literal_block$Number of line items on the receipt.$dbt_comment_literal_block$;
  
    
    
    comment on column "silver"."bodega"."invoices"._ingested_at is $dbt_comment_literal_block$Ingest timestamp written by the dlt pipeline. Pipeline metadata, not receipt data.$dbt_comment_literal_block$;
  

  
[0m17:32:50.730816 [debug] [Thread-4 (]: On model.bodega.stores: COMMIT
[0m17:32:50.733280 [debug] [Thread-2 (]: Using duckdb connection "model.bodega.invoice_taxes"
[0m17:32:50.733668 [debug] [Thread-1 (]: SQL status: OK in 0.010 seconds
[0m17:32:50.733918 [debug] [Thread-2 (]: On model.bodega.invoice_taxes: /* {"app": "dbt", "dbt_version": "1.12.3", "profile_name": "bodega", "target_name": "local", "node_id": "model.bodega.invoice_taxes"} */

      drop table if exists "silver"."bodega"."invoice_taxes__dbt_backup" cascade
    
[0m17:32:50.734581 [debug] [Thread-1 (]: On model.bodega.invoice_items: COMMIT
[0m17:32:50.734855 [debug] [Thread-4 (]: SQL status: OK in 0.001 seconds
[0m17:32:50.735058 [debug] [Thread-1 (]: Using duckdb connection "model.bodega.invoice_items"
[0m17:32:50.735232 [debug] [Thread-2 (]: SQL status: OK in 0.000 seconds
[0m17:32:50.736303 [debug] [Thread-4 (]: Using duckdb connection "model.bodega.stores"
[0m17:32:50.736499 [debug] [Thread-1 (]: On model.bodega.invoice_items: COMMIT
[0m17:32:50.737996 [debug] [Thread-2 (]: On model.bodega.invoice_taxes: Close
[0m17:32:50.738290 [debug] [Thread-4 (]: On model.bodega.stores: /* {"app": "dbt", "dbt_version": "1.12.3", "profile_name": "bodega", "target_name": "local", "node_id": "model.bodega.stores"} */

      drop table if exists "silver"."bodega"."stores__dbt_backup" cascade
    
[0m17:32:50.739407 [debug] [Thread-1 (]: SQL status: OK in 0.001 seconds
[0m17:32:50.739616 [debug] [Thread-4 (]: SQL status: OK in 0.001 seconds
[0m17:32:50.740388 [debug] [Thread-1 (]: Using duckdb connection "model.bodega.invoice_items"
[0m17:32:50.741211 [debug] [Thread-4 (]: On model.bodega.stores: Close
[0m17:32:50.741490 [debug] [Thread-1 (]: On model.bodega.invoice_items: /* {"app": "dbt", "dbt_version": "1.12.3", "profile_name": "bodega", "target_name": "local", "node_id": "model.bodega.invoice_items"} */

      drop table if exists "silver"."bodega"."invoice_items__dbt_backup" cascade
    
[0m17:32:50.742029 [debug] [Thread-2 (]: Sending event: {'category': 'dbt', 'action': 'run_model', 'label': 'e1cb79de-7f1b-4199-bb39-e59d9ba348f6', 'context': [<snowplow_tracker.self_describing_json.SelfDescribingJson object at 0x10a9edfd0>]}
[0m17:32:50.742265 [debug] [Thread-4 (]: Sending event: {'category': 'dbt', 'action': 'run_model', 'label': 'e1cb79de-7f1b-4199-bb39-e59d9ba348f6', 'context': [<snowplow_tracker.self_describing_json.SelfDescribingJson object at 0x10a97b330>]}
[0m17:32:50.742804 [debug] [Thread-1 (]: SQL status: OK in 0.001 seconds
[0m17:32:50.742635 [info ] [Thread-2 (]: 2 of 12 OK created sql table model silver.bodega.invoice_taxes ................. [[32mOK[0m in 0.13s]
[0m17:32:50.743175 [info ] [Thread-4 (]: 4 of 12 OK created sql table model silver.bodega.stores ........................ [[32mOK[0m in 0.13s]
[0m17:32:50.743904 [debug] [Thread-1 (]: On model.bodega.invoice_items: Close
[0m17:32:50.744210 [debug] [Thread-2 (]: Finished running node model.bodega.invoice_taxes
[0m17:32:50.744484 [debug] [Thread-4 (]: Finished running node model.bodega.stores
[0m17:32:50.744667 [debug] [Thread-3 (]: SQL status: OK in 0.011 seconds
[0m17:32:50.745121 [debug] [Thread-1 (]: Sending event: {'category': 'dbt', 'action': 'run_model', 'label': 'e1cb79de-7f1b-4199-bb39-e59d9ba348f6', 'context': [<snowplow_tracker.self_describing_json.SelfDescribingJson object at 0x10ad325d0>]}
[0m17:32:50.745458 [debug] [Thread-2 (]: Began running node test.bodega.not_null_invoice_taxes_invoice_number.eaa6223ed8
[0m17:32:50.746245 [debug] [Thread-3 (]: On model.bodega.invoices: COMMIT
[0m17:32:50.746461 [debug] [Thread-4 (]: Began running node test.bodega.not_null_invoice_taxes_tax_rate.c53c617772
[0m17:32:50.746769 [info ] [Thread-1 (]: 1 of 12 OK created sql table model silver.bodega.invoice_items ................. [[32mOK[0m in 0.14s]
[0m17:32:50.747025 [info ] [Thread-2 (]: 5 of 12 START test not_null_invoice_taxes_invoice_number ....................... [RUN]
[0m17:32:50.747264 [debug] [Thread-3 (]: Using duckdb connection "model.bodega.invoices"
[0m17:32:50.747465 [info ] [Thread-4 (]: 6 of 12 START test not_null_invoice_taxes_tax_rate ............................. [RUN]
[0m17:32:50.747733 [debug] [Thread-1 (]: Finished running node model.bodega.invoice_items
[0m17:32:50.747962 [debug] [Thread-2 (]: Re-using an available connection from the pool (formerly model.bodega.invoice_taxes, now test.bodega.not_null_invoice_taxes_invoice_number.eaa6223ed8)
[0m17:32:50.748153 [debug] [Thread-3 (]: On model.bodega.invoices: COMMIT
[0m17:32:50.748349 [debug] [Thread-4 (]: Re-using an available connection from the pool (formerly model.bodega.stores, now test.bodega.not_null_invoice_taxes_tax_rate.c53c617772)
[0m17:32:50.748551 [debug] [Thread-1 (]: Began running node test.bodega.not_null_stores_store_id.547272002d
[0m17:32:50.748766 [debug] [Thread-2 (]: Began compiling node test.bodega.not_null_invoice_taxes_invoice_number.eaa6223ed8
[0m17:32:50.749015 [debug] [Thread-4 (]: Began compiling node test.bodega.not_null_invoice_taxes_tax_rate.c53c617772
[0m17:32:50.749212 [info ] [Thread-1 (]: 7 of 12 START test not_null_stores_store_id .................................... [RUN]
[0m17:32:50.756539 [debug] [Thread-2 (]: Writing injected SQL for node "test.bodega.not_null_invoice_taxes_invoice_number.eaa6223ed8"
[0m17:32:50.756831 [debug] [Thread-3 (]: SQL status: OK in 0.008 seconds
[0m17:32:50.760299 [debug] [Thread-4 (]: Writing injected SQL for node "test.bodega.not_null_invoice_taxes_tax_rate.c53c617772"
[0m17:32:50.760629 [debug] [Thread-1 (]: Re-using an available connection from the pool (formerly model.bodega.invoice_items, now test.bodega.not_null_stores_store_id.547272002d)
[0m17:32:50.761383 [debug] [Thread-3 (]: Using duckdb connection "model.bodega.invoices"
[0m17:32:50.761725 [debug] [Thread-1 (]: Began compiling node test.bodega.not_null_stores_store_id.547272002d
[0m17:32:50.762000 [debug] [Thread-3 (]: On model.bodega.invoices: /* {"app": "dbt", "dbt_version": "1.12.3", "profile_name": "bodega", "target_name": "local", "node_id": "model.bodega.invoices"} */

      drop table if exists "silver"."bodega"."invoices__dbt_backup" cascade
    
[0m17:32:50.762661 [debug] [Thread-2 (]: Began executing node test.bodega.not_null_invoice_taxes_invoice_number.eaa6223ed8
[0m17:32:50.762961 [debug] [Thread-4 (]: Began executing node test.bodega.not_null_invoice_taxes_tax_rate.c53c617772
[0m17:32:50.765912 [debug] [Thread-1 (]: Writing injected SQL for node "test.bodega.not_null_stores_store_id.547272002d"
[0m17:32:50.774677 [debug] [Thread-2 (]: Writing runtime sql for node "test.bodega.not_null_invoice_taxes_invoice_number.eaa6223ed8"
[0m17:32:50.775010 [debug] [Thread-3 (]: SQL status: OK in 0.009 seconds
[0m17:32:50.775871 [debug] [Thread-4 (]: Writing runtime sql for node "test.bodega.not_null_invoice_taxes_tax_rate.c53c617772"
[0m17:32:50.776906 [debug] [Thread-3 (]: On model.bodega.invoices: Close
[0m17:32:50.777387 [debug] [Thread-3 (]: Sending event: {'category': 'dbt', 'action': 'run_model', 'label': 'e1cb79de-7f1b-4199-bb39-e59d9ba348f6', 'context': [<snowplow_tracker.self_describing_json.SelfDescribingJson object at 0x10ac3d5d0>]}
[0m17:32:50.777623 [debug] [Thread-1 (]: Began executing node test.bodega.not_null_stores_store_id.547272002d
[0m17:32:50.777862 [debug] [Thread-2 (]: Using duckdb connection "test.bodega.not_null_invoice_taxes_invoice_number.eaa6223ed8"
[0m17:32:50.778132 [debug] [Thread-4 (]: Using duckdb connection "test.bodega.not_null_invoice_taxes_tax_rate.c53c617772"
[0m17:32:50.779432 [debug] [Thread-1 (]: Writing runtime sql for node "test.bodega.not_null_stores_store_id.547272002d"
[0m17:32:50.778431 [info ] [Thread-3 (]: 3 of 12 OK created sql table model silver.bodega.invoices ...................... [[32mOK[0m in 0.17s]
[0m17:32:50.779731 [debug] [Thread-2 (]: On test.bodega.not_null_invoice_taxes_invoice_number.eaa6223ed8: BEGIN
[0m17:32:50.779942 [debug] [Thread-4 (]: On test.bodega.not_null_invoice_taxes_tax_rate.c53c617772: BEGIN
[0m17:32:50.780296 [debug] [Thread-3 (]: Finished running node model.bodega.invoices
[0m17:32:50.780537 [debug] [Thread-2 (]: Opening a new connection, currently in state closed
[0m17:32:50.780743 [debug] [Thread-4 (]: Opening a new connection, currently in state closed
[0m17:32:50.780991 [debug] [Thread-3 (]: Began running node test.bodega.unique_stores_store_id.e26ff2d91e
[0m17:32:50.781614 [debug] [Thread-1 (]: Using duckdb connection "test.bodega.not_null_stores_store_id.547272002d"
[0m17:32:50.782493 [debug] [Thread-2 (]: SQL status: OK in 0.002 seconds
[0m17:32:50.782723 [debug] [Thread-4 (]: SQL status: OK in 0.002 seconds
[0m17:32:50.781889 [info ] [Thread-3 (]: 8 of 12 START test unique_stores_store_id ...................................... [RUN]
[0m17:32:50.782989 [debug] [Thread-1 (]: On test.bodega.not_null_stores_store_id.547272002d: BEGIN
[0m17:32:50.783188 [debug] [Thread-2 (]: Using duckdb connection "test.bodega.not_null_invoice_taxes_invoice_number.eaa6223ed8"
[0m17:32:50.783364 [debug] [Thread-4 (]: Using duckdb connection "test.bodega.not_null_invoice_taxes_tax_rate.c53c617772"
[0m17:32:50.783604 [debug] [Thread-3 (]: Re-using an available connection from the pool (formerly model.bodega.invoices, now test.bodega.unique_stores_store_id.e26ff2d91e)
[0m17:32:50.783783 [debug] [Thread-1 (]: Opening a new connection, currently in state closed
[0m17:32:50.783979 [debug] [Thread-2 (]: On test.bodega.not_null_invoice_taxes_invoice_number.eaa6223ed8: /* {"app": "dbt", "dbt_version": "1.12.3", "profile_name": "bodega", "target_name": "local", "node_id": "test.bodega.not_null_invoice_taxes_invoice_number.eaa6223ed8"} */

    
    select
      count(*) as failures,
      count(*) != 0 as should_warn,
      count(*) != 0 as should_error
    from (
      
    
  
    
    



select invoice_number
from "silver"."bodega"."invoice_taxes"
where invoice_number is null



  
  
      
    ) dbt_internal_test
[0m17:32:50.784175 [debug] [Thread-4 (]: On test.bodega.not_null_invoice_taxes_tax_rate.c53c617772: /* {"app": "dbt", "dbt_version": "1.12.3", "profile_name": "bodega", "target_name": "local", "node_id": "test.bodega.not_null_invoice_taxes_tax_rate.c53c617772"} */

    
    select
      count(*) as failures,
      count(*) != 0 as should_warn,
      count(*) != 0 as should_error
    from (
      
    
  
    
    



select tax_rate
from "silver"."bodega"."invoice_taxes"
where tax_rate is null



  
  
      
    ) dbt_internal_test
[0m17:32:50.784361 [debug] [Thread-3 (]: Began compiling node test.bodega.unique_stores_store_id.e26ff2d91e
[0m17:32:50.784743 [debug] [Thread-1 (]: SQL status: OK in 0.001 seconds
[0m17:32:50.789257 [debug] [Thread-3 (]: Writing injected SQL for node "test.bodega.unique_stores_store_id.e26ff2d91e"
[0m17:32:50.789548 [debug] [Thread-1 (]: Using duckdb connection "test.bodega.not_null_stores_store_id.547272002d"
[0m17:32:50.789788 [debug] [Thread-2 (]: SQL status: OK in 0.005 seconds
[0m17:32:50.789995 [debug] [Thread-4 (]: SQL status: OK in 0.005 seconds
[0m17:32:50.790228 [debug] [Thread-1 (]: On test.bodega.not_null_stores_store_id.547272002d: /* {"app": "dbt", "dbt_version": "1.12.3", "profile_name": "bodega", "target_name": "local", "node_id": "test.bodega.not_null_stores_store_id.547272002d"} */

    
    select
      count(*) as failures,
      count(*) != 0 as should_warn,
      count(*) != 0 as should_error
    from (
      
    
  
    
    



select store_id
from "silver"."bodega"."stores"
where store_id is null



  
  
      
    ) dbt_internal_test
[0m17:32:50.792202 [debug] [Thread-2 (]: On test.bodega.not_null_invoice_taxes_invoice_number.eaa6223ed8: ROLLBACK
[0m17:32:50.793058 [debug] [Thread-4 (]: On test.bodega.not_null_invoice_taxes_tax_rate.c53c617772: ROLLBACK
[0m17:32:50.793262 [debug] [Thread-3 (]: Began executing node test.bodega.unique_stores_store_id.e26ff2d91e
[0m17:32:50.793543 [debug] [Thread-1 (]: SQL status: OK in 0.001 seconds
[0m17:32:50.793751 [debug] [Thread-2 (]: On test.bodega.not_null_invoice_taxes_invoice_number.eaa6223ed8: Close
[0m17:32:50.794570 [debug] [Thread-3 (]: Writing runtime sql for node "test.bodega.unique_stores_store_id.e26ff2d91e"
[0m17:32:50.794904 [debug] [Thread-4 (]: On test.bodega.not_null_invoice_taxes_tax_rate.c53c617772: Close
[0m17:32:50.795690 [debug] [Thread-1 (]: On test.bodega.not_null_stores_store_id.547272002d: ROLLBACK
[0m17:32:50.796015 [info ] [Thread-2 (]: 5 of 12 PASS not_null_invoice_taxes_invoice_number ............................. [[32mPASS[0m in 0.05s]
[0m17:32:50.796371 [info ] [Thread-4 (]: 6 of 12 PASS not_null_invoice_taxes_tax_rate ................................... [[32mPASS[0m in 0.05s]
[0m17:32:50.796725 [debug] [Thread-2 (]: Finished running node test.bodega.not_null_invoice_taxes_invoice_number.eaa6223ed8
[0m17:32:50.796950 [debug] [Thread-1 (]: On test.bodega.not_null_stores_store_id.547272002d: Close
[0m17:32:50.797236 [debug] [Thread-4 (]: Finished running node test.bodega.not_null_invoice_taxes_tax_rate.c53c617772
[0m17:32:50.797500 [debug] [Thread-2 (]: Began running node test.bodega.not_null_invoice_items_invoice_number.5077b52dca
[0m17:32:50.797732 [debug] [Thread-3 (]: Using duckdb connection "test.bodega.unique_stores_store_id.e26ff2d91e"
[0m17:32:50.798096 [info ] [Thread-1 (]: 7 of 12 PASS not_null_stores_store_id .......................................... [[32mPASS[0m in 0.04s]
[0m17:32:50.798405 [debug] [Thread-4 (]: Began running node test.bodega.not_null_invoice_items_item_position.4c35b37ffa
[0m17:32:50.798637 [info ] [Thread-2 (]: 9 of 12 START test not_null_invoice_items_invoice_number ....................... [RUN]
[0m17:32:50.798906 [debug] [Thread-3 (]: On test.bodega.unique_stores_store_id.e26ff2d91e: BEGIN
[0m17:32:50.799205 [debug] [Thread-1 (]: Finished running node test.bodega.not_null_stores_store_id.547272002d
[0m17:32:50.799609 [debug] [Thread-2 (]: Re-using an available connection from the pool (formerly test.bodega.not_null_invoice_taxes_invoice_number.eaa6223ed8, now test.bodega.not_null_invoice_items_invoice_number.5077b52dca)
[0m17:32:50.799409 [info ] [Thread-4 (]: 10 of 12 START test not_null_invoice_items_item_position ....................... [RUN]
[0m17:32:50.799841 [debug] [Thread-3 (]: Opening a new connection, currently in state closed
[0m17:32:50.800042 [debug] [Thread-1 (]: Began running node test.bodega.not_null_invoices_invoice_number.7e145b2d89
[0m17:32:50.800240 [debug] [Thread-2 (]: Began compiling node test.bodega.not_null_invoice_items_invoice_number.5077b52dca
[0m17:32:50.800449 [debug] [Thread-4 (]: Re-using an available connection from the pool (formerly test.bodega.not_null_invoice_taxes_tax_rate.c53c617772, now test.bodega.not_null_invoice_items_item_position.4c35b37ffa)
[0m17:32:50.800741 [info ] [Thread-1 (]: 11 of 12 START test not_null_invoices_invoice_number ........................... [RUN]
[0m17:32:50.804641 [debug] [Thread-2 (]: Writing injected SQL for node "test.bodega.not_null_invoice_items_invoice_number.5077b52dca"
[0m17:32:50.804910 [debug] [Thread-3 (]: SQL status: OK in 0.005 seconds
[0m17:32:50.805162 [debug] [Thread-4 (]: Began compiling node test.bodega.not_null_invoice_items_item_position.4c35b37ffa
[0m17:32:50.805532 [debug] [Thread-1 (]: Re-using an available connection from the pool (formerly test.bodega.not_null_stores_store_id.547272002d, now test.bodega.not_null_invoices_invoice_number.7e145b2d89)
[0m17:32:50.805815 [debug] [Thread-3 (]: Using duckdb connection "test.bodega.unique_stores_store_id.e26ff2d91e"
[0m17:32:50.808723 [debug] [Thread-4 (]: Writing injected SQL for node "test.bodega.not_null_invoice_items_item_position.4c35b37ffa"
[0m17:32:50.808982 [debug] [Thread-1 (]: Began compiling node test.bodega.not_null_invoices_invoice_number.7e145b2d89
[0m17:32:50.809251 [debug] [Thread-3 (]: On test.bodega.unique_stores_store_id.e26ff2d91e: /* {"app": "dbt", "dbt_version": "1.12.3", "profile_name": "bodega", "target_name": "local", "node_id": "test.bodega.unique_stores_store_id.e26ff2d91e"} */

    
    select
      count(*) as failures,
      count(*) != 0 as should_warn,
      count(*) != 0 as should_error
    from (
      
    
  
    
    

select
    store_id as unique_field,
    count(*) as n_records

from "silver"."bodega"."stores"
where store_id is not null
group by store_id
having count(*) > 1



  
  
      
    ) dbt_internal_test
[0m17:32:50.812032 [debug] [Thread-1 (]: Writing injected SQL for node "test.bodega.not_null_invoices_invoice_number.7e145b2d89"
[0m17:32:50.812395 [debug] [Thread-2 (]: Began executing node test.bodega.not_null_invoice_items_invoice_number.5077b52dca
[0m17:32:50.813567 [debug] [Thread-2 (]: Writing runtime sql for node "test.bodega.not_null_invoice_items_invoice_number.5077b52dca"
[0m17:32:50.813859 [debug] [Thread-4 (]: Began executing node test.bodega.not_null_invoice_items_item_position.4c35b37ffa
[0m17:32:50.814619 [debug] [Thread-4 (]: Writing runtime sql for node "test.bodega.not_null_invoice_items_item_position.4c35b37ffa"
[0m17:32:50.814893 [debug] [Thread-3 (]: SQL status: OK in 0.002 seconds
[0m17:32:50.815204 [debug] [Thread-2 (]: Using duckdb connection "test.bodega.not_null_invoice_items_invoice_number.5077b52dca"
[0m17:32:50.815404 [debug] [Thread-1 (]: Began executing node test.bodega.not_null_invoices_invoice_number.7e145b2d89
[0m17:32:50.816170 [debug] [Thread-3 (]: On test.bodega.unique_stores_store_id.e26ff2d91e: ROLLBACK
[0m17:32:50.816375 [debug] [Thread-2 (]: On test.bodega.not_null_invoice_items_invoice_number.5077b52dca: BEGIN
[0m17:32:50.816581 [debug] [Thread-4 (]: Using duckdb connection "test.bodega.not_null_invoice_items_item_position.4c35b37ffa"
[0m17:32:50.817269 [debug] [Thread-1 (]: Writing runtime sql for node "test.bodega.not_null_invoices_invoice_number.7e145b2d89"
[0m17:32:50.817515 [debug] [Thread-2 (]: Opening a new connection, currently in state closed
[0m17:32:50.817704 [debug] [Thread-4 (]: On test.bodega.not_null_invoice_items_item_position.4c35b37ffa: BEGIN
[0m17:32:50.817875 [debug] [Thread-3 (]: On test.bodega.unique_stores_store_id.e26ff2d91e: Close
[0m17:32:50.818151 [debug] [Thread-4 (]: Opening a new connection, currently in state closed
[0m17:32:50.818641 [debug] [Thread-2 (]: SQL status: OK in 0.001 seconds
[0m17:32:50.818834 [debug] [Thread-1 (]: Using duckdb connection "test.bodega.not_null_invoices_invoice_number.7e145b2d89"
[0m17:32:50.818486 [info ] [Thread-3 (]: 8 of 12 PASS unique_stores_store_id ............................................ [[32mPASS[0m in 0.03s]
[0m17:32:50.819116 [debug] [Thread-2 (]: Using duckdb connection "test.bodega.not_null_invoice_items_invoice_number.5077b52dca"
[0m17:32:50.819304 [debug] [Thread-4 (]: SQL status: OK in 0.001 seconds
[0m17:32:50.819479 [debug] [Thread-1 (]: On test.bodega.not_null_invoices_invoice_number.7e145b2d89: BEGIN
[0m17:32:50.819738 [debug] [Thread-3 (]: Finished running node test.bodega.unique_stores_store_id.e26ff2d91e
[0m17:32:50.819927 [debug] [Thread-2 (]: On test.bodega.not_null_invoice_items_invoice_number.5077b52dca: /* {"app": "dbt", "dbt_version": "1.12.3", "profile_name": "bodega", "target_name": "local", "node_id": "test.bodega.not_null_invoice_items_invoice_number.5077b52dca"} */

    
    select
      count(*) as failures,
      count(*) != 0 as should_warn,
      count(*) != 0 as should_error
    from (
      
    
  
    
    



select invoice_number
from "silver"."bodega"."invoice_items"
where invoice_number is null



  
  
      
    ) dbt_internal_test
[0m17:32:50.820116 [debug] [Thread-4 (]: Using duckdb connection "test.bodega.not_null_invoice_items_item_position.4c35b37ffa"
[0m17:32:50.820286 [debug] [Thread-1 (]: Opening a new connection, currently in state closed
[0m17:32:50.820482 [debug] [Thread-3 (]: Began running node test.bodega.unique_invoices_invoice_number.653cfe1331
[0m17:32:50.820892 [debug] [Thread-4 (]: On test.bodega.not_null_invoice_items_item_position.4c35b37ffa: /* {"app": "dbt", "dbt_version": "1.12.3", "profile_name": "bodega", "target_name": "local", "node_id": "test.bodega.not_null_invoice_items_item_position.4c35b37ffa"} */

    
    select
      count(*) as failures,
      count(*) != 0 as should_warn,
      count(*) != 0 as should_error
    from (
      
    
  
    
    



select item_position
from "silver"."bodega"."invoice_items"
where item_position is null



  
  
      
    ) dbt_internal_test
[0m17:32:50.821194 [debug] [Thread-2 (]: SQL status: OK in 0.000 seconds
[0m17:32:50.821563 [debug] [Thread-1 (]: SQL status: OK in 0.001 seconds
[0m17:32:50.821413 [info ] [Thread-3 (]: 12 of 12 START test unique_invoices_invoice_number ............................. [RUN]
[0m17:32:50.821870 [debug] [Thread-1 (]: Using duckdb connection "test.bodega.not_null_invoices_invoice_number.7e145b2d89"
[0m17:32:50.822581 [debug] [Thread-2 (]: On test.bodega.not_null_invoice_items_invoice_number.5077b52dca: ROLLBACK
[0m17:32:50.822820 [debug] [Thread-3 (]: Re-using an available connection from the pool (formerly test.bodega.unique_stores_store_id.e26ff2d91e, now test.bodega.unique_invoices_invoice_number.653cfe1331)
[0m17:32:50.823023 [debug] [Thread-1 (]: On test.bodega.not_null_invoices_invoice_number.7e145b2d89: /* {"app": "dbt", "dbt_version": "1.12.3", "profile_name": "bodega", "target_name": "local", "node_id": "test.bodega.not_null_invoices_invoice_number.7e145b2d89"} */

    
    select
      count(*) as failures,
      count(*) != 0 as should_warn,
      count(*) != 0 as should_error
    from (
      
    
  
    
    



select invoice_number
from "silver"."bodega"."invoices"
where invoice_number is null



  
  
      
    ) dbt_internal_test
[0m17:32:50.823222 [debug] [Thread-4 (]: SQL status: OK in 0.001 seconds
[0m17:32:50.823427 [debug] [Thread-3 (]: Began compiling node test.bodega.unique_invoices_invoice_number.653cfe1331
[0m17:32:50.823605 [debug] [Thread-2 (]: On test.bodega.not_null_invoice_items_invoice_number.5077b52dca: Close
[0m17:32:50.824416 [debug] [Thread-4 (]: On test.bodega.not_null_invoice_items_item_position.4c35b37ffa: ROLLBACK
[0m17:32:50.829717 [debug] [Thread-3 (]: Writing injected SQL for node "test.bodega.unique_invoices_invoice_number.653cfe1331"
[0m17:32:50.829961 [debug] [Thread-1 (]: SQL status: OK in 0.006 seconds
[0m17:32:50.830407 [info ] [Thread-2 (]: 9 of 12 PASS not_null_invoice_items_invoice_number ............................. [[32mPASS[0m in 0.03s]
[0m17:32:50.830938 [debug] [Thread-2 (]: Finished running node test.bodega.not_null_invoice_items_invoice_number.5077b52dca
[0m17:32:50.831139 [debug] [Thread-4 (]: On test.bodega.not_null_invoice_items_item_position.4c35b37ffa: Close
[0m17:32:50.831964 [debug] [Thread-1 (]: On test.bodega.not_null_invoices_invoice_number.7e145b2d89: ROLLBACK
[0m17:32:50.832394 [info ] [Thread-4 (]: 10 of 12 PASS not_null_invoice_items_item_position ............................. [[32mPASS[0m in 0.03s]
[0m17:32:50.832660 [debug] [Thread-4 (]: Finished running node test.bodega.not_null_invoice_items_item_position.4c35b37ffa
[0m17:32:50.832843 [debug] [Thread-3 (]: Began executing node test.bodega.unique_invoices_invoice_number.653cfe1331
[0m17:32:50.833626 [debug] [Thread-3 (]: Writing runtime sql for node "test.bodega.unique_invoices_invoice_number.653cfe1331"
[0m17:32:50.833898 [debug] [Thread-1 (]: On test.bodega.not_null_invoices_invoice_number.7e145b2d89: Close
[0m17:32:50.834172 [info ] [Thread-1 (]: 11 of 12 PASS not_null_invoices_invoice_number ................................. [[32mPASS[0m in 0.03s]
[0m17:32:50.834415 [debug] [Thread-1 (]: Finished running node test.bodega.not_null_invoices_invoice_number.7e145b2d89
[0m17:32:50.834698 [debug] [Thread-3 (]: Using duckdb connection "test.bodega.unique_invoices_invoice_number.653cfe1331"
[0m17:32:50.834889 [debug] [Thread-3 (]: On test.bodega.unique_invoices_invoice_number.653cfe1331: BEGIN
[0m17:32:50.835051 [debug] [Thread-3 (]: Opening a new connection, currently in state closed
[0m17:32:50.835311 [debug] [Thread-3 (]: SQL status: OK in 0.000 seconds
[0m17:32:50.835472 [debug] [Thread-3 (]: Using duckdb connection "test.bodega.unique_invoices_invoice_number.653cfe1331"
[0m17:32:50.835644 [debug] [Thread-3 (]: On test.bodega.unique_invoices_invoice_number.653cfe1331: /* {"app": "dbt", "dbt_version": "1.12.3", "profile_name": "bodega", "target_name": "local", "node_id": "test.bodega.unique_invoices_invoice_number.653cfe1331"} */

    
    select
      count(*) as failures,
      count(*) != 0 as should_warn,
      count(*) != 0 as should_error
    from (
      
    
  
    
    

select
    invoice_number as unique_field,
    count(*) as n_records

from "silver"."bodega"."invoices"
where invoice_number is not null
group by invoice_number
having count(*) > 1



  
  
      
    ) dbt_internal_test
[0m17:32:50.836474 [debug] [Thread-3 (]: SQL status: OK in 0.001 seconds
[0m17:32:50.837255 [debug] [Thread-3 (]: On test.bodega.unique_invoices_invoice_number.653cfe1331: ROLLBACK
[0m17:32:50.837575 [debug] [Thread-3 (]: On test.bodega.unique_invoices_invoice_number.653cfe1331: Close
[0m17:32:50.837908 [info ] [Thread-3 (]: 12 of 12 PASS unique_invoices_invoice_number ................................... [[32mPASS[0m in 0.02s]
[0m17:32:50.838173 [debug] [Thread-3 (]: Finished running node test.bodega.unique_invoices_invoice_number.653cfe1331
[0m17:32:50.838872 [debug] [MainThread]: Using duckdb connection "master"
[0m17:32:50.839032 [debug] [MainThread]: On master: BEGIN
[0m17:32:50.839165 [debug] [MainThread]: Opening a new connection, currently in state closed
[0m17:32:50.839409 [debug] [MainThread]: SQL status: OK in 0.000 seconds
[0m17:32:50.839556 [debug] [MainThread]: On master: COMMIT
[0m17:32:50.839693 [debug] [MainThread]: Using duckdb connection "master"
[0m17:32:50.839828 [debug] [MainThread]: On master: COMMIT
[0m17:32:50.840028 [debug] [MainThread]: SQL status: OK in 0.000 seconds
[0m17:32:50.840166 [debug] [MainThread]: On master: Close
[0m17:32:50.840347 [debug] [MainThread]: Connection 'master' was properly closed.
[0m17:32:50.840485 [debug] [MainThread]: Connection 'test.bodega.not_null_invoices_invoice_number.7e145b2d89' was properly closed.
[0m17:32:50.840613 [debug] [MainThread]: Connection 'test.bodega.not_null_invoice_items_invoice_number.5077b52dca' was properly closed.
[0m17:32:50.840740 [debug] [MainThread]: Connection 'test.bodega.unique_invoices_invoice_number.653cfe1331' was properly closed.
[0m17:32:50.840854 [debug] [MainThread]: Connection 'test.bodega.not_null_invoice_items_item_position.4c35b37ffa' was properly closed.
[0m17:32:50.841017 [info ] [MainThread]: 
[0m17:32:50.841175 [info ] [MainThread]: Finished running 4 table models, 8 data tests in 0 hours 0 minutes and 0.34 seconds (0.34s).
[0m17:32:50.842056 [debug] [MainThread]: Command end result
[0m17:32:50.861695 [debug] [MainThread]: Wrote artifact WritableManifest to /Users/alvarosantosandres/personal/datahub-local-ai/workflows/dbt/projects/bodega/target/manifest.json
[0m17:32:50.863291 [debug] [MainThread]: Wrote artifact SemanticManifest to /Users/alvarosantosandres/personal/datahub-local-ai/workflows/dbt/projects/bodega/target/semantic_manifest.json
[0m17:32:50.864605 [debug] [MainThread]: Wrote artifact OsiDocument to /Users/alvarosantosandres/personal/datahub-local-ai/workflows/dbt/projects/bodega/target/osi_document.json
[0m17:32:50.868673 [debug] [MainThread]: Wrote artifact RunExecutionResult to /Users/alvarosantosandres/personal/datahub-local-ai/workflows/dbt/projects/bodega/target/run_results.json
[0m17:32:50.868933 [info ] [MainThread]: 
[0m17:32:50.869150 [info ] [MainThread]: [32mCompleted successfully[0m
[0m17:32:50.869310 [info ] [MainThread]: 
[0m17:32:50.869483 [info ] [MainThread]: Done. PASS=12 WARN=0 ERROR=0 SKIP=0 NO-OP=0 REUSED=0 TOTAL=12
[0m17:32:50.869832 [debug] [MainThread]: Resource report: {"command_name": "build", "command_success": true, "command_wall_clock_time": 1.7849467, "process_in_blocks": "0", "process_kernel_time": 0.28215, "process_mem_max_rss": "195182592", "process_out_blocks": "0", "process_user_time": 2.312532}
[0m17:32:50.870094 [debug] [MainThread]: Command `cli build` succeeded at 17:32:50.870054 after 1.79 seconds
[0m17:32:50.870312 [debug] [MainThread]: Sending event: {'category': 'dbt', 'action': 'invocation', 'label': 'end', 'context': [<snowplow_tracker.self_describing_json.SelfDescribingJson object at 0x109d106e0>, <snowplow_tracker.self_describing_json.SelfDescribingJson object at 0x109a3eba0>, <snowplow_tracker.self_describing_json.SelfDescribingJson object at 0x10a9dc410>]}
[0m17:32:50.870520 [debug] [MainThread]: Flushing usage events
[0m17:32:51.396574 [debug] [MainThread]: An error was encountered while trying to flush usage events
[0m17:32:52.628433 [debug] [MainThread]: Sending event: {'category': 'dbt', 'action': 'invocation', 'label': 'start', 'context': [<snowplow_tracker.self_describing_json.SelfDescribingJson object at 0x10a9fe270>, <snowplow_tracker.self_describing_json.SelfDescribingJson object at 0x10be9b890>, <snowplow_tracker.self_describing_json.SelfDescribingJson object at 0x10be9b9d0>]}


============================== 17:32:52.631609 | 04a36993-97d9-4bb9-a47b-adfda7647df8 ==============================
[0m17:32:52.631609 [info ] [MainThread]: Running with dbt=1.12.3
[0m17:32:52.631961 [debug] [MainThread]: running dbt with arguments {'partial_parse': 'True', 'send_anonymous_usage_stats': 'True', 'log_path': '/Users/alvarosantosandres/personal/datahub-local-ai/workflows/dbt/projects/bodega/logs', 'log_format': 'default', 'hints_enabled': 'True', 'quiet': 'False', 'static_parser': 'True', 'indirect_selection': 'eager', 'maximum_seed_size_mib': '1', 'use_colors': 'True', 'warn_error_options': 'WarnErrorOptionsV2(error=[], warn=[], silence=[])', 'log_cache_events': 'False', 'introspect': 'True', 'empty': 'False', 'debug': 'False', 'fail_fast': 'False', 'printer_width': '80', 'write_json': 'True', 'warn_error': 'None', 'invocation_command': 'dbt --project bodega --target local --select gold.* --full-refresh', 'use_experimental_parser': 'False', 'target_path': 'None', 'no_print': 'None', 'version_check': 'True', 'cache_selected_only': 'False', 'profiles_dir': '/Users/alvarosantosandres/personal/datahub-local-ai/workflows/dbt/projects/bodega'}
[0m17:32:52.771982 [debug] [MainThread]: Sending event: {'category': 'dbt', 'action': 'project_id', 'label': '04a36993-97d9-4bb9-a47b-adfda7647df8', 'context': [<snowplow_tracker.self_describing_json.SelfDescribingJson object at 0x10ad3a190>]}
[0m17:32:52.857682 [debug] [MainThread]: Sending event: {'category': 'dbt', 'action': 'adapter_info', 'label': '04a36993-97d9-4bb9-a47b-adfda7647df8', 'context': [<snowplow_tracker.self_describing_json.SelfDescribingJson object at 0x10be25370>]}
[0m17:32:52.859097 [info ] [MainThread]: Registered adapter: duckdb=1.11.0
[0m17:32:52.921932 [debug] [MainThread]: checksum: 59a249011856ecdb0c0125045551a53b65cd388a4d7d6d24b99b9f67da16e401, vars: {}, profile: bodega, target: local, version: 1.12.3
[0m17:32:52.995147 [debug] [MainThread]: Partial parsing enabled: 0 files deleted, 0 files added, 0 files changed.
[0m17:32:52.995459 [debug] [MainThread]: Nothing changed, skipping partial parsing.
[0m17:32:52.995795 [debug] [MainThread]: Partial parsing enabled, no changes found, skipping parsing
[0m17:32:53.001574 [debug] [MainThread]: Sending event: {'category': 'dbt', 'action': 'load_project', 'label': '04a36993-97d9-4bb9-a47b-adfda7647df8', 'context': [<snowplow_tracker.self_describing_json.SelfDescribingJson object at 0x10c45b750>]}
[0m17:32:53.077041 [debug] [MainThread]: Wrote artifact WritableManifest to /Users/alvarosantosandres/personal/datahub-local-ai/workflows/dbt/projects/bodega/target/manifest.json
[0m17:32:53.079250 [debug] [MainThread]: Wrote artifact SemanticManifest to /Users/alvarosantosandres/personal/datahub-local-ai/workflows/dbt/projects/bodega/target/semantic_manifest.json
[0m17:32:53.086590 [debug] [MainThread]: Wrote artifact OsiDocument to /Users/alvarosantosandres/personal/datahub-local-ai/workflows/dbt/projects/bodega/target/osi_document.json
[0m17:32:53.102420 [debug] [MainThread]: Sending event: {'category': 'dbt', 'action': 'resource_counts', 'label': '04a36993-97d9-4bb9-a47b-adfda7647df8', 'context': [<snowplow_tracker.self_describing_json.SelfDescribingJson object at 0x10c6e4230>]}
[0m17:32:53.102775 [info ] [MainThread]: Found 10 models, 14 data tests, 2 sources, 516 macros
[0m17:32:53.104366 [info ] [MainThread]: 
[0m17:32:53.104648 [info ] [MainThread]: Concurrency: 4 threads (target='local')
[0m17:32:53.104807 [info ] [MainThread]: 
[0m17:32:53.105099 [debug] [MainThread]: Acquiring new duckdb connection 'master'
[0m17:32:53.107607 [debug] [ThreadPool]: Acquiring new duckdb connection 'list_gold'
[0m17:32:53.139797 [debug] [ThreadPool]: Using duckdb connection "list_gold"
[0m17:32:53.140096 [debug] [ThreadPool]: On list_gold: /* {"app": "dbt", "dbt_version": "1.12.3", "profile_name": "bodega", "target_name": "local", "connection_name": "list_gold"} */

    
    select schema_name
    from system.information_schema.schemata
    
    where lower(catalog_name) = '"gold"'
    
  
  
[0m17:32:53.140268 [debug] [ThreadPool]: Opening a new connection, currently in state init
[0m17:32:53.148833 [debug] [ThreadPool]: SQL status: OK in 0.008 seconds
[0m17:32:53.149769 [debug] [ThreadPool]: On list_gold: Close
[0m17:32:53.150252 [debug] [ThreadPool]: Re-using an available connection from the pool (formerly list_gold, now create_gold_bodega)
[0m17:32:53.150557 [debug] [ThreadPool]: Creating schema "database: "gold"
schema: "bodega"
"
[0m17:32:53.154123 [debug] [ThreadPool]: Using duckdb connection "create_gold_bodega"
[0m17:32:53.154339 [debug] [ThreadPool]: On create_gold_bodega: /* {"app": "dbt", "dbt_version": "1.12.3", "profile_name": "bodega", "target_name": "local", "connection_name": "create_gold_bodega"} */

    
        select type from duckdb_databases()
        where lower(database_name)='gold'
        and type != 'duckdb'
    
  
[0m17:32:53.154503 [debug] [ThreadPool]: Opening a new connection, currently in state closed
[0m17:32:53.155051 [debug] [ThreadPool]: SQL status: OK in 0.000 seconds
[0m17:32:53.155915 [debug] [ThreadPool]: Using duckdb connection "create_gold_bodega"
[0m17:32:53.156110 [debug] [ThreadPool]: On create_gold_bodega: BEGIN
[0m17:32:53.156423 [debug] [ThreadPool]: SQL status: OK in 0.000 seconds
[0m17:32:53.156625 [debug] [ThreadPool]: Using duckdb connection "create_gold_bodega"
[0m17:32:53.156792 [debug] [ThreadPool]: On create_gold_bodega: /* {"app": "dbt", "dbt_version": "1.12.3", "profile_name": "bodega", "target_name": "local", "connection_name": "create_gold_bodega"} */

    
    
        create schema if not exists "gold"."bodega"
    
[0m17:32:53.157117 [debug] [ThreadPool]: SQL status: OK in 0.000 seconds
[0m17:32:53.157613 [debug] [ThreadPool]: On create_gold_bodega: COMMIT
[0m17:32:53.157786 [debug] [ThreadPool]: Using duckdb connection "create_gold_bodega"
[0m17:32:53.157933 [debug] [ThreadPool]: On create_gold_bodega: COMMIT
[0m17:32:53.158492 [debug] [ThreadPool]: SQL status: OK in 0.000 seconds
[0m17:32:53.158755 [debug] [ThreadPool]: On create_gold_bodega: Close
[0m17:32:53.159732 [debug] [ThreadPool]: Re-using an available connection from the pool (formerly create_gold_bodega, now list_silver_bodega)
[0m17:32:53.162411 [debug] [ThreadPool]: Using duckdb connection "list_silver_bodega"
[0m17:32:53.162775 [debug] [ThreadPool]: Acquiring new duckdb connection 'list_gold_bodega'
[0m17:32:53.162985 [debug] [ThreadPool]: On list_silver_bodega: BEGIN
[0m17:32:53.163669 [debug] [ThreadPool]: Using duckdb connection "list_gold_bodega"
[0m17:32:53.163877 [debug] [ThreadPool]: Opening a new connection, currently in state closed
[0m17:32:53.164053 [debug] [ThreadPool]: On list_gold_bodega: BEGIN
[0m17:32:53.164338 [debug] [ThreadPool]: Opening a new connection, currently in state init
[0m17:32:53.164555 [debug] [ThreadPool]: SQL status: OK in 0.001 seconds
[0m17:32:53.164714 [debug] [ThreadPool]: Using duckdb connection "list_silver_bodega"
[0m17:32:53.164879 [debug] [ThreadPool]: On list_silver_bodega: /* {"app": "dbt", "dbt_version": "1.12.3", "profile_name": "bodega", "target_name": "local", "connection_name": "list_silver_bodega"} */
select
      'silver' as database,
      table_name as name,
      table_schema as schema,
      CASE table_type
        WHEN 'BASE TABLE' THEN 'table'
        WHEN 'VIEW' THEN 'view'
        WHEN 'LOCAL TEMPORARY' THEN 'table'
        END as type
    from system.information_schema.tables
    where lower(table_schema) = 'bodega'
    and lower(table_catalog) = 'silver'
  
[0m17:32:53.165038 [debug] [ThreadPool]: SQL status: OK in 0.001 seconds
[0m17:32:53.165279 [debug] [ThreadPool]: Using duckdb connection "list_gold_bodega"
[0m17:32:53.165477 [debug] [ThreadPool]: On list_gold_bodega: /* {"app": "dbt", "dbt_version": "1.12.3", "profile_name": "bodega", "target_name": "local", "connection_name": "list_gold_bodega"} */
select
      'gold' as database,
      table_name as name,
      table_schema as schema,
      CASE table_type
        WHEN 'BASE TABLE' THEN 'table'
        WHEN 'VIEW' THEN 'view'
        WHEN 'LOCAL TEMPORARY' THEN 'table'
        END as type
    from system.information_schema.tables
    where lower(table_schema) = 'bodega'
    and lower(table_catalog) = 'gold'
  
[0m17:32:53.167151 [debug] [ThreadPool]: SQL status: OK in 0.001 seconds
[0m17:32:53.167365 [debug] [ThreadPool]: SQL status: OK in 0.002 seconds
[0m17:32:53.167998 [debug] [ThreadPool]: On list_gold_bodega: ROLLBACK
[0m17:32:53.168629 [debug] [ThreadPool]: On list_silver_bodega: ROLLBACK
[0m17:32:53.168906 [debug] [ThreadPool]: On list_gold_bodega: Close
[0m17:32:53.169113 [debug] [ThreadPool]: On list_silver_bodega: Close
[0m17:32:53.169868 [debug] [MainThread]: Sending event: {'category': 'dbt', 'action': 'runnable_timing', 'label': '04a36993-97d9-4bb9-a47b-adfda7647df8', 'context': [<snowplow_tracker.self_describing_json.SelfDescribingJson object at 0x10c71fe70>]}
[0m17:32:53.170168 [debug] [MainThread]: Using duckdb connection "master"
[0m17:32:53.170336 [debug] [MainThread]: On master: BEGIN
[0m17:32:53.170489 [debug] [MainThread]: Opening a new connection, currently in state init
[0m17:32:53.170841 [debug] [MainThread]: SQL status: OK in 0.000 seconds
[0m17:32:53.171012 [debug] [MainThread]: On master: COMMIT
[0m17:32:53.171164 [debug] [MainThread]: Using duckdb connection "master"
[0m17:32:53.171311 [debug] [MainThread]: On master: COMMIT
[0m17:32:53.171529 [debug] [MainThread]: SQL status: OK in 0.000 seconds
[0m17:32:53.171680 [debug] [MainThread]: On master: Close
[0m17:32:53.173109 [debug] [Thread-1 (]: Began running node model.bodega.category_spending
[0m17:32:53.173346 [debug] [Thread-2 (]: Began running node model.bodega.price_trends
[0m17:32:53.173534 [debug] [Thread-4 (]: Began running node model.bodega.spending_by_week
[0m17:32:53.173752 [debug] [Thread-3 (]: Began running node model.bodega.spending_by_day
[0m17:32:53.174138 [info ] [Thread-1 (]: 1 of 12 START sql table model gold.bodega.category_spending .................... [RUN]
[0m17:32:53.174540 [info ] [Thread-2 (]: 2 of 12 START sql table model gold.bodega.price_trends ......................... [RUN]
[0m17:32:53.174827 [info ] [Thread-4 (]: 4 of 12 START sql table model gold.bodega.spending_by_week ..................... [RUN]
[0m17:32:53.175057 [info ] [Thread-3 (]: 3 of 12 START sql table model gold.bodega.spending_by_day ...................... [RUN]
[0m17:32:53.175761 [debug] [Thread-1 (]: Re-using an available connection from the pool (formerly list_silver_bodega, now model.bodega.category_spending)
[0m17:32:53.175978 [debug] [Thread-2 (]: Re-using an available connection from the pool (formerly list_gold_bodega, now model.bodega.price_trends)
[0m17:32:53.176204 [debug] [Thread-4 (]: Acquiring new duckdb connection 'model.bodega.spending_by_week'
[0m17:32:53.176416 [debug] [Thread-3 (]: Acquiring new duckdb connection 'model.bodega.spending_by_day'
[0m17:32:53.176594 [debug] [Thread-1 (]: Began compiling node model.bodega.category_spending
[0m17:32:53.176758 [debug] [Thread-2 (]: Began compiling node model.bodega.price_trends
[0m17:32:53.176918 [debug] [Thread-4 (]: Began compiling node model.bodega.spending_by_week
[0m17:32:53.177077 [debug] [Thread-3 (]: Began compiling node model.bodega.spending_by_day
[0m17:32:53.180885 [debug] [Thread-1 (]: Writing injected SQL for node "model.bodega.category_spending"
[0m17:32:53.182257 [debug] [Thread-2 (]: Writing injected SQL for node "model.bodega.price_trends"
[0m17:32:53.183056 [debug] [Thread-4 (]: Writing injected SQL for node "model.bodega.spending_by_week"
[0m17:32:53.183770 [debug] [Thread-3 (]: Writing injected SQL for node "model.bodega.spending_by_day"
[0m17:32:53.184716 [debug] [Thread-2 (]: Began executing node model.bodega.price_trends
[0m17:32:53.184978 [debug] [Thread-1 (]: Began executing node model.bodega.category_spending
[0m17:32:53.185183 [debug] [Thread-4 (]: Began executing node model.bodega.spending_by_week
[0m17:32:53.185363 [debug] [Thread-3 (]: Began executing node model.bodega.spending_by_day
[0m17:32:53.216922 [debug] [Thread-1 (]: Writing runtime sql for node "model.bodega.category_spending"
[0m17:32:53.218152 [debug] [Thread-4 (]: Writing runtime sql for node "model.bodega.spending_by_week"
[0m17:32:53.216588 [debug] [Thread-2 (]: Writing runtime sql for node "model.bodega.price_trends"
[0m17:32:53.219294 [debug] [Thread-3 (]: Writing runtime sql for node "model.bodega.spending_by_day"
[0m17:32:53.220007 [debug] [Thread-1 (]: Using duckdb connection "model.bodega.category_spending"
[0m17:32:53.220384 [debug] [Thread-1 (]: On model.bodega.category_spending: BEGIN
[0m17:32:53.220710 [debug] [Thread-4 (]: Using duckdb connection "model.bodega.spending_by_week"
[0m17:32:53.220948 [debug] [Thread-1 (]: Opening a new connection, currently in state closed
[0m17:32:53.221182 [debug] [Thread-4 (]: On model.bodega.spending_by_week: BEGIN
[0m17:32:53.221554 [debug] [Thread-2 (]: Using duckdb connection "model.bodega.price_trends"
[0m17:32:53.221776 [debug] [Thread-3 (]: Using duckdb connection "model.bodega.spending_by_day"
[0m17:32:53.221951 [debug] [Thread-4 (]: Opening a new connection, currently in state init
[0m17:32:53.222148 [debug] [Thread-1 (]: SQL status: OK in 0.001 seconds
[0m17:32:53.222353 [debug] [Thread-2 (]: On model.bodega.price_trends: BEGIN
[0m17:32:53.222529 [debug] [Thread-3 (]: On model.bodega.spending_by_day: BEGIN
[0m17:32:53.222774 [debug] [Thread-1 (]: Using duckdb connection "model.bodega.category_spending"
[0m17:32:53.222957 [debug] [Thread-2 (]: Opening a new connection, currently in state closed
[0m17:32:53.223145 [debug] [Thread-4 (]: SQL status: OK in 0.001 seconds
[0m17:32:53.223307 [debug] [Thread-3 (]: Opening a new connection, currently in state init
[0m17:32:53.223531 [debug] [Thread-1 (]: On model.bodega.category_spending: /* {"app": "dbt", "dbt_version": "1.12.3", "profile_name": "bodega", "target_name": "local", "node_id": "model.bodega.category_spending"} */

    

    create  table
      "gold"."bodega"."category_spending__dbt_tmp"
  
    
    as (
      SELECT
    i.invoice_date,
    date_trunc('week',  i.invoice_date)  AS week_start,
    date_trunc('month', i.invoice_date)  AS month_start,
    COALESCE(p.category, 'OTHER')        AS category,
    p.subcategory,
    i.supermarket,
    COUNT(DISTINCT i.invoice_number)     AS invoice_count,
    COUNT(*)                             AS item_count,
    SUM(i.total_amount)                  AS total_spent
FROM "silver"."bodega"."invoice_items" i
LEFT JOIN (
    -- products is merge-by-key in dlt but the Iceberg filesystem destination
    -- falls back to append, so dedupe to the latest categorisation per key
    SELECT
        description_clean,
        supermarket,
        max_by(category, categorized_at)    AS category,
        max_by(subcategory, categorized_at) AS subcategory
    FROM "silver"."bodega"."products"
    GROUP BY description_clean, supermarket
) p
    ON  i.description_clean = p.description_clean
    AND i.supermarket        = p.supermarket
GROUP BY
    i.invoice_date,
    date_trunc('week',  i.invoice_date),
    date_trunc('month', i.invoice_date),
    COALESCE(p.category, 'OTHER'),
    p.subcategory,
    i.supermarket
    );
    
  
[0m17:32:53.223827 [debug] [Thread-4 (]: Using duckdb connection "model.bodega.spending_by_week"
[0m17:32:53.224087 [debug] [Thread-2 (]: SQL status: OK in 0.001 seconds
[0m17:32:53.224269 [debug] [Thread-3 (]: SQL status: OK in 0.001 seconds
[0m17:32:53.224600 [debug] [Thread-4 (]: On model.bodega.spending_by_week: /* {"app": "dbt", "dbt_version": "1.12.3", "profile_name": "bodega", "target_name": "local", "node_id": "model.bodega.spending_by_week"} */

    

    create  table
      "gold"."bodega"."spending_by_week__dbt_tmp"
  
    
    as (
      SELECT
    date_trunc('week', invoice_date)  AS week_start,
    year(invoice_date)                AS year,
    week(invoice_date)                AS week_number,
    supermarket,
    COUNT(*)                          AS invoice_count,
    SUM(total_amount)                 AS total_amount,
    SUM(total_tax_amount)             AS total_tax,
    SUM(item_count)                   AS total_items,
    AVG(total_amount)                 AS avg_basket_amount,
    MAX(total_amount)                 AS max_basket_amount
FROM "silver"."bodega"."invoices"
GROUP BY
    date_trunc('week', invoice_date),
    year(invoice_date),
    week(invoice_date),
    supermarket
    );
    
  
[0m17:32:53.224844 [debug] [Thread-2 (]: Using duckdb connection "model.bodega.price_trends"
[0m17:32:53.225095 [debug] [Thread-3 (]: Using duckdb connection "model.bodega.spending_by_day"
[0m17:32:53.225548 [debug] [Thread-2 (]: On model.bodega.price_trends: /* {"app": "dbt", "dbt_version": "1.12.3", "profile_name": "bodega", "target_name": "local", "node_id": "model.bodega.price_trends"} */

    

    create  table
      "gold"."bodega"."price_trends__dbt_tmp"
  
    
    as (
      WITH weekly AS (
    SELECT
        description_clean,
        supermarket,
        date_trunc('week', invoice_date)  AS week_start,
        -- Blended price: unit_price on receipts is €/kg for weighted lines and
        -- €/unit otherwise, so total/quantity yields the same dimension per product.
        SUM(total_amount) / NULLIF(SUM(quantity), 0) AS price,
        SUM(total_amount)                 AS total_spent,
        SUM(quantity)                     AS total_quantity,
        COUNT(*)                          AS purchase_count
    FROM "silver"."bodega"."invoice_items"
    GROUP BY description_clean, supermarket, date_trunc('week', invoice_date)
),
repeat_products AS (
    SELECT description_clean, supermarket
    FROM "silver"."bodega"."invoice_items"
    GROUP BY description_clean, supermarket
    HAVING COUNT(*) >= 2
)
SELECT
    w.description_clean,
    w.supermarket,
    w.week_start,
    w.price,
    w.total_spent,
    w.total_quantity,
    w.purchase_count,
    p.category,
    p.subcategory,
    COALESCE(p.is_weighted, FALSE) AS is_weighted
FROM weekly w
JOIN repeat_products r
    ON  w.description_clean = r.description_clean
    AND w.supermarket        = r.supermarket
LEFT JOIN (
    -- products is merge-by-key in dlt but the Iceberg filesystem destination
    -- falls back to append, so dedupe to the latest categorisation per key
    SELECT
        description_clean,
        supermarket,
        max_by(category, categorized_at)    AS category,
        max_by(subcategory, categorized_at) AS subcategory,
        max_by(is_weighted, categorized_at) AS is_weighted
    FROM "silver"."bodega"."products"
    GROUP BY description_clean, supermarket
) p
    ON  w.description_clean = p.description_clean
    AND w.supermarket        = p.supermarket
    );
    
  
[0m17:32:53.226027 [debug] [Thread-3 (]: On model.bodega.spending_by_day: /* {"app": "dbt", "dbt_version": "1.12.3", "profile_name": "bodega", "target_name": "local", "node_id": "model.bodega.spending_by_day"} */

    

    create  table
      "gold"."bodega"."spending_by_day__dbt_tmp"
  
    
    as (
      SELECT
    invoice_date,
    supermarket,
    COUNT(*)              AS invoice_count,
    SUM(total_amount)     AS total_amount,
    SUM(total_tax_amount) AS total_tax,
    SUM(item_count)       AS total_items,
    AVG(total_amount)     AS avg_basket_amount
FROM "silver"."bodega"."invoices"
GROUP BY invoice_date, supermarket
    );
    
  
[0m17:32:53.227538 [debug] [Thread-4 (]: SQL status: OK in 0.002 seconds
[0m17:32:53.231089 [debug] [Thread-4 (]: Using duckdb connection "model.bodega.spending_by_week"
[0m17:32:53.231369 [debug] [Thread-4 (]: On model.bodega.spending_by_week: /* {"app": "dbt", "dbt_version": "1.12.3", "profile_name": "bodega", "target_name": "local", "node_id": "model.bodega.spending_by_week"} */
alter table "gold"."bodega"."spending_by_week__dbt_tmp" rename to "spending_by_week"
[0m17:32:53.231690 [debug] [Thread-2 (]: SQL status: OK in 0.005 seconds
[0m17:32:53.233062 [debug] [Thread-2 (]: Using duckdb connection "model.bodega.price_trends"
[0m17:32:53.233272 [debug] [Thread-2 (]: On model.bodega.price_trends: /* {"app": "dbt", "dbt_version": "1.12.3", "profile_name": "bodega", "target_name": "local", "node_id": "model.bodega.price_trends"} */
alter table "gold"."bodega"."price_trends__dbt_tmp" rename to "price_trends"
[0m17:32:53.233496 [debug] [Thread-3 (]: SQL status: OK in 0.007 seconds
[0m17:32:53.233718 [debug] [Thread-1 (]: SQL status: OK in 0.009 seconds
[0m17:32:53.233985 [debug] [Thread-4 (]: SQL status: OK in 0.002 seconds
[0m17:32:53.235139 [debug] [Thread-3 (]: Using duckdb connection "model.bodega.spending_by_day"
[0m17:32:53.235364 [debug] [Thread-2 (]: SQL status: OK in 0.001 seconds
[0m17:32:53.236476 [debug] [Thread-1 (]: Using duckdb connection "model.bodega.category_spending"
[0m17:32:53.246343 [debug] [Thread-4 (]: Using duckdb connection "model.bodega.spending_by_week"
[0m17:32:53.246585 [debug] [Thread-3 (]: On model.bodega.spending_by_day: /* {"app": "dbt", "dbt_version": "1.12.3", "profile_name": "bodega", "target_name": "local", "node_id": "model.bodega.spending_by_day"} */
alter table "gold"."bodega"."spending_by_day__dbt_tmp" rename to "spending_by_day"
[0m17:32:53.247443 [debug] [Thread-2 (]: Using duckdb connection "model.bodega.price_trends"
[0m17:32:53.247658 [debug] [Thread-1 (]: On model.bodega.category_spending: /* {"app": "dbt", "dbt_version": "1.12.3", "profile_name": "bodega", "target_name": "local", "node_id": "model.bodega.category_spending"} */
alter table "gold"."bodega"."category_spending__dbt_tmp" rename to "category_spending"
[0m17:32:53.247850 [debug] [Thread-4 (]: On model.bodega.spending_by_week: /* {"app": "dbt", "dbt_version": "1.12.3", "profile_name": "bodega", "target_name": "local", "node_id": "model.bodega.spending_by_week"} */

    
  
  comment on table "gold"."bodega"."spending_by_week" is $dbt_comment_literal_block$Weekly spend aggregates per supermarket.$dbt_comment_literal_block$;

  
[0m17:32:53.248239 [debug] [Thread-2 (]: On model.bodega.price_trends: /* {"app": "dbt", "dbt_version": "1.12.3", "profile_name": "bodega", "target_name": "local", "node_id": "model.bodega.price_trends"} */

    
  
  comment on table "gold"."bodega"."price_trends" is $dbt_comment_literal_block$Weekly blended price per product (total spent / total quantity: €/kg for weighted products, €/unit otherwise). Only products bought ≥2 times.
$dbt_comment_literal_block$;

  
[0m17:32:53.248779 [debug] [Thread-3 (]: SQL status: OK in 0.001 seconds
[0m17:32:53.249772 [debug] [Thread-3 (]: Using duckdb connection "model.bodega.spending_by_day"
[0m17:32:53.250074 [debug] [Thread-1 (]: SQL status: OK in 0.002 seconds
[0m17:32:53.250295 [debug] [Thread-3 (]: On model.bodega.spending_by_day: /* {"app": "dbt", "dbt_version": "1.12.3", "profile_name": "bodega", "target_name": "local", "node_id": "model.bodega.spending_by_day"} */

    
  
  comment on table "gold"."bodega"."spending_by_day" is $dbt_comment_literal_block$Daily spend aggregates per supermarket.$dbt_comment_literal_block$;

  
[0m17:32:53.250470 [debug] [Thread-4 (]: SQL status: OK in 0.002 seconds
[0m17:32:53.250677 [debug] [Thread-2 (]: SQL status: OK in 0.002 seconds
[0m17:32:53.252014 [debug] [Thread-1 (]: Using duckdb connection "model.bodega.category_spending"
[0m17:32:53.255135 [debug] [Thread-4 (]: Using duckdb connection "model.bodega.spending_by_week"
[0m17:32:53.255437 [debug] [Thread-3 (]: SQL status: OK in 0.003 seconds
[0m17:32:53.256443 [debug] [Thread-2 (]: Using duckdb connection "model.bodega.price_trends"
[0m17:32:53.256644 [debug] [Thread-1 (]: On model.bodega.category_spending: /* {"app": "dbt", "dbt_version": "1.12.3", "profile_name": "bodega", "target_name": "local", "node_id": "model.bodega.category_spending"} */

    
  
  comment on table "gold"."bodega"."category_spending" is $dbt_comment_literal_block$Daily spend by LLM-assigned product category.$dbt_comment_literal_block$;

  
[0m17:32:53.256860 [debug] [Thread-4 (]: On model.bodega.spending_by_week: /* {"app": "dbt", "dbt_version": "1.12.3", "profile_name": "bodega", "target_name": "local", "node_id": "model.bodega.spending_by_week"} */

      select
          column_name,
          column_type as data_type,
          cast(null as bigint) as character_maximum_length,
          cast(null as bigint) as numeric_precision,
          cast(null as bigint) as numeric_scale
      from (describe "gold"."bodega"."spending_by_week")
  
[0m17:32:53.257780 [debug] [Thread-3 (]: Using duckdb connection "model.bodega.spending_by_day"
[0m17:32:53.258014 [debug] [Thread-2 (]: On model.bodega.price_trends: /* {"app": "dbt", "dbt_version": "1.12.3", "profile_name": "bodega", "target_name": "local", "node_id": "model.bodega.price_trends"} */

      select
          column_name,
          column_type as data_type,
          cast(null as bigint) as character_maximum_length,
          cast(null as bigint) as numeric_precision,
          cast(null as bigint) as numeric_scale
      from (describe "gold"."bodega"."price_trends")
  
[0m17:32:53.258411 [debug] [Thread-1 (]: SQL status: OK in 0.000 seconds
[0m17:32:53.258613 [debug] [Thread-3 (]: On model.bodega.spending_by_day: /* {"app": "dbt", "dbt_version": "1.12.3", "profile_name": "bodega", "target_name": "local", "node_id": "model.bodega.spending_by_day"} */

      select
          column_name,
          column_type as data_type,
          cast(null as bigint) as character_maximum_length,
          cast(null as bigint) as numeric_precision,
          cast(null as bigint) as numeric_scale
      from (describe "gold"."bodega"."spending_by_day")
  
[0m17:32:53.258808 [debug] [Thread-4 (]: SQL status: OK in 0.001 seconds
[0m17:32:53.260041 [debug] [Thread-1 (]: Using duckdb connection "model.bodega.category_spending"
[0m17:32:53.260395 [debug] [Thread-2 (]: SQL status: OK in 0.001 seconds
[0m17:32:53.260650 [debug] [Thread-3 (]: SQL status: OK in 0.000 seconds
[0m17:32:53.268153 [debug] [Thread-4 (]: Using duckdb connection "model.bodega.spending_by_week"
[0m17:32:53.268472 [debug] [Thread-1 (]: On model.bodega.category_spending: /* {"app": "dbt", "dbt_version": "1.12.3", "profile_name": "bodega", "target_name": "local", "node_id": "model.bodega.category_spending"} */

      select
          column_name,
          column_type as data_type,
          cast(null as bigint) as character_maximum_length,
          cast(null as bigint) as numeric_precision,
          cast(null as bigint) as numeric_scale
      from (describe "gold"."bodega"."category_spending")
  
[0m17:32:53.269760 [debug] [Thread-3 (]: Using duckdb connection "model.bodega.spending_by_day"
[0m17:32:53.271022 [debug] [Thread-2 (]: Using duckdb connection "model.bodega.price_trends"
[0m17:32:53.271342 [debug] [Thread-4 (]: On model.bodega.spending_by_week: /* {"app": "dbt", "dbt_version": "1.12.3", "profile_name": "bodega", "target_name": "local", "node_id": "model.bodega.spending_by_week"} */

      select
          column_name,
          column_type as data_type,
          cast(null as bigint) as character_maximum_length,
          cast(null as bigint) as numeric_precision,
          cast(null as bigint) as numeric_scale
      from (describe "gold"."bodega"."spending_by_week")
  
[0m17:32:53.271787 [debug] [Thread-3 (]: On model.bodega.spending_by_day: /* {"app": "dbt", "dbt_version": "1.12.3", "profile_name": "bodega", "target_name": "local", "node_id": "model.bodega.spending_by_day"} */

      select
          column_name,
          column_type as data_type,
          cast(null as bigint) as character_maximum_length,
          cast(null as bigint) as numeric_precision,
          cast(null as bigint) as numeric_scale
      from (describe "gold"."bodega"."spending_by_day")
  
[0m17:32:53.272136 [debug] [Thread-2 (]: On model.bodega.price_trends: /* {"app": "dbt", "dbt_version": "1.12.3", "profile_name": "bodega", "target_name": "local", "node_id": "model.bodega.price_trends"} */

      select
          column_name,
          column_type as data_type,
          cast(null as bigint) as character_maximum_length,
          cast(null as bigint) as numeric_precision,
          cast(null as bigint) as numeric_scale
      from (describe "gold"."bodega"."price_trends")
  
[0m17:32:53.272507 [debug] [Thread-1 (]: SQL status: OK in 0.001 seconds
[0m17:32:53.272934 [debug] [Thread-4 (]: SQL status: OK in 0.000 seconds
[0m17:32:53.273247 [debug] [Thread-2 (]: SQL status: OK in 0.000 seconds
[0m17:32:53.273568 [debug] [Thread-3 (]: SQL status: OK in 0.001 seconds
[0m17:32:53.274971 [debug] [Thread-1 (]: Using duckdb connection "model.bodega.category_spending"
[0m17:32:53.275863 [debug] [Thread-4 (]: Using duckdb connection "model.bodega.spending_by_week"
[0m17:32:53.276689 [debug] [Thread-2 (]: Using duckdb connection "model.bodega.price_trends"
[0m17:32:53.277427 [debug] [Thread-3 (]: Using duckdb connection "model.bodega.spending_by_day"
[0m17:32:53.277636 [debug] [Thread-1 (]: On model.bodega.category_spending: /* {"app": "dbt", "dbt_version": "1.12.3", "profile_name": "bodega", "target_name": "local", "node_id": "model.bodega.category_spending"} */

      select
          column_name,
          column_type as data_type,
          cast(null as bigint) as character_maximum_length,
          cast(null as bigint) as numeric_precision,
          cast(null as bigint) as numeric_scale
      from (describe "gold"."bodega"."category_spending")
  
[0m17:32:53.277895 [debug] [Thread-4 (]: On model.bodega.spending_by_week: /* {"app": "dbt", "dbt_version": "1.12.3", "profile_name": "bodega", "target_name": "local", "node_id": "model.bodega.spending_by_week"} */

    
  
  
    
    
    comment on column "gold"."bodega"."spending_by_week".week_start is $dbt_comment_literal_block$Monday of the ISO week this row aggregates, from date_trunc('week', invoice_date).$dbt_comment_literal_block$;
  

  
[0m17:32:53.278082 [debug] [Thread-2 (]: On model.bodega.price_trends: /* {"app": "dbt", "dbt_version": "1.12.3", "profile_name": "bodega", "target_name": "local", "node_id": "model.bodega.price_trends"} */

    
  
  
    
    
    comment on column "gold"."bodega"."price_trends".description_clean is $dbt_comment_literal_block$Product key, trimmed and uppercased. Joins to invoice_items.description_clean.$dbt_comment_literal_block$;
  

  
[0m17:32:53.278308 [debug] [Thread-3 (]: On model.bodega.spending_by_day: /* {"app": "dbt", "dbt_version": "1.12.3", "profile_name": "bodega", "target_name": "local", "node_id": "model.bodega.spending_by_day"} */

    
  
  
    
    
    comment on column "gold"."bodega"."spending_by_day".invoice_date is $dbt_comment_literal_block$Day this row aggregates. The grain of the table.$dbt_comment_literal_block$;
  

  
[0m17:32:53.278888 [debug] [Thread-4 (]: SQL status: OK in 0.000 seconds
[0m17:32:53.279692 [debug] [Thread-4 (]: On model.bodega.spending_by_week: COMMIT
[0m17:32:53.279958 [debug] [Thread-1 (]: SQL status: OK in 0.001 seconds
[0m17:32:53.280243 [debug] [Thread-4 (]: Using duckdb connection "model.bodega.spending_by_week"
[0m17:32:53.280412 [debug] [Thread-3 (]: SQL status: OK in 0.002 seconds
[0m17:32:53.280578 [debug] [Thread-2 (]: SQL status: OK in 0.002 seconds
[0m17:32:53.281633 [debug] [Thread-1 (]: Using duckdb connection "model.bodega.category_spending"
[0m17:32:53.281874 [debug] [Thread-4 (]: On model.bodega.spending_by_week: COMMIT
[0m17:32:53.282437 [debug] [Thread-3 (]: On model.bodega.spending_by_day: COMMIT
[0m17:32:53.282957 [debug] [Thread-2 (]: On model.bodega.price_trends: COMMIT
[0m17:32:53.283201 [debug] [Thread-1 (]: On model.bodega.category_spending: /* {"app": "dbt", "dbt_version": "1.12.3", "profile_name": "bodega", "target_name": "local", "node_id": "model.bodega.category_spending"} */

    
  
  
    
    
    comment on column "gold"."bodega"."category_spending".invoice_date is $dbt_comment_literal_block$Day this row aggregates. The finest grain of the table.$dbt_comment_literal_block$;
  
    
    
    comment on column "gold"."bodega"."category_spending".week_start is $dbt_comment_literal_block$Monday of the ISO week containing invoice_date, from date_trunc('week', ...).$dbt_comment_literal_block$;
  
    
    
    comment on column "gold"."bodega"."category_spending".month_start is $dbt_comment_literal_block$First day of the month containing invoice_date, from date_trunc('month', ...).$dbt_comment_literal_block$;
  
    
    
    comment on column "gold"."bodega"."category_spending".category is $dbt_comment_literal_block$LLM-assigned category, or the literal OTHER for a line whose product has no categorisation. Uncategorised spend lands here rather than being dropped.
$dbt_comment_literal_block$;
  
    
    
    comment on column "gold"."bodega"."category_spending".subcategory is $dbt_comment_literal_block$LLM-assigned subcategory. PARSE_ERROR when the LLM output failed to parse.$dbt_comment_literal_block$;
  
    
    
    comment on column "gold"."bodega"."category_spending".supermarket is $dbt_comment_literal_block$Retail brand this row aggregates.$dbt_comment_literal_block$;
  
    
    
    comment on column "gold"."bodega"."category_spending".invoice_count is $dbt_comment_literal_block$Distinct invoices contributing to this row.$dbt_comment_literal_block$;
  
    
    
    comment on column "gold"."bodega"."category_spending".item_count is $dbt_comment_literal_block$Line items contributing to this row.$dbt_comment_literal_block$;
  
    
    
    comment on column "gold"."bodega"."category_spending".total_spent is $dbt_comment_literal_block$Line-item spend, already aggregated to this row's grain. Summing it again is correct; averaging it is not.
$dbt_comment_literal_block$;
  

  
[0m17:32:53.283495 [debug] [Thread-3 (]: Using duckdb connection "model.bodega.spending_by_day"
[0m17:32:53.283717 [debug] [Thread-2 (]: Using duckdb connection "model.bodega.price_trends"
[0m17:32:53.283919 [debug] [Thread-4 (]: SQL status: OK in 0.000 seconds
[0m17:32:53.284160 [debug] [Thread-3 (]: On model.bodega.spending_by_day: COMMIT
[0m17:32:53.284342 [debug] [Thread-2 (]: On model.bodega.price_trends: COMMIT
[0m17:32:53.286705 [debug] [Thread-4 (]: Using duckdb connection "model.bodega.spending_by_week"
[0m17:32:53.287103 [debug] [Thread-4 (]: On model.bodega.spending_by_week: /* {"app": "dbt", "dbt_version": "1.12.3", "profile_name": "bodega", "target_name": "local", "node_id": "model.bodega.spending_by_week"} */

      drop table if exists "gold"."bodega"."spending_by_week__dbt_backup" cascade
    
[0m17:32:53.287386 [debug] [Thread-2 (]: SQL status: OK in 0.000 seconds
[0m17:32:53.287616 [debug] [Thread-3 (]: SQL status: OK in 0.001 seconds
[0m17:32:53.289202 [debug] [Thread-2 (]: Using duckdb connection "model.bodega.price_trends"
[0m17:32:53.289487 [debug] [Thread-4 (]: SQL status: OK in 0.002 seconds
[0m17:32:53.290294 [debug] [Thread-3 (]: Using duckdb connection "model.bodega.spending_by_day"
[0m17:32:53.290598 [debug] [Thread-2 (]: On model.bodega.price_trends: /* {"app": "dbt", "dbt_version": "1.12.3", "profile_name": "bodega", "target_name": "local", "node_id": "model.bodega.price_trends"} */

      drop table if exists "gold"."bodega"."price_trends__dbt_backup" cascade
    
[0m17:32:53.290851 [debug] [Thread-1 (]: SQL status: OK in 0.007 seconds
[0m17:32:53.292405 [debug] [Thread-4 (]: On model.bodega.spending_by_week: Close
[0m17:32:53.292681 [debug] [Thread-3 (]: On model.bodega.spending_by_day: /* {"app": "dbt", "dbt_version": "1.12.3", "profile_name": "bodega", "target_name": "local", "node_id": "model.bodega.spending_by_day"} */

      drop table if exists "gold"."bodega"."spending_by_day__dbt_backup" cascade
    
[0m17:32:53.293459 [debug] [Thread-1 (]: On model.bodega.category_spending: COMMIT
[0m17:32:53.294115 [debug] [Thread-2 (]: SQL status: OK in 0.001 seconds
[0m17:32:53.294633 [debug] [Thread-3 (]: SQL status: OK in 0.001 seconds
[0m17:32:53.294865 [debug] [Thread-1 (]: Using duckdb connection "model.bodega.category_spending"
[0m17:32:53.295712 [debug] [Thread-2 (]: On model.bodega.price_trends: Close
[0m17:32:53.296389 [debug] [Thread-3 (]: On model.bodega.spending_by_day: Close
[0m17:32:53.296614 [debug] [Thread-1 (]: On model.bodega.category_spending: COMMIT
[0m17:32:53.296992 [debug] [Thread-4 (]: Sending event: {'category': 'dbt', 'action': 'run_model', 'label': '04a36993-97d9-4bb9-a47b-adfda7647df8', 'context': [<snowplow_tracker.self_describing_json.SelfDescribingJson object at 0x10c936ea0>]}
[0m17:32:53.297187 [debug] [Thread-2 (]: Sending event: {'category': 'dbt', 'action': 'run_model', 'label': '04a36993-97d9-4bb9-a47b-adfda7647df8', 'context': [<snowplow_tracker.self_describing_json.SelfDescribingJson object at 0x10c72e2d0>]}
[0m17:32:53.297403 [debug] [Thread-3 (]: Sending event: {'category': 'dbt', 'action': 'run_model', 'label': '04a36993-97d9-4bb9-a47b-adfda7647df8', 'context': [<snowplow_tracker.self_describing_json.SelfDescribingJson object at 0x10c72cf50>]}
[0m17:32:53.297823 [info ] [Thread-4 (]: 4 of 12 OK created sql table model gold.bodega.spending_by_week ................ [[32mOK[0m in 0.12s]
[0m17:32:53.298389 [debug] [Thread-1 (]: SQL status: OK in 0.001 seconds
[0m17:32:53.298188 [info ] [Thread-2 (]: 2 of 12 OK created sql table model gold.bodega.price_trends .................... [[32mOK[0m in 0.12s]
[0m17:32:53.298707 [info ] [Thread-3 (]: 3 of 12 OK created sql table model gold.bodega.spending_by_day ................. [[32mOK[0m in 0.12s]
[0m17:32:53.299028 [debug] [Thread-4 (]: Finished running node model.bodega.spending_by_week
[0m17:32:53.299903 [debug] [Thread-1 (]: Using duckdb connection "model.bodega.category_spending"
[0m17:32:53.300225 [debug] [Thread-2 (]: Finished running node model.bodega.price_trends
[0m17:32:53.300545 [debug] [Thread-3 (]: Finished running node model.bodega.spending_by_day
[0m17:32:53.300789 [debug] [Thread-4 (]: Began running node model.bodega.tax_summary
[0m17:32:53.301044 [debug] [Thread-1 (]: On model.bodega.category_spending: /* {"app": "dbt", "dbt_version": "1.12.3", "profile_name": "bodega", "target_name": "local", "node_id": "model.bodega.category_spending"} */

      drop table if exists "gold"."bodega"."category_spending__dbt_backup" cascade
    
[0m17:32:53.301344 [debug] [Thread-2 (]: Began running node model.bodega.top_products
[0m17:32:53.301573 [debug] [Thread-3 (]: Began running node test.bodega.not_null_spending_by_week_week_start.7ecb24cdbf
[0m17:32:53.301834 [info ] [Thread-4 (]: 5 of 12 START sql table model gold.bodega.tax_summary .......................... [RUN]
[0m17:32:53.302201 [info ] [Thread-2 (]: 6 of 12 START sql table model gold.bodega.top_products ......................... [RUN]
[0m17:32:53.302579 [debug] [Thread-1 (]: SQL status: OK in 0.000 seconds
[0m17:32:53.302419 [info ] [Thread-3 (]: 7 of 12 START test not_null_spending_by_week_week_start ........................ [RUN]
[0m17:32:53.302904 [debug] [Thread-4 (]: Re-using an available connection from the pool (formerly model.bodega.spending_by_week, now model.bodega.tax_summary)
[0m17:32:53.303136 [debug] [Thread-2 (]: Re-using an available connection from the pool (formerly model.bodega.price_trends, now model.bodega.top_products)
[0m17:32:53.304049 [debug] [Thread-1 (]: On model.bodega.category_spending: Close
[0m17:32:53.304316 [debug] [Thread-3 (]: Re-using an available connection from the pool (formerly model.bodega.spending_by_day, now test.bodega.not_null_spending_by_week_week_start.7ecb24cdbf)
[0m17:32:53.304525 [debug] [Thread-4 (]: Began compiling node model.bodega.tax_summary
[0m17:32:53.304709 [debug] [Thread-2 (]: Began compiling node model.bodega.top_products
[0m17:32:53.304924 [debug] [Thread-3 (]: Began compiling node test.bodega.not_null_spending_by_week_week_start.7ecb24cdbf
[0m17:32:53.305185 [debug] [Thread-1 (]: Sending event: {'category': 'dbt', 'action': 'run_model', 'label': '04a36993-97d9-4bb9-a47b-adfda7647df8', 'context': [<snowplow_tracker.self_describing_json.SelfDescribingJson object at 0x10cbaa8f0>]}
[0m17:32:53.306288 [debug] [Thread-4 (]: Writing injected SQL for node "model.bodega.tax_summary"
[0m17:32:53.307371 [debug] [Thread-2 (]: Writing injected SQL for node "model.bodega.top_products"
[0m17:32:53.316436 [debug] [Thread-3 (]: Writing injected SQL for node "test.bodega.not_null_spending_by_week_week_start.7ecb24cdbf"
[0m17:32:53.316936 [info ] [Thread-1 (]: 1 of 12 OK created sql table model gold.bodega.category_spending ............... [[32mOK[0m in 0.13s]
[0m17:32:53.317509 [debug] [Thread-1 (]: Finished running node model.bodega.category_spending
[0m17:32:53.317771 [debug] [Thread-1 (]: Began running node test.bodega.not_null_price_trends_description_clean.61eebb4b94
[0m17:32:53.318039 [info ] [Thread-1 (]: 8 of 12 START test not_null_price_trends_description_clean ..................... [RUN]
[0m17:32:53.318443 [debug] [Thread-1 (]: Re-using an available connection from the pool (formerly model.bodega.category_spending, now test.bodega.not_null_price_trends_description_clean.61eebb4b94)
[0m17:32:53.318702 [debug] [Thread-1 (]: Began compiling node test.bodega.not_null_price_trends_description_clean.61eebb4b94
[0m17:32:53.321969 [debug] [Thread-1 (]: Writing injected SQL for node "test.bodega.not_null_price_trends_description_clean.61eebb4b94"
[0m17:32:53.322423 [debug] [Thread-4 (]: Began executing node model.bodega.tax_summary
[0m17:32:53.322654 [debug] [Thread-3 (]: Began executing node test.bodega.not_null_spending_by_week_week_start.7ecb24cdbf
[0m17:32:53.322848 [debug] [Thread-2 (]: Began executing node model.bodega.top_products
[0m17:32:53.324152 [debug] [Thread-4 (]: Writing runtime sql for node "model.bodega.tax_summary"
[0m17:32:53.330181 [debug] [Thread-1 (]: Began executing node test.bodega.not_null_price_trends_description_clean.61eebb4b94
[0m17:32:53.333463 [debug] [Thread-3 (]: Writing runtime sql for node "test.bodega.not_null_spending_by_week_week_start.7ecb24cdbf"
[0m17:32:53.335140 [debug] [Thread-2 (]: Writing runtime sql for node "model.bodega.top_products"
[0m17:32:53.335953 [debug] [Thread-1 (]: Writing runtime sql for node "test.bodega.not_null_price_trends_description_clean.61eebb4b94"
[0m17:32:53.336574 [debug] [Thread-2 (]: Using duckdb connection "model.bodega.top_products"
[0m17:32:53.336912 [debug] [Thread-4 (]: Using duckdb connection "model.bodega.tax_summary"
[0m17:32:53.337130 [debug] [Thread-2 (]: On model.bodega.top_products: BEGIN
[0m17:32:53.337490 [debug] [Thread-4 (]: On model.bodega.tax_summary: BEGIN
[0m17:32:53.337789 [debug] [Thread-1 (]: Using duckdb connection "test.bodega.not_null_price_trends_description_clean.61eebb4b94"
[0m17:32:53.338003 [debug] [Thread-3 (]: Using duckdb connection "test.bodega.not_null_spending_by_week_week_start.7ecb24cdbf"
[0m17:32:53.338909 [debug] [Thread-3 (]: On test.bodega.not_null_spending_by_week_week_start.7ecb24cdbf: BEGIN
[0m17:32:53.339391 [debug] [Thread-3 (]: Opening a new connection, currently in state closed
[0m17:32:53.339803 [debug] [Thread-3 (]: SQL status: OK in 0.000 seconds
[0m17:32:53.339985 [debug] [Thread-3 (]: Using duckdb connection "test.bodega.not_null_spending_by_week_week_start.7ecb24cdbf"
[0m17:32:53.340168 [debug] [Thread-3 (]: On test.bodega.not_null_spending_by_week_week_start.7ecb24cdbf: /* {"app": "dbt", "dbt_version": "1.12.3", "profile_name": "bodega", "target_name": "local", "node_id": "test.bodega.not_null_spending_by_week_week_start.7ecb24cdbf"} */

    
    select
      count(*) as failures,
      count(*) != 0 as should_warn,
      count(*) != 0 as should_error
    from (
      
    
  
    
    



select week_start
from "gold"."bodega"."spending_by_week"
where week_start is null



  
  
      
    ) dbt_internal_test
[0m17:32:53.338192 [debug] [Thread-2 (]: Opening a new connection, currently in state closed
[0m17:32:53.340860 [debug] [Thread-2 (]: SQL status: OK in 0.003 seconds
[0m17:32:53.341107 [debug] [Thread-2 (]: Using duckdb connection "model.bodega.top_products"
[0m17:32:53.338405 [debug] [Thread-4 (]: Opening a new connection, currently in state closed
[0m17:32:53.341328 [debug] [Thread-2 (]: On model.bodega.top_products: /* {"app": "dbt", "dbt_version": "1.12.3", "profile_name": "bodega", "target_name": "local", "node_id": "model.bodega.top_products"} */

    

    create  table
      "gold"."bodega"."top_products__dbt_tmp"
  
    
    as (
      SELECT
    i.description_clean,
    p.category,
    p.subcategory,
    p.is_weighted,
    i.supermarket,
    COUNT(DISTINCT i.invoice_number)   AS purchase_count,
    SUM(i.quantity)                    AS total_quantity,
    SUM(i.total_amount)                AS total_spent,
    AVG(i.unit_price)                  AS avg_unit_price,
    MIN(i.unit_price)                  AS min_unit_price,
    MAX(i.unit_price)                  AS max_unit_price,
    MAX(i.invoice_date)                AS last_purchased_date
FROM "silver"."bodega"."invoice_items" i
LEFT JOIN (
    -- products is merge-by-key in dlt but the Iceberg filesystem destination
    -- falls back to append, so dedupe to the latest categorisation per key
    SELECT
        description_clean,
        supermarket,
        max_by(category, categorized_at)    AS category,
        max_by(subcategory, categorized_at) AS subcategory,
        max_by(is_weighted, categorized_at) AS is_weighted
    FROM "silver"."bodega"."products"
    GROUP BY description_clean, supermarket
) p
    ON  i.description_clean = p.description_clean
    AND i.supermarket        = p.supermarket
GROUP BY i.description_clean, p.category, p.subcategory, p.is_weighted, i.supermarket
    );
    
  
[0m17:32:53.338657 [debug] [Thread-1 (]: On test.bodega.not_null_price_trends_description_clean.61eebb4b94: BEGIN
[0m17:32:53.343065 [debug] [Thread-3 (]: SQL status: OK in 0.003 seconds
[0m17:32:53.344113 [debug] [Thread-4 (]: SQL status: OK in 0.006 seconds
[0m17:32:53.344419 [debug] [Thread-1 (]: Opening a new connection, currently in state closed
[0m17:32:53.345367 [debug] [Thread-4 (]: Using duckdb connection "model.bodega.tax_summary"
[0m17:32:53.347418 [debug] [Thread-4 (]: On model.bodega.tax_summary: /* {"app": "dbt", "dbt_version": "1.12.3", "profile_name": "bodega", "target_name": "local", "node_id": "model.bodega.tax_summary"} */

    

    create  table
      "gold"."bodega"."tax_summary__dbt_tmp"
  
    
    as (
      SELECT
    date_trunc('month', invoice_date)  AS month_start,
    tax_rate,
    supermarket,
    SUM(base_amount)                   AS base_amount,
    SUM(tax_amount)                    AS tax_amount
FROM "silver"."bodega"."invoice_taxes"
GROUP BY date_trunc('month', invoice_date), tax_rate, supermarket
    );
    
  
[0m17:32:53.347683 [debug] [Thread-2 (]: SQL status: OK in 0.005 seconds
[0m17:32:53.348448 [debug] [Thread-3 (]: On test.bodega.not_null_spending_by_week_week_start.7ecb24cdbf: ROLLBACK
[0m17:32:53.349186 [debug] [Thread-1 (]: SQL status: OK in 0.004 seconds
[0m17:32:53.351031 [debug] [Thread-2 (]: Using duckdb connection "model.bodega.top_products"
[0m17:32:53.351289 [debug] [Thread-4 (]: SQL status: OK in 0.003 seconds
[0m17:32:53.351586 [debug] [Thread-1 (]: Using duckdb connection "test.bodega.not_null_price_trends_description_clean.61eebb4b94"
[0m17:32:53.351804 [debug] [Thread-2 (]: On model.bodega.top_products: /* {"app": "dbt", "dbt_version": "1.12.3", "profile_name": "bodega", "target_name": "local", "node_id": "model.bodega.top_products"} */
alter table "gold"."bodega"."top_products__dbt_tmp" rename to "top_products"
[0m17:32:53.352884 [debug] [Thread-4 (]: Using duckdb connection "model.bodega.tax_summary"
[0m17:32:53.353092 [debug] [Thread-1 (]: On test.bodega.not_null_price_trends_description_clean.61eebb4b94: /* {"app": "dbt", "dbt_version": "1.12.3", "profile_name": "bodega", "target_name": "local", "node_id": "test.bodega.not_null_price_trends_description_clean.61eebb4b94"} */

    
    select
      count(*) as failures,
      count(*) != 0 as should_warn,
      count(*) != 0 as should_error
    from (
      
    
  
    
    



select description_clean
from "gold"."bodega"."price_trends"
where description_clean is null



  
  
      
    ) dbt_internal_test
[0m17:32:53.353304 [debug] [Thread-3 (]: On test.bodega.not_null_spending_by_week_week_start.7ecb24cdbf: Close
[0m17:32:53.353618 [debug] [Thread-4 (]: On model.bodega.tax_summary: /* {"app": "dbt", "dbt_version": "1.12.3", "profile_name": "bodega", "target_name": "local", "node_id": "model.bodega.tax_summary"} */
alter table "gold"."bodega"."tax_summary__dbt_tmp" rename to "tax_summary"
[0m17:32:53.354452 [info ] [Thread-3 (]: 7 of 12 PASS not_null_spending_by_week_week_start .............................. [[32mPASS[0m in 0.05s]
[0m17:32:53.354856 [debug] [Thread-1 (]: SQL status: OK in 0.001 seconds
[0m17:32:53.355034 [debug] [Thread-2 (]: SQL status: OK in 0.002 seconds
[0m17:32:53.355277 [debug] [Thread-3 (]: Finished running node test.bodega.not_null_spending_by_week_week_start.7ecb24cdbf
[0m17:32:53.355505 [debug] [Thread-4 (]: SQL status: OK in 0.001 seconds
[0m17:32:53.356491 [debug] [Thread-1 (]: On test.bodega.not_null_price_trends_description_clean.61eebb4b94: ROLLBACK
[0m17:32:53.357632 [debug] [Thread-2 (]: Using duckdb connection "model.bodega.top_products"
[0m17:32:53.357902 [debug] [Thread-3 (]: Began running node test.bodega.not_null_spending_by_day_invoice_date.2509f75e93
[0m17:32:53.359023 [debug] [Thread-4 (]: Using duckdb connection "model.bodega.tax_summary"
[0m17:32:53.359607 [debug] [Thread-2 (]: On model.bodega.top_products: /* {"app": "dbt", "dbt_version": "1.12.3", "profile_name": "bodega", "target_name": "local", "node_id": "model.bodega.top_products"} */

    
  
  comment on table "gold"."bodega"."top_products" is $dbt_comment_literal_block$All-time product rankings by spend and frequency.$dbt_comment_literal_block$;

  
[0m17:32:53.360021 [info ] [Thread-3 (]: 9 of 12 START test not_null_spending_by_day_invoice_date ....................... [RUN]
[0m17:32:53.360255 [debug] [Thread-1 (]: On test.bodega.not_null_price_trends_description_clean.61eebb4b94: Close
[0m17:32:53.360497 [debug] [Thread-4 (]: On model.bodega.tax_summary: /* {"app": "dbt", "dbt_version": "1.12.3", "profile_name": "bodega", "target_name": "local", "node_id": "model.bodega.tax_summary"} */

    
  
  comment on table "gold"."bodega"."tax_summary" is $dbt_comment_literal_block$Monthly tax base and amount per VAT rate.$dbt_comment_literal_block$;

  
[0m17:32:53.360997 [debug] [Thread-3 (]: Re-using an available connection from the pool (formerly test.bodega.not_null_spending_by_week_week_start.7ecb24cdbf, now test.bodega.not_null_spending_by_day_invoice_date.2509f75e93)
[0m17:32:53.361411 [debug] [Thread-2 (]: SQL status: OK in 0.001 seconds
[0m17:32:53.361870 [info ] [Thread-1 (]: 8 of 12 PASS not_null_price_trends_description_clean ........................... [[32mPASS[0m in 0.04s]
[0m17:32:53.362942 [debug] [Thread-3 (]: Began compiling node test.bodega.not_null_spending_by_day_invoice_date.2509f75e93
[0m17:32:53.363639 [debug] [Thread-4 (]: SQL status: OK in 0.001 seconds
[0m17:32:53.365954 [debug] [Thread-2 (]: Using duckdb connection "model.bodega.top_products"
[0m17:32:53.366278 [debug] [Thread-1 (]: Finished running node test.bodega.not_null_price_trends_description_clean.61eebb4b94
[0m17:32:53.369364 [debug] [Thread-3 (]: Writing injected SQL for node "test.bodega.not_null_spending_by_day_invoice_date.2509f75e93"
[0m17:32:53.370335 [debug] [Thread-4 (]: Using duckdb connection "model.bodega.tax_summary"
[0m17:32:53.370541 [debug] [Thread-2 (]: On model.bodega.top_products: /* {"app": "dbt", "dbt_version": "1.12.3", "profile_name": "bodega", "target_name": "local", "node_id": "model.bodega.top_products"} */

      select
          column_name,
          column_type as data_type,
          cast(null as bigint) as character_maximum_length,
          cast(null as bigint) as numeric_precision,
          cast(null as bigint) as numeric_scale
      from (describe "gold"."bodega"."top_products")
  
[0m17:32:53.370768 [debug] [Thread-1 (]: Began running node test.bodega.not_null_category_spending_invoice_date.bb466ccf3a
[0m17:32:53.371099 [debug] [Thread-4 (]: On model.bodega.tax_summary: /* {"app": "dbt", "dbt_version": "1.12.3", "profile_name": "bodega", "target_name": "local", "node_id": "model.bodega.tax_summary"} */

      select
          column_name,
          column_type as data_type,
          cast(null as bigint) as character_maximum_length,
          cast(null as bigint) as numeric_precision,
          cast(null as bigint) as numeric_scale
      from (describe "gold"."bodega"."tax_summary")
  
[0m17:32:53.371508 [info ] [Thread-1 (]: 10 of 12 START test not_null_category_spending_invoice_date .................... [RUN]
[0m17:32:53.371881 [debug] [Thread-1 (]: Re-using an available connection from the pool (formerly test.bodega.not_null_price_trends_description_clean.61eebb4b94, now test.bodega.not_null_category_spending_invoice_date.bb466ccf3a)
[0m17:32:53.372158 [debug] [Thread-1 (]: Began compiling node test.bodega.not_null_category_spending_invoice_date.bb466ccf3a
[0m17:32:53.375331 [debug] [Thread-1 (]: Writing injected SQL for node "test.bodega.not_null_category_spending_invoice_date.bb466ccf3a"
[0m17:32:53.375622 [debug] [Thread-4 (]: SQL status: OK in 0.004 seconds
[0m17:32:53.375882 [debug] [Thread-2 (]: SQL status: OK in 0.005 seconds
[0m17:32:53.377123 [debug] [Thread-2 (]: Using duckdb connection "model.bodega.top_products"
[0m17:32:53.377404 [debug] [Thread-2 (]: On model.bodega.top_products: /* {"app": "dbt", "dbt_version": "1.12.3", "profile_name": "bodega", "target_name": "local", "node_id": "model.bodega.top_products"} */

      select
          column_name,
          column_type as data_type,
          cast(null as bigint) as character_maximum_length,
          cast(null as bigint) as numeric_precision,
          cast(null as bigint) as numeric_scale
      from (describe "gold"."bodega"."top_products")
  
[0m17:32:53.378742 [debug] [Thread-4 (]: Using duckdb connection "model.bodega.tax_summary"
[0m17:32:53.379374 [debug] [Thread-4 (]: On model.bodega.tax_summary: /* {"app": "dbt", "dbt_version": "1.12.3", "profile_name": "bodega", "target_name": "local", "node_id": "model.bodega.tax_summary"} */

      select
          column_name,
          column_type as data_type,
          cast(null as bigint) as character_maximum_length,
          cast(null as bigint) as numeric_precision,
          cast(null as bigint) as numeric_scale
      from (describe "gold"."bodega"."tax_summary")
  
[0m17:32:53.379751 [debug] [Thread-1 (]: Began executing node test.bodega.not_null_category_spending_invoice_date.bb466ccf3a
[0m17:32:53.380011 [debug] [Thread-3 (]: Began executing node test.bodega.not_null_spending_by_day_invoice_date.2509f75e93
[0m17:32:53.380341 [debug] [Thread-2 (]: SQL status: OK in 0.001 seconds
[0m17:32:53.380651 [debug] [Thread-4 (]: SQL status: OK in 0.000 seconds
[0m17:32:53.382056 [debug] [Thread-1 (]: Writing runtime sql for node "test.bodega.not_null_category_spending_invoice_date.bb466ccf3a"
[0m17:32:53.382763 [debug] [Thread-3 (]: Writing runtime sql for node "test.bodega.not_null_spending_by_day_invoice_date.2509f75e93"
[0m17:32:53.383851 [debug] [Thread-2 (]: Using duckdb connection "model.bodega.top_products"
[0m17:32:53.384760 [debug] [Thread-4 (]: Using duckdb connection "model.bodega.tax_summary"
[0m17:32:53.385091 [debug] [Thread-2 (]: On model.bodega.top_products: /* {"app": "dbt", "dbt_version": "1.12.3", "profile_name": "bodega", "target_name": "local", "node_id": "model.bodega.top_products"} */

    
  
  
    
    
    comment on column "gold"."bodega"."top_products".description_clean is $dbt_comment_literal_block$Product key, trimmed and uppercased. Joins to invoice_items.description_clean.$dbt_comment_literal_block$;
  

  
[0m17:32:53.385313 [debug] [Thread-4 (]: On model.bodega.tax_summary: /* {"app": "dbt", "dbt_version": "1.12.3", "profile_name": "bodega", "target_name": "local", "node_id": "model.bodega.tax_summary"} */

    
  
  
    
    
    comment on column "gold"."bodega"."tax_summary".month_start is $dbt_comment_literal_block$First day of the month this row aggregates, from date_trunc('month', invoice_date).$dbt_comment_literal_block$;
  

  
[0m17:32:53.385794 [debug] [Thread-2 (]: SQL status: OK in 0.000 seconds
[0m17:32:53.386007 [debug] [Thread-3 (]: Using duckdb connection "test.bodega.not_null_spending_by_day_invoice_date.2509f75e93"
[0m17:32:53.386215 [debug] [Thread-1 (]: Using duckdb connection "test.bodega.not_null_category_spending_invoice_date.bb466ccf3a"
[0m17:32:53.386409 [debug] [Thread-4 (]: SQL status: OK in 0.001 seconds
[0m17:32:53.386988 [debug] [Thread-2 (]: On model.bodega.top_products: COMMIT
[0m17:32:53.387198 [debug] [Thread-3 (]: On test.bodega.not_null_spending_by_day_invoice_date.2509f75e93: BEGIN
[0m17:32:53.387450 [debug] [Thread-1 (]: On test.bodega.not_null_category_spending_invoice_date.bb466ccf3a: BEGIN
[0m17:32:53.388095 [debug] [Thread-4 (]: On model.bodega.tax_summary: COMMIT
[0m17:32:53.388325 [debug] [Thread-2 (]: Using duckdb connection "model.bodega.top_products"
[0m17:32:53.388530 [debug] [Thread-3 (]: Opening a new connection, currently in state closed
[0m17:32:53.388725 [debug] [Thread-1 (]: Opening a new connection, currently in state closed
[0m17:32:53.388916 [debug] [Thread-4 (]: Using duckdb connection "model.bodega.tax_summary"
[0m17:32:53.389111 [debug] [Thread-2 (]: On model.bodega.top_products: COMMIT
[0m17:32:53.389442 [debug] [Thread-4 (]: On model.bodega.tax_summary: COMMIT
[0m17:32:53.389658 [debug] [Thread-3 (]: SQL status: OK in 0.001 seconds
[0m17:32:53.389828 [debug] [Thread-1 (]: SQL status: OK in 0.001 seconds
[0m17:32:53.390039 [debug] [Thread-2 (]: SQL status: OK in 0.000 seconds
[0m17:32:53.390222 [debug] [Thread-3 (]: Using duckdb connection "test.bodega.not_null_spending_by_day_invoice_date.2509f75e93"
[0m17:32:53.390398 [debug] [Thread-1 (]: Using duckdb connection "test.bodega.not_null_category_spending_invoice_date.bb466ccf3a"
[0m17:32:53.390561 [debug] [Thread-4 (]: SQL status: OK in 0.001 seconds
[0m17:32:53.391344 [debug] [Thread-2 (]: Using duckdb connection "model.bodega.top_products"
[0m17:32:53.391536 [debug] [Thread-3 (]: On test.bodega.not_null_spending_by_day_invoice_date.2509f75e93: /* {"app": "dbt", "dbt_version": "1.12.3", "profile_name": "bodega", "target_name": "local", "node_id": "test.bodega.not_null_spending_by_day_invoice_date.2509f75e93"} */

    
    select
      count(*) as failures,
      count(*) != 0 as should_warn,
      count(*) != 0 as should_error
    from (
      
    
  
    
    



select invoice_date
from "gold"."bodega"."spending_by_day"
where invoice_date is null



  
  
      
    ) dbt_internal_test
[0m17:32:53.391742 [debug] [Thread-1 (]: On test.bodega.not_null_category_spending_invoice_date.bb466ccf3a: /* {"app": "dbt", "dbt_version": "1.12.3", "profile_name": "bodega", "target_name": "local", "node_id": "test.bodega.not_null_category_spending_invoice_date.bb466ccf3a"} */

    
    select
      count(*) as failures,
      count(*) != 0 as should_warn,
      count(*) != 0 as should_error
    from (
      
    
  
    
    



select invoice_date
from "gold"."bodega"."category_spending"
where invoice_date is null



  
  
      
    ) dbt_internal_test
[0m17:32:53.392369 [debug] [Thread-4 (]: Using duckdb connection "model.bodega.tax_summary"
[0m17:32:53.392548 [debug] [Thread-2 (]: On model.bodega.top_products: /* {"app": "dbt", "dbt_version": "1.12.3", "profile_name": "bodega", "target_name": "local", "node_id": "model.bodega.top_products"} */

      drop table if exists "gold"."bodega"."top_products__dbt_backup" cascade
    
[0m17:32:53.392889 [debug] [Thread-4 (]: On model.bodega.tax_summary: /* {"app": "dbt", "dbt_version": "1.12.3", "profile_name": "bodega", "target_name": "local", "node_id": "model.bodega.tax_summary"} */

      drop table if exists "gold"."bodega"."tax_summary__dbt_backup" cascade
    
[0m17:32:53.393160 [debug] [Thread-3 (]: SQL status: OK in 0.000 seconds
[0m17:32:53.393369 [debug] [Thread-1 (]: SQL status: OK in 0.001 seconds
[0m17:32:53.393577 [debug] [Thread-2 (]: SQL status: OK in 0.000 seconds
[0m17:32:53.393783 [debug] [Thread-4 (]: SQL status: OK in 0.000 seconds
[0m17:32:53.394531 [debug] [Thread-3 (]: On test.bodega.not_null_spending_by_day_invoice_date.2509f75e93: ROLLBACK
[0m17:32:53.395177 [debug] [Thread-1 (]: On test.bodega.not_null_category_spending_invoice_date.bb466ccf3a: ROLLBACK
[0m17:32:53.395849 [debug] [Thread-2 (]: On model.bodega.top_products: Close
[0m17:32:53.396493 [debug] [Thread-4 (]: On model.bodega.tax_summary: Close
[0m17:32:53.396944 [debug] [Thread-2 (]: Sending event: {'category': 'dbt', 'action': 'run_model', 'label': '04a36993-97d9-4bb9-a47b-adfda7647df8', 'context': [<snowplow_tracker.self_describing_json.SelfDescribingJson object at 0x10c9c5050>]}
[0m17:32:53.397163 [debug] [Thread-3 (]: On test.bodega.not_null_spending_by_day_invoice_date.2509f75e93: Close
[0m17:32:53.397366 [debug] [Thread-1 (]: On test.bodega.not_null_category_spending_invoice_date.bb466ccf3a: Close
[0m17:32:53.397692 [debug] [Thread-4 (]: Sending event: {'category': 'dbt', 'action': 'run_model', 'label': '04a36993-97d9-4bb9-a47b-adfda7647df8', 'context': [<snowplow_tracker.self_describing_json.SelfDescribingJson object at 0x10bf3aeb0>]}
[0m17:32:53.397974 [info ] [Thread-2 (]: 6 of 12 OK created sql table model gold.bodega.top_products .................... [[32mOK[0m in 0.09s]
[0m17:32:53.398315 [info ] [Thread-3 (]: 9 of 12 PASS not_null_spending_by_day_invoice_date ............................. [[32mPASS[0m in 0.04s]
[0m17:32:53.398628 [info ] [Thread-1 (]: 10 of 12 PASS not_null_category_spending_invoice_date .......................... [[32mPASS[0m in 0.03s]
[0m17:32:53.398919 [info ] [Thread-4 (]: 5 of 12 OK created sql table model gold.bodega.tax_summary ..................... [[32mOK[0m in 0.09s]
[0m17:32:53.399217 [debug] [Thread-2 (]: Finished running node model.bodega.top_products
[0m17:32:53.399464 [debug] [Thread-3 (]: Finished running node test.bodega.not_null_spending_by_day_invoice_date.2509f75e93
[0m17:32:53.399700 [debug] [Thread-1 (]: Finished running node test.bodega.not_null_category_spending_invoice_date.bb466ccf3a
[0m17:32:53.399939 [debug] [Thread-4 (]: Finished running node model.bodega.tax_summary
[0m17:32:53.400268 [debug] [Thread-2 (]: Began running node test.bodega.not_null_top_products_description_clean.03adf210e6
[0m17:32:53.400538 [info ] [Thread-2 (]: 11 of 12 START test not_null_top_products_description_clean .................... [RUN]
[0m17:32:53.400790 [debug] [Thread-2 (]: Re-using an available connection from the pool (formerly model.bodega.top_products, now test.bodega.not_null_top_products_description_clean.03adf210e6)
[0m17:32:53.400978 [debug] [Thread-2 (]: Began compiling node test.bodega.not_null_top_products_description_clean.03adf210e6
[0m17:32:53.401167 [debug] [Thread-3 (]: Began running node test.bodega.not_null_tax_summary_month_start.2fd9eeda3c
[0m17:32:53.404474 [debug] [Thread-2 (]: Writing injected SQL for node "test.bodega.not_null_top_products_description_clean.03adf210e6"
[0m17:32:53.404705 [info ] [Thread-3 (]: 12 of 12 START test not_null_tax_summary_month_start ........................... [RUN]
[0m17:32:53.405024 [debug] [Thread-3 (]: Re-using an available connection from the pool (formerly test.bodega.not_null_spending_by_day_invoice_date.2509f75e93, now test.bodega.not_null_tax_summary_month_start.2fd9eeda3c)
[0m17:32:53.405258 [debug] [Thread-3 (]: Began compiling node test.bodega.not_null_tax_summary_month_start.2fd9eeda3c
[0m17:32:53.408580 [debug] [Thread-3 (]: Writing injected SQL for node "test.bodega.not_null_tax_summary_month_start.2fd9eeda3c"
[0m17:32:53.409015 [debug] [Thread-2 (]: Began executing node test.bodega.not_null_top_products_description_clean.03adf210e6
[0m17:32:53.409728 [debug] [Thread-2 (]: Writing runtime sql for node "test.bodega.not_null_top_products_description_clean.03adf210e6"
[0m17:32:53.409938 [debug] [Thread-3 (]: Began executing node test.bodega.not_null_tax_summary_month_start.2fd9eeda3c
[0m17:32:53.410601 [debug] [Thread-3 (]: Writing runtime sql for node "test.bodega.not_null_tax_summary_month_start.2fd9eeda3c"
[0m17:32:53.410929 [debug] [Thread-2 (]: Using duckdb connection "test.bodega.not_null_top_products_description_clean.03adf210e6"
[0m17:32:53.411123 [debug] [Thread-2 (]: On test.bodega.not_null_top_products_description_clean.03adf210e6: BEGIN
[0m17:32:53.411308 [debug] [Thread-3 (]: Using duckdb connection "test.bodega.not_null_tax_summary_month_start.2fd9eeda3c"
[0m17:32:53.411474 [debug] [Thread-2 (]: Opening a new connection, currently in state closed
[0m17:32:53.411645 [debug] [Thread-3 (]: On test.bodega.not_null_tax_summary_month_start.2fd9eeda3c: BEGIN
[0m17:32:53.411932 [debug] [Thread-3 (]: Opening a new connection, currently in state closed
[0m17:32:53.412157 [debug] [Thread-2 (]: SQL status: OK in 0.001 seconds
[0m17:32:53.412347 [debug] [Thread-2 (]: Using duckdb connection "test.bodega.not_null_top_products_description_clean.03adf210e6"
[0m17:32:53.412589 [debug] [Thread-2 (]: On test.bodega.not_null_top_products_description_clean.03adf210e6: /* {"app": "dbt", "dbt_version": "1.12.3", "profile_name": "bodega", "target_name": "local", "node_id": "test.bodega.not_null_top_products_description_clean.03adf210e6"} */

    
    select
      count(*) as failures,
      count(*) != 0 as should_warn,
      count(*) != 0 as should_error
    from (
      
    
  
    
    



select description_clean
from "gold"."bodega"."top_products"
where description_clean is null



  
  
      
    ) dbt_internal_test
[0m17:32:53.412789 [debug] [Thread-3 (]: SQL status: OK in 0.001 seconds
[0m17:32:53.413068 [debug] [Thread-3 (]: Using duckdb connection "test.bodega.not_null_tax_summary_month_start.2fd9eeda3c"
[0m17:32:53.413319 [debug] [Thread-3 (]: On test.bodega.not_null_tax_summary_month_start.2fd9eeda3c: /* {"app": "dbt", "dbt_version": "1.12.3", "profile_name": "bodega", "target_name": "local", "node_id": "test.bodega.not_null_tax_summary_month_start.2fd9eeda3c"} */

    
    select
      count(*) as failures,
      count(*) != 0 as should_warn,
      count(*) != 0 as should_error
    from (
      
    
  
    
    



select month_start
from "gold"."bodega"."tax_summary"
where month_start is null



  
  
      
    ) dbt_internal_test
[0m17:32:53.413638 [debug] [Thread-2 (]: SQL status: OK in 0.001 seconds
[0m17:32:53.413857 [debug] [Thread-3 (]: SQL status: OK in 0.000 seconds
[0m17:32:53.414675 [debug] [Thread-2 (]: On test.bodega.not_null_top_products_description_clean.03adf210e6: ROLLBACK
[0m17:32:53.415352 [debug] [Thread-3 (]: On test.bodega.not_null_tax_summary_month_start.2fd9eeda3c: ROLLBACK
[0m17:32:53.415632 [debug] [Thread-2 (]: On test.bodega.not_null_top_products_description_clean.03adf210e6: Close
[0m17:32:53.415827 [debug] [Thread-3 (]: On test.bodega.not_null_tax_summary_month_start.2fd9eeda3c: Close
[0m17:32:53.416133 [info ] [Thread-3 (]: 12 of 12 PASS not_null_tax_summary_month_start ................................. [[32mPASS[0m in 0.01s]
[0m17:32:53.416651 [debug] [Thread-3 (]: Finished running node test.bodega.not_null_tax_summary_month_start.2fd9eeda3c
[0m17:32:53.416428 [info ] [Thread-2 (]: 11 of 12 PASS not_null_top_products_description_clean .......................... [[32mPASS[0m in 0.02s]
[0m17:32:53.417009 [debug] [Thread-2 (]: Finished running node test.bodega.not_null_top_products_description_clean.03adf210e6
[0m17:32:53.417741 [debug] [MainThread]: Using duckdb connection "master"
[0m17:32:53.417911 [debug] [MainThread]: On master: BEGIN
[0m17:32:53.418049 [debug] [MainThread]: Opening a new connection, currently in state closed
[0m17:32:53.418291 [debug] [MainThread]: SQL status: OK in 0.000 seconds
[0m17:32:53.418441 [debug] [MainThread]: On master: COMMIT
[0m17:32:53.418579 [debug] [MainThread]: Using duckdb connection "master"
[0m17:32:53.418709 [debug] [MainThread]: On master: COMMIT
[0m17:32:53.418886 [debug] [MainThread]: SQL status: OK in 0.000 seconds
[0m17:32:53.419026 [debug] [MainThread]: On master: Close
[0m17:32:53.419213 [debug] [MainThread]: Connection 'master' was properly closed.
[0m17:32:53.419353 [debug] [MainThread]: Connection 'test.bodega.not_null_category_spending_invoice_date.bb466ccf3a' was properly closed.
[0m17:32:53.419485 [debug] [MainThread]: Connection 'test.bodega.not_null_top_products_description_clean.03adf210e6' was properly closed.
[0m17:32:53.419605 [debug] [MainThread]: Connection 'model.bodega.tax_summary' was properly closed.
[0m17:32:53.419723 [debug] [MainThread]: Connection 'test.bodega.not_null_tax_summary_month_start.2fd9eeda3c' was properly closed.
[0m17:32:53.419900 [info ] [MainThread]: 
[0m17:32:53.420065 [info ] [MainThread]: Finished running 6 table models, 6 data tests in 0 hours 0 minutes and 0.31 seconds (0.31s).
[0m17:32:53.421059 [debug] [MainThread]: Command end result
[0m17:32:53.442371 [debug] [MainThread]: Wrote artifact WritableManifest to /Users/alvarosantosandres/personal/datahub-local-ai/workflows/dbt/projects/bodega/target/manifest.json
[0m17:32:53.444100 [debug] [MainThread]: Wrote artifact SemanticManifest to /Users/alvarosantosandres/personal/datahub-local-ai/workflows/dbt/projects/bodega/target/semantic_manifest.json
[0m17:32:53.446308 [debug] [MainThread]: Wrote artifact OsiDocument to /Users/alvarosantosandres/personal/datahub-local-ai/workflows/dbt/projects/bodega/target/osi_document.json
[0m17:32:53.450174 [debug] [MainThread]: Wrote artifact RunExecutionResult to /Users/alvarosantosandres/personal/datahub-local-ai/workflows/dbt/projects/bodega/target/run_results.json
[0m17:32:53.450367 [info ] [MainThread]: 
[0m17:32:53.450560 [info ] [MainThread]: [32mCompleted successfully[0m
[0m17:32:53.450716 [info ] [MainThread]: 
[0m17:32:53.450888 [info ] [MainThread]: Done. PASS=12 WARN=0 ERROR=0 SKIP=0 NO-OP=0 REUSED=0 TOTAL=12
[0m17:32:53.451232 [debug] [MainThread]: Resource report: {"command_name": "build", "command_success": true, "command_wall_clock_time": 0.89933664, "process_in_blocks": "0", "process_kernel_time": 0.255483, "process_mem_max_rss": "183844864", "process_out_blocks": "0", "process_user_time": 1.507064}
[0m17:32:53.451487 [debug] [MainThread]: Command `cli build` succeeded at 17:32:53.451448 after 0.90 seconds
[0m17:32:53.451695 [debug] [MainThread]: Sending event: {'category': 'dbt', 'action': 'invocation', 'label': 'end', 'context': [<snowplow_tracker.self_describing_json.SelfDescribingJson object at 0x10bbee3f0>, <snowplow_tracker.self_describing_json.SelfDescribingJson object at 0x10c176b10>, <snowplow_tracker.self_describing_json.SelfDescribingJson object at 0x10cb47590>]}
[0m17:32:53.451880 [debug] [MainThread]: Flushing usage events
[0m17:32:54.773977 [debug] [MainThread]: An error was encountered while trying to flush usage events
[0m17:32:56.133093 [debug] [MainThread]: Sending event: {'category': 'dbt', 'action': 'invocation', 'label': 'start', 'context': [<snowplow_tracker.self_describing_json.SelfDescribingJson object at 0x10cae9940>, <snowplow_tracker.self_describing_json.SelfDescribingJson object at 0x110a93890>, <snowplow_tracker.self_describing_json.SelfDescribingJson object at 0x110a939d0>]}


============================== 17:32:56.136906 | 861332f2-2786-48c5-9374-aebfe23c33bc ==============================
[0m17:32:56.136906 [info ] [MainThread]: Running with dbt=1.12.3
[0m17:32:56.137307 [debug] [MainThread]: running dbt with arguments {'profiles_dir': '/Users/alvarosantosandres/personal/datahub-local-ai/workflows/dbt/projects/bodega', 'target_path': 'None', 'indirect_selection': 'eager', 'printer_width': '80', 'warn_error_options': 'WarnErrorOptionsV2(error=[], warn=[], silence=[])', 'warn_error': 'None', 'partial_parse': 'True', 'log_path': '/Users/alvarosantosandres/personal/datahub-local-ai/workflows/dbt/projects/bodega/logs', 'send_anonymous_usage_stats': 'True', 'static_parser': 'True', 'fail_fast': 'False', 'hints_enabled': 'True', 'invocation_command': 'dbt tests/ --ignore=tests/example_db/test_integration.py -q', 'debug': 'False', 'empty': 'None', 'write_json': 'True', 'use_colors': 'True', 'quiet': 'False', 'use_experimental_parser': 'False', 'no_print': 'None', 'introspect': 'True', 'version_check': 'True', 'log_cache_events': 'False', 'log_format': 'default', 'maximum_seed_size_mib': '1', 'cache_selected_only': 'False'}
[0m17:32:56.264297 [debug] [MainThread]: Sending event: {'category': 'dbt', 'action': 'project_id', 'label': '861332f2-2786-48c5-9374-aebfe23c33bc', 'context': [<snowplow_tracker.self_describing_json.SelfDescribingJson object at 0x10ce1a190>]}
[0m17:32:56.309679 [debug] [MainThread]: Sending event: {'category': 'dbt', 'action': 'adapter_info', 'label': '861332f2-2786-48c5-9374-aebfe23c33bc', 'context': [<snowplow_tracker.self_describing_json.SelfDescribingJson object at 0x110c59d00>]}
[0m17:32:56.311398 [info ] [MainThread]: Registered adapter: duckdb=1.11.0
[0m17:32:56.387617 [debug] [MainThread]: checksum: 59a249011856ecdb0c0125045551a53b65cd388a4d7d6d24b99b9f67da16e401, vars: {}, profile: bodega, target: local, version: 1.12.3
[0m17:32:56.461486 [debug] [MainThread]: Partial parsing enabled: 0 files deleted, 0 files added, 0 files changed.
[0m17:32:56.461778 [debug] [MainThread]: Nothing changed, skipping partial parsing.
[0m17:32:56.461945 [debug] [MainThread]: Partial parsing enabled, no changes found, skipping parsing
[0m17:32:56.468196 [debug] [MainThread]: Sending event: {'category': 'dbt', 'action': 'load_project', 'label': '861332f2-2786-48c5-9374-aebfe23c33bc', 'context': [<snowplow_tracker.self_describing_json.SelfDescribingJson object at 0x111070050>]}
[0m17:32:56.470154 [info ] [MainThread]: Performance info: /Users/alvarosantosandres/personal/datahub-local-ai/workflows/dbt/projects/bodega/target/perf_info.json
[0m17:32:56.547450 [debug] [MainThread]: Wrote artifact WritableManifest to /Users/alvarosantosandres/personal/datahub-local-ai/workflows/dbt/projects/bodega/target/manifest.json
[0m17:32:56.549525 [debug] [MainThread]: Wrote artifact SemanticManifest to /Users/alvarosantosandres/personal/datahub-local-ai/workflows/dbt/projects/bodega/target/semantic_manifest.json
[0m17:32:56.558975 [debug] [MainThread]: Wrote artifact OsiDocument to /Users/alvarosantosandres/personal/datahub-local-ai/workflows/dbt/projects/bodega/target/osi_document.json
[0m17:32:56.559498 [debug] [MainThread]: Resource report: {"command_name": "parse", "command_success": true, "command_wall_clock_time": 0.5089566, "process_in_blocks": "0", "process_kernel_time": 0.333894, "process_mem_max_rss": "177651712", "process_out_blocks": "0", "process_user_time": 1.337217}
[0m17:32:56.559790 [debug] [MainThread]: Command `cli parse` succeeded at 17:32:56.559738 after 0.51 seconds
[0m17:32:56.560008 [debug] [MainThread]: Sending event: {'category': 'dbt', 'action': 'invocation', 'label': 'end', 'context': [<snowplow_tracker.self_describing_json.SelfDescribingJson object at 0x110bd15e0>, <snowplow_tracker.self_describing_json.SelfDescribingJson object at 0x11136c7d0>, <snowplow_tracker.self_describing_json.SelfDescribingJson object at 0x110a9be70>]}
[0m17:32:56.560204 [debug] [MainThread]: Flushing usage events
[0m17:32:57.089057 [debug] [MainThread]: An error was encountered while trying to flush usage events
